ISO-10303-21;
HEADER;
/* Generated by software containing ST-Developer
 * from STEP Tools, Inc. (www.steptools.com) 
 */
/* OPTION: using custom renumber hook */

FILE_DESCRIPTION(
/* description */ ('STEP AP242',
'CAx-IF Rec.Pracs.---Representation and Presentation of Product Manufa
cturing Information (PMI)---4.0---2014-10-13',
'CAx-IF Rec.Pracs.---3D Tessellated Geometry---0.4---2014-09-14','2;1'),

/* implementation_level */ '2;1');

FILE_NAME(
/* name */ '68ca2143aec419725e835a2b',
/* time_stamp */ '2025-09-17T02:47:32Z',
/* author */ (''),
/* organization */ (''),
/* preprocessor_version */ 'ST-DEVELOPER v20',
/* originating_system */ 'ONSHAPE BY PTC INC, 1.203',
/* authorisation */ '  ');

FILE_SCHEMA (('AP242_MANAGED_MODEL_BASED_3D_ENGINEERING_MIM_LF { 1 0 10303 442 1 1 4 }'));
ENDSEC;

DATA;
#10=DRAUGHTING_PRE_DEFINED_COLOUR('black');
#11=SHAPE_REPRESENTATION_RELATIONSHIP('','',#7945,#60);
#12=SHAPE_REPRESENTATION_RELATIONSHIP('','',#7946,#61);
#13=SHAPE_REPRESENTATION_RELATIONSHIP('','',#7947,#62);
#14=SHAPE_REPRESENTATION_RELATIONSHIP('','',#7948,#63);
#15=SHAPE_REPRESENTATION_RELATIONSHIP('','',#7949,#64);
#16=SHAPE_REPRESENTATION_RELATIONSHIP('','',#7950,#65);
#17=SHAPE_REPRESENTATION_RELATIONSHIP('','',#7951,#66);
#18=SHAPE_REPRESENTATION_RELATIONSHIP('','',#7952,#67);
#19=SHAPE_REPRESENTATION_RELATIONSHIP('','',#7953,#68);
#20=SHAPE_REPRESENTATION_RELATIONSHIP('','',#7954,#69);
#21=SHAPE_REPRESENTATION_RELATIONSHIP('','',#7955,#70);
#22=SHAPE_REPRESENTATION_RELATIONSHIP('','',#7956,#71);
#23=SHAPE_REPRESENTATION_RELATIONSHIP('','',#7957,#72);
#24=SHAPE_REPRESENTATION_RELATIONSHIP('','',#7958,#73);
#25=SHAPE_REPRESENTATION_RELATIONSHIP('','',#7959,#74);
#26=SHAPE_REPRESENTATION_RELATIONSHIP('','',#7960,#75);
#27=SHAPE_REPRESENTATION_RELATIONSHIP('','',#7961,#76);
#28=SHAPE_REPRESENTATION_RELATIONSHIP('','',#7962,#77);
#29=SHAPE_REPRESENTATION_RELATIONSHIP('','',#7963,#78);
#30=SHAPE_REPRESENTATION_RELATIONSHIP('','',#7964,#79);
#31=SHAPE_REPRESENTATION_RELATIONSHIP('','',#7965,#80);
#32=SHAPE_REPRESENTATION_RELATIONSHIP('','',#7966,#81);
#33=SHAPE_REPRESENTATION_RELATIONSHIP('','',#7967,#82);
#34=SHAPE_REPRESENTATION_RELATIONSHIP('','',#7968,#83);
#35=SHAPE_REPRESENTATION_RELATIONSHIP('','',#7969,#84);
#36=SHAPE_REPRESENTATION_RELATIONSHIP('','',#7970,#85);
#37=SHAPE_REPRESENTATION_RELATIONSHIP('','',#7971,#86);
#38=SHAPE_REPRESENTATION_RELATIONSHIP('','',#7972,#87);
#39=SHAPE_REPRESENTATION_RELATIONSHIP('','',#7973,#88);
#40=SHAPE_REPRESENTATION_RELATIONSHIP('','',#7974,#89);
#41=SHAPE_REPRESENTATION_RELATIONSHIP('','',#7975,#90);
#42=SHAPE_REPRESENTATION_RELATIONSHIP('','',#7976,#91);
#43=SHAPE_REPRESENTATION_RELATIONSHIP('','',#7977,#92);
#44=SHAPE_REPRESENTATION_RELATIONSHIP('','',#7978,#93);
#45=SHAPE_REPRESENTATION_RELATIONSHIP('','',#7979,#94);
#46=SHAPE_REPRESENTATION_RELATIONSHIP('','',#7980,#95);
#47=SHAPE_REPRESENTATION_RELATIONSHIP('','',#7981,#96);
#48=SHAPE_REPRESENTATION_RELATIONSHIP('','',#7982,#97);
#49=SHAPE_REPRESENTATION_RELATIONSHIP('','',#7983,#98);
#50=SHAPE_REPRESENTATION_RELATIONSHIP('','',#7984,#99);
#51=SHAPE_REPRESENTATION_RELATIONSHIP('','',#7985,#100);
#52=SHAPE_REPRESENTATION_RELATIONSHIP('','',#7986,#101);
#53=SHAPE_REPRESENTATION_RELATIONSHIP('','',#7987,#102);
#54=SHAPE_REPRESENTATION_RELATIONSHIP('','',#7988,#103);
#55=SHAPE_REPRESENTATION_RELATIONSHIP('','',#7989,#104);
#56=SHAPE_REPRESENTATION_RELATIONSHIP('','',#7990,#105);
#57=SHAPE_REPRESENTATION_RELATIONSHIP('','',#7991,#106);
#58=SHAPE_REPRESENTATION_RELATIONSHIP('','',#7992,#107);
#59=SHAPE_REPRESENTATION_RELATIONSHIP('','',#7993,#108);
#60=ADVANCED_BREP_SHAPE_REPRESENTATION('',(#7847),#13017);
#61=ADVANCED_BREP_SHAPE_REPRESENTATION('',(#7848),#13018);
#62=ADVANCED_BREP_SHAPE_REPRESENTATION('',(#7849),#13019);
#63=ADVANCED_BREP_SHAPE_REPRESENTATION('',(#7850),#13020);
#64=ADVANCED_BREP_SHAPE_REPRESENTATION('',(#7851),#13021);
#65=ADVANCED_BREP_SHAPE_REPRESENTATION('',(#7852),#13022);
#66=ADVANCED_BREP_SHAPE_REPRESENTATION('',(#7853),#13023);
#67=ADVANCED_BREP_SHAPE_REPRESENTATION('',(#7854),#13024);
#68=ADVANCED_BREP_SHAPE_REPRESENTATION('',(#7855),#13025);
#69=ADVANCED_BREP_SHAPE_REPRESENTATION('',(#7856),#13026);
#70=ADVANCED_BREP_SHAPE_REPRESENTATION('',(#7857),#13027);
#71=ADVANCED_BREP_SHAPE_REPRESENTATION('',(#7858),#13028);
#72=ADVANCED_BREP_SHAPE_REPRESENTATION('',(#7859),#13029);
#73=ADVANCED_BREP_SHAPE_REPRESENTATION('',(#7860),#13030);
#74=ADVANCED_BREP_SHAPE_REPRESENTATION('',(#7861),#13031);
#75=ADVANCED_BREP_SHAPE_REPRESENTATION('',(#7862),#13032);
#76=ADVANCED_BREP_SHAPE_REPRESENTATION('',(#7863),#13033);
#77=ADVANCED_BREP_SHAPE_REPRESENTATION('',(#7864),#13034);
#78=ADVANCED_BREP_SHAPE_REPRESENTATION('',(#7865),#13035);
#79=ADVANCED_BREP_SHAPE_REPRESENTATION('',(#7866),#13036);
#80=ADVANCED_BREP_SHAPE_REPRESENTATION('',(#7867),#13037);
#81=ADVANCED_BREP_SHAPE_REPRESENTATION('',(#7868),#13038);
#82=ADVANCED_BREP_SHAPE_REPRESENTATION('',(#7869),#13039);
#83=ADVANCED_BREP_SHAPE_REPRESENTATION('',(#7870),#13040);
#84=ADVANCED_BREP_SHAPE_REPRESENTATION('',(#7871),#13041);
#85=ADVANCED_BREP_SHAPE_REPRESENTATION('',(#7872),#13042);
#86=ADVANCED_BREP_SHAPE_REPRESENTATION('',(#7873),#13043);
#87=ADVANCED_BREP_SHAPE_REPRESENTATION('',(#7874),#13044);
#88=ADVANCED_BREP_SHAPE_REPRESENTATION('',(#7875),#13045);
#89=ADVANCED_BREP_SHAPE_REPRESENTATION('',(#7876),#13046);
#90=ADVANCED_BREP_SHAPE_REPRESENTATION('',(#7877),#13047);
#91=ADVANCED_BREP_SHAPE_REPRESENTATION('',(#7878),#13048);
#92=ADVANCED_BREP_SHAPE_REPRESENTATION('',(#7879),#13049);
#93=ADVANCED_BREP_SHAPE_REPRESENTATION('',(#7880),#13050);
#94=ADVANCED_BREP_SHAPE_REPRESENTATION('',(#7881),#13051);
#95=ADVANCED_BREP_SHAPE_REPRESENTATION('',(#7882),#13052);
#96=ADVANCED_BREP_SHAPE_REPRESENTATION('',(#7883),#13053);
#97=ADVANCED_BREP_SHAPE_REPRESENTATION('',(#7884),#13054);
#98=ADVANCED_BREP_SHAPE_REPRESENTATION('',(#7885),#13055);
#99=ADVANCED_BREP_SHAPE_REPRESENTATION('',(#7886),#13056);
#100=ADVANCED_BREP_SHAPE_REPRESENTATION('',(#7887),#13057);
#101=ADVANCED_BREP_SHAPE_REPRESENTATION('',(#7888),#13058);
#102=ADVANCED_BREP_SHAPE_REPRESENTATION('',(#7889),#13059);
#103=ADVANCED_BREP_SHAPE_REPRESENTATION('',(#7890),#13060);
#104=ADVANCED_BREP_SHAPE_REPRESENTATION('',(#7891),#13061);
#105=ADVANCED_BREP_SHAPE_REPRESENTATION('',(#7892),#13062);
#106=ADVANCED_BREP_SHAPE_REPRESENTATION('',(#7893),#13063);
#107=ADVANCED_BREP_SHAPE_REPRESENTATION('',(#7894),#13064);
#108=ADVANCED_BREP_SHAPE_REPRESENTATION('',(#7895),#13065);
#109=B_SPLINE_SURFACE_WITH_KNOTS('',3,1,((#10770,#10771),(#10772,#10773),
(#10774,#10775),(#10776,#10777)),.SURF_OF_LINEAR_EXTRUSION.,.F.,.F.,.F.,
(4,4),(2,2),(0.,1.),(0.,1.),.PIECEWISE_BEZIER_KNOTS.);
#110=B_SPLINE_SURFACE_WITH_KNOTS('',3,1,((#10842,#10843),(#10844,#10845),
(#10846,#10847),(#10848,#10849)),.SURF_OF_LINEAR_EXTRUSION.,.F.,.F.,.F.,
(4,4),(2,2),(0.,1.),(0.,1.),.PIECEWISE_BEZIER_KNOTS.);
#111=B_SPLINE_SURFACE_WITH_KNOTS('',3,1,((#10883,#10884),(#10885,#10886),
(#10887,#10888),(#10889,#10890)),.SURF_OF_LINEAR_EXTRUSION.,.F.,.F.,.F.,
(4,4),(2,2),(0.,1.),(0.,1.),.PIECEWISE_BEZIER_KNOTS.);
#112=B_SPLINE_SURFACE_WITH_KNOTS('',3,1,((#12626,#12627),(#12628,#12629),
(#12630,#12631),(#12632,#12633)),.SURF_OF_LINEAR_EXTRUSION.,.F.,.F.,.F.,
(4,4),(2,2),(0.,1.),(0.,1.),.PIECEWISE_BEZIER_KNOTS.);
#113=B_SPLINE_SURFACE_WITH_KNOTS('',3,1,((#12657,#12658),(#12659,#12660),
(#12661,#12662),(#12663,#12664)),.SURF_OF_LINEAR_EXTRUSION.,.F.,.F.,.F.,
(4,4),(2,2),(0.,1.),(0.,1.),.PIECEWISE_BEZIER_KNOTS.);
#114=B_SPLINE_SURFACE_WITH_KNOTS('',3,1,((#12687,#12688),(#12689,#12690),
(#12691,#12692),(#12693,#12694)),.SURF_OF_LINEAR_EXTRUSION.,.F.,.F.,.F.,
(4,4),(2,2),(0.,1.),(0.,1.),.PIECEWISE_BEZIER_KNOTS.);
#115=B_SPLINE_SURFACE_WITH_KNOTS('',3,1,((#12703,#12704),(#12705,#12706),
(#12707,#12708),(#12709,#12710)),.SURF_OF_LINEAR_EXTRUSION.,.F.,.F.,.F.,
(4,4),(2,2),(0.,1.),(0.,1.),.PIECEWISE_BEZIER_KNOTS.);
#116=B_SPLINE_SURFACE_WITH_KNOTS('',3,1,((#12853,#12854),(#12855,#12856),
(#12857,#12858),(#12859,#12860)),.SURF_OF_LINEAR_EXTRUSION.,.F.,.F.,.F.,
(4,4),(2,2),(0.,1.),(0.,1.),.PIECEWISE_BEZIER_KNOTS.);
#117=B_SPLINE_SURFACE_WITH_KNOTS('',3,1,((#12880,#12881),(#12882,#12883),
(#12884,#12885),(#12886,#12887)),.SURF_OF_LINEAR_EXTRUSION.,.F.,.F.,.F.,
(4,4),(2,2),(0.,1.),(0.,1.),.PIECEWISE_BEZIER_KNOTS.);
#118=B_SPLINE_SURFACE_WITH_KNOTS('',3,1,((#12905,#12906),(#12907,#12908),
(#12909,#12910),(#12911,#12912)),.SURF_OF_LINEAR_EXTRUSION.,.F.,.F.,.F.,
(4,4),(2,2),(0.,1.),(0.,1.),.PIECEWISE_BEZIER_KNOTS.);
#119=CYLINDRICAL_SURFACE('',#8003,0.000452815007488672);
#120=CYLINDRICAL_SURFACE('',#8005,0.000359357895782176);
#121=CYLINDRICAL_SURFACE('',#8007,0.00040409891806498);
#122=CYLINDRICAL_SURFACE('',#8009,0.00074995743665011);
#123=CYLINDRICAL_SURFACE('',#8011,0.000674472702474584);
#124=CYLINDRICAL_SURFACE('',#8013,0.000396573928098826);
#125=CYLINDRICAL_SURFACE('',#8015,0.000402742963378904);
#126=CYLINDRICAL_SURFACE('',#8037,0.00052801791277003);
#127=CYLINDRICAL_SURFACE('',#8039,0.000799612114860549);
#128=CYLINDRICAL_SURFACE('',#8041,0.00171212231565416);
#129=CYLINDRICAL_SURFACE('',#8043,0.000857148979335357);
#130=CYLINDRICAL_SURFACE('',#8045,0.00051290398757399);
#131=CYLINDRICAL_SURFACE('',#8047,0.000534376994670246);
#132=CYLINDRICAL_SURFACE('',#8049,0.000600800558067948);
#133=CYLINDRICAL_SURFACE('',#8051,0.000502629352555734);
#134=CYLINDRICAL_SURFACE('',#8053,0.000825545339392308);
#135=CYLINDRICAL_SURFACE('',#8055,0.00173149557124954);
#136=CYLINDRICAL_SURFACE('',#8057,0.000838814198793869);
#137=CYLINDRICAL_SURFACE('',#8059,0.000532810680272139);
#138=CYLINDRICAL_SURFACE('',#8061,0.000520510576243502);
#139=CYLINDRICAL_SURFACE('',#8063,0.000580196852995803);
#140=CYLINDRICAL_SURFACE('',#8125,0.000475);
#141=CYLINDRICAL_SURFACE('',#8128,0.001);
#142=CYLINDRICAL_SURFACE('',#8144,0.000475);
#143=CYLINDRICAL_SURFACE('',#8154,0.000475);
#144=CYLINDRICAL_SURFACE('',#8164,0.000475);
#145=CYLINDRICAL_SURFACE('',#8181,0.000475);
#146=CYLINDRICAL_SURFACE('',#8294,0.000475);
#147=CYLINDRICAL_SURFACE('',#8297,0.001);
#148=CYLINDRICAL_SURFACE('',#8313,0.000475);
#149=CYLINDRICAL_SURFACE('',#8330,0.000475);
#150=CYLINDRICAL_SURFACE('',#8362,0.000475);
#151=CYLINDRICAL_SURFACE('',#8390,0.000475);
#152=CYLINDRICAL_SURFACE('',#8517,0.000475);
#153=CYLINDRICAL_SURFACE('',#8518,0.000475);
#154=CYLINDRICAL_SURFACE('',#8519,0.000475);
#155=CYLINDRICAL_SURFACE('',#8520,0.000475);
#156=CYLINDRICAL_SURFACE('',#8521,0.000475);
#157=CYLINDRICAL_SURFACE('',#8522,0.00174058460072922);
#158=CYLINDRICAL_SURFACE('',#8523,0.0017259865047573);
#159=CYLINDRICAL_SURFACE('',#8524,0.00111417229453731);
#160=CYLINDRICAL_SURFACE('',#8525,0.000923970893504857);
#161=CYLINDRICAL_SURFACE('',#8526,0.000987929105053199);
#162=CYLINDRICAL_SURFACE('',#8527,0.000988396201560273);
#163=CYLINDRICAL_SURFACE('',#8528,0.000923291742892936);
#164=CYLINDRICAL_SURFACE('',#8529,0.00111417229452054);
#165=CYLINDRICAL_SURFACE('',#8530,0.00174058460072953);
#166=CYLINDRICAL_SURFACE('',#8531,0.00111272316719956);
#167=CYLINDRICAL_SURFACE('',#8532,0.000905797743619237);
#168=CYLINDRICAL_SURFACE('',#8533,0.00100552686920612);
#169=CYLINDRICAL_SURFACE('',#8534,0.00100505480872129);
#170=CYLINDRICAL_SURFACE('',#8535,0.000906430774114815);
#171=CYLINDRICAL_SURFACE('',#8536,0.00111272316721841);
#172=CYLINDRICAL_SURFACE('',#8540,0.00073417347628717);
#173=CYLINDRICAL_SURFACE('',#8541,0.000668174628551552);
#174=CYLINDRICAL_SURFACE('',#8542,0.000779079346495773);
#175=CYLINDRICAL_SURFACE('',#8543,0.000834720654860354);
#176=CYLINDRICAL_SURFACE('',#8544,0.00099130771944045);
#177=CYLINDRICAL_SURFACE('',#8552,0.00122376792871781);
#178=CYLINDRICAL_SURFACE('',#8553,0.00107229954018063);
#179=CYLINDRICAL_SURFACE('',#8554,0.00112318458704376);
#180=CYLINDRICAL_SURFACE('',#8558,0.00139012191346129);
#181=CYLINDRICAL_SURFACE('',#8559,0.00100103680229595);
#182=CYLINDRICAL_SURFACE('',#8560,0.00111417211224712);
#183=CYLINDRICAL_SURFACE('',#8561,0.000848305076356364);
#184=CYLINDRICAL_SURFACE('',#8562,0.00128926585934263);
#185=CYLINDRICAL_SURFACE('',#8597,0.00127151209984209);
#186=CYLINDRICAL_SURFACE('',#8599,0.000640982563770317);
#187=CYLINDRICAL_SURFACE('',#8601,0.000750783642608899);
#188=CYLINDRICAL_SURFACE('',#8609,0.0003);
#189=CYLINDRICAL_SURFACE('',#8613,0.0003);
#190=CYLINDRICAL_SURFACE('',#8617,0.0003);
#191=CYLINDRICAL_SURFACE('',#8621,0.0003);
#192=CIRCLE('',#7996,0.000402742963378904);
#193=CIRCLE('',#7997,0.000396573928098826);
#194=CIRCLE('',#7998,0.000674472702474584);
#195=CIRCLE('',#7999,0.00074995743665011);
#196=CIRCLE('',#8000,0.00040409891806498);
#197=CIRCLE('',#8001,0.000359357895782176);
#198=CIRCLE('',#8002,0.000452815007488672);
#199=CIRCLE('',#8004,0.000452815007488672);
#200=CIRCLE('',#8006,0.000359357895782176);
#201=CIRCLE('',#8008,0.00040409891806498);
#202=CIRCLE('',#8010,0.00074995743665011);
#203=CIRCLE('',#8012,0.000674472702474584);
#204=CIRCLE('',#8014,0.000396573928098826);
#205=CIRCLE('',#8016,0.000402742963378904);
#206=CIRCLE('',#8023,0.000580196852995803);
#207=CIRCLE('',#8024,0.000520510576243502);
#208=CIRCLE('',#8025,0.000532810680272139);
#209=CIRCLE('',#8026,0.000838814198793869);
#210=CIRCLE('',#8027,0.00173149557124954);
#211=CIRCLE('',#8028,0.000825545339392308);
#212=CIRCLE('',#8029,0.000502629352555734);
#213=CIRCLE('',#8030,0.000600800558067948);
#214=CIRCLE('',#8031,0.000534376994670246);
#215=CIRCLE('',#8032,0.00051290398757399);
#216=CIRCLE('',#8033,0.000857148979335357);
#217=CIRCLE('',#8034,0.00171212231565416);
#218=CIRCLE('',#8035,0.000799612114860549);
#219=CIRCLE('',#8036,0.00052801791277003);
#220=CIRCLE('',#8038,0.00052801791277003);
#221=CIRCLE('',#8040,0.000799612114860549);
#222=CIRCLE('',#8042,0.00171212231565416);
#223=CIRCLE('',#8044,0.000857148979335357);
#224=CIRCLE('',#8046,0.00051290398757399);
#225=CIRCLE('',#8048,0.000534376994670246);
#226=CIRCLE('',#8050,0.000600800558067948);
#227=CIRCLE('',#8052,0.000502629352555734);
#228=CIRCLE('',#8054,0.000825545339392308);
#229=CIRCLE('',#8056,0.00173149557124954);
#230=CIRCLE('',#8058,0.000838814198793869);
#231=CIRCLE('',#8060,0.000532810680272139);
#232=CIRCLE('',#8062,0.000520510576243502);
#233=CIRCLE('',#8064,0.000580196852995803);
#234=CIRCLE('',#8126,0.000475);
#235=CIRCLE('',#8127,0.000475);
#236=CIRCLE('',#8129,0.001);
#237=CIRCLE('',#8130,0.001);
#238=CIRCLE('',#8145,0.000475);
#239=CIRCLE('',#8146,0.000475);
#240=CIRCLE('',#8155,0.000475);
#241=CIRCLE('',#8156,0.000475);
#242=CIRCLE('',#8165,0.000475);
#243=CIRCLE('',#8166,0.000475);
#244=CIRCLE('',#8182,0.000475);
#245=CIRCLE('',#8183,0.000475);
#246=CIRCLE('',#8295,0.000475);
#247=CIRCLE('',#8296,0.000475);
#248=CIRCLE('',#8298,0.001);
#249=CIRCLE('',#8299,0.001);
#250=CIRCLE('',#8314,0.000475);
#251=CIRCLE('',#8315,0.000475);
#252=CIRCLE('',#8331,0.000475);
#253=CIRCLE('',#8332,0.000475);
#254=CIRCLE('',#8363,0.000475);
#255=CIRCLE('',#8364,0.000475);
#256=CIRCLE('',#8391,0.000475);
#257=CIRCLE('',#8392,0.000475);
#258=CIRCLE('',#8446,0.00099130771944045);
#259=CIRCLE('',#8447,0.000834720654860354);
#260=CIRCLE('',#8448,0.000779079346495773);
#261=CIRCLE('',#8449,0.000668174628551552);
#262=CIRCLE('',#8450,0.00073417347628717);
#263=CIRCLE('',#8451,0.000475);
#264=CIRCLE('',#8452,0.000475);
#265=CIRCLE('',#8453,0.000475);
#266=CIRCLE('',#8454,0.000475);
#267=CIRCLE('',#8455,0.000475);
#268=CIRCLE('',#8456,0.0017259865047573);
#269=CIRCLE('',#8457,0.00174058460072922);
#270=CIRCLE('',#8458,0.00111272316721841);
#271=CIRCLE('',#8459,0.000906430774114815);
#272=CIRCLE('',#8460,0.00100505480872129);
#273=CIRCLE('',#8461,0.00100552686920612);
#274=CIRCLE('',#8462,0.000905797743619237);
#275=CIRCLE('',#8463,0.00111272316719956);
#276=CIRCLE('',#8464,0.00174058460072953);
#277=CIRCLE('',#8465,0.00111417229452054);
#278=CIRCLE('',#8466,0.000923291742892936);
#279=CIRCLE('',#8467,0.000988396201560273);
#280=CIRCLE('',#8468,0.000987929105053199);
#281=CIRCLE('',#8469,0.000923970893504857);
#282=CIRCLE('',#8470,0.00111417229453731);
#283=CIRCLE('',#8471,0.00122376792871781);
#284=CIRCLE('',#8472,0.00128926585934263);
#285=CIRCLE('',#8473,0.000848305076356364);
#286=CIRCLE('',#8474,0.00111417211224712);
#287=CIRCLE('',#8475,0.00100103680229595);
#288=CIRCLE('',#8476,0.00139012191346129);
#289=CIRCLE('',#8477,0.00112318458704376);
#290=CIRCLE('',#8478,0.00107229954018063);
#291=CIRCLE('',#8480,0.00122376792871781);
#292=CIRCLE('',#8481,0.00107229954018063);
#293=CIRCLE('',#8482,0.00112318458704376);
#294=CIRCLE('',#8483,0.00139012191346129);
#295=CIRCLE('',#8484,0.00100103680229595);
#296=CIRCLE('',#8485,0.00111417211224712);
#297=CIRCLE('',#8486,0.000848305076356364);
#298=CIRCLE('',#8487,0.00128926585934263);
#299=CIRCLE('',#8488,0.00174058460072922);
#300=CIRCLE('',#8489,0.0017259865047573);
#301=CIRCLE('',#8490,0.00111417229453731);
#302=CIRCLE('',#8491,0.000923970893504857);
#303=CIRCLE('',#8492,0.000987929105053199);
#304=CIRCLE('',#8493,0.000988396201560273);
#305=CIRCLE('',#8494,0.000923291742892936);
#306=CIRCLE('',#8495,0.00111417229452054);
#307=CIRCLE('',#8496,0.00174058460072953);
#308=CIRCLE('',#8497,0.00111272316719956);
#309=CIRCLE('',#8498,0.000905797743619237);
#310=CIRCLE('',#8499,0.00100552686920612);
#311=CIRCLE('',#8500,0.00100505480872129);
#312=CIRCLE('',#8501,0.000906430774114815);
#313=CIRCLE('',#8502,0.00111272316721841);
#314=CIRCLE('',#8503,0.000475);
#315=CIRCLE('',#8504,0.000475);
#316=CIRCLE('',#8505,0.000475);
#317=CIRCLE('',#8506,0.000475);
#318=CIRCLE('',#8507,0.000475);
#319=CIRCLE('',#8508,0.00073417347628717);
#320=CIRCLE('',#8509,0.000668174628551552);
#321=CIRCLE('',#8510,0.000779079346495773);
#322=CIRCLE('',#8511,0.000834720654860354);
#323=CIRCLE('',#8512,0.00099130771944045);
#324=CIRCLE('',#8594,0.000750783642608899);
#325=CIRCLE('',#8595,0.000640982563770317);
#326=CIRCLE('',#8596,0.00127151209984209);
#327=CIRCLE('',#8598,0.00127151209984209);
#328=CIRCLE('',#8600,0.000640982563770317);
#329=CIRCLE('',#8602,0.000750783642608899);
#330=CIRCLE('',#8610,0.0003);
#331=CIRCLE('',#8611,0.0003);
#332=CIRCLE('',#8614,0.0003);
#333=CIRCLE('',#8615,0.0003);
#334=CIRCLE('',#8618,0.0003);
#335=CIRCLE('',#8619,0.0003);
#336=CIRCLE('',#8622,0.0003);
#337=CIRCLE('',#8623,0.0003);
#338=B_SPLINE_CURVE_WITH_KNOTS('',2,(#10723,#10724,#10725),
 .UNSPECIFIED.,.F.,.F.,(3,3),(0.,1.),.PIECEWISE_BEZIER_KNOTS.);
#339=B_SPLINE_CURVE_WITH_KNOTS('',2,(#10780,#10781,#10782),
 .UNSPECIFIED.,.F.,.F.,(3,3),(0.,1.),.PIECEWISE_BEZIER_KNOTS.);
#340=B_SPLINE_CURVE_WITH_KNOTS('',2,(#10807,#10808,#10809),
 .UNSPECIFIED.,.F.,.F.,(3,3),(0.,1.),.PIECEWISE_BEZIER_KNOTS.);
#341=B_SPLINE_CURVE_WITH_KNOTS('',2,(#10825,#10826,#10827),
 .UNSPECIFIED.,.F.,.F.,(3,3),(0.,1.),.PIECEWISE_BEZIER_KNOTS.);
#342=B_SPLINE_CURVE_WITH_KNOTS('',2,(#10852,#10853,#10854),
 .UNSPECIFIED.,.F.,.F.,(3,3),(0.,1.),.PIECEWISE_BEZIER_KNOTS.);
#343=B_SPLINE_CURVE_WITH_KNOTS('',2,(#10893,#10894,#10895),
 .UNSPECIFIED.,.F.,.F.,(3,3),(0.,1.),.PIECEWISE_BEZIER_KNOTS.);
#344=B_SPLINE_CURVE_WITH_KNOTS('',2,(#12346,#12347,#12348),
 .UNSPECIFIED.,.F.,.F.,(3,3),(0.,1.),.PIECEWISE_BEZIER_KNOTS.);
#345=B_SPLINE_CURVE_WITH_KNOTS('',2,(#12390,#12391,#12392),
 .UNSPECIFIED.,.F.,.F.,(3,3),(0.,1.),.PIECEWISE_BEZIER_KNOTS.);
#346=B_SPLINE_CURVE_WITH_KNOTS('',2,(#12408,#12409,#12410),
 .UNSPECIFIED.,.F.,.F.,(3,3),(0.,1.),.PIECEWISE_BEZIER_KNOTS.);
#347=B_SPLINE_CURVE_WITH_KNOTS('',2,(#12428,#12429,#12430),
 .UNSPECIFIED.,.F.,.F.,(3,3),(0.,1.),.PIECEWISE_BEZIER_KNOTS.);
#348=B_SPLINE_CURVE_WITH_KNOTS('',2,(#12458,#12459,#12460),
 .UNSPECIFIED.,.F.,.F.,(3,3),(0.,1.),.PIECEWISE_BEZIER_KNOTS.);
#349=B_SPLINE_CURVE_WITH_KNOTS('',2,(#12469,#12470,#12471),
 .UNSPECIFIED.,.F.,.F.,(3,3),(0.,1.),.PIECEWISE_BEZIER_KNOTS.);
#350=B_SPLINE_CURVE_WITH_KNOTS('',2,(#12505,#12506,#12507),
 .UNSPECIFIED.,.F.,.F.,(3,3),(0.,1.),.PIECEWISE_BEZIER_KNOTS.);
#351=B_SPLINE_CURVE_WITH_KNOTS('',2,(#12549,#12550,#12551),
 .UNSPECIFIED.,.F.,.F.,(3,3),(0.,1.),.PIECEWISE_BEZIER_KNOTS.);
#352=B_SPLINE_CURVE_WITH_KNOTS('',2,(#12829,#12830,#12831),
 .UNSPECIFIED.,.F.,.F.,(3,3),(0.,1.),.PIECEWISE_BEZIER_KNOTS.);
#353=B_SPLINE_CURVE_WITH_KNOTS('',2,(#12840,#12841,#12842),
 .UNSPECIFIED.,.F.,.F.,(3,3),(0.,1.),.PIECEWISE_BEZIER_KNOTS.);
#354=B_SPLINE_CURVE_WITH_KNOTS('',2,(#12850,#12851,#12852),
 .UNSPECIFIED.,.F.,.F.,(3,3),(0.,1.),.PIECEWISE_BEZIER_KNOTS.);
#355=B_SPLINE_CURVE_WITH_KNOTS('',2,(#12863,#12864,#12865),
 .UNSPECIFIED.,.F.,.F.,(3,3),(0.,1.),.PIECEWISE_BEZIER_KNOTS.);
#356=B_SPLINE_CURVE_WITH_KNOTS('',2,(#12890,#12891,#12892),
 .UNSPECIFIED.,.F.,.F.,(3,3),(0.,1.),.PIECEWISE_BEZIER_KNOTS.);
#357=B_SPLINE_CURVE_WITH_KNOTS('',2,(#12913,#12914,#12915),
 .UNSPECIFIED.,.F.,.F.,(3,3),(0.,1.),.PIECEWISE_BEZIER_KNOTS.);
#358=ORIENTED_EDGE('',*,*,#2338,.F.);
#359=ORIENTED_EDGE('',*,*,#2339,.F.);
#360=ORIENTED_EDGE('',*,*,#2340,.F.);
#361=ORIENTED_EDGE('',*,*,#2341,.F.);
#362=ORIENTED_EDGE('',*,*,#2342,.F.);
#363=ORIENTED_EDGE('',*,*,#2343,.F.);
#364=ORIENTED_EDGE('',*,*,#2344,.F.);
#365=ORIENTED_EDGE('',*,*,#2345,.F.);
#366=ORIENTED_EDGE('',*,*,#2346,.F.);
#367=ORIENTED_EDGE('',*,*,#2347,.F.);
#368=ORIENTED_EDGE('',*,*,#2348,.F.);
#369=ORIENTED_EDGE('',*,*,#2348,.T.);
#370=ORIENTED_EDGE('',*,*,#2349,.T.);
#371=ORIENTED_EDGE('',*,*,#2350,.F.);
#372=ORIENTED_EDGE('',*,*,#2351,.F.);
#373=ORIENTED_EDGE('',*,*,#2347,.T.);
#374=ORIENTED_EDGE('',*,*,#2352,.T.);
#375=ORIENTED_EDGE('',*,*,#2353,.F.);
#376=ORIENTED_EDGE('',*,*,#2349,.F.);
#377=ORIENTED_EDGE('',*,*,#2346,.T.);
#378=ORIENTED_EDGE('',*,*,#2354,.T.);
#379=ORIENTED_EDGE('',*,*,#2355,.F.);
#380=ORIENTED_EDGE('',*,*,#2352,.F.);
#381=ORIENTED_EDGE('',*,*,#2345,.T.);
#382=ORIENTED_EDGE('',*,*,#2356,.T.);
#383=ORIENTED_EDGE('',*,*,#2357,.F.);
#384=ORIENTED_EDGE('',*,*,#2354,.F.);
#385=ORIENTED_EDGE('',*,*,#2344,.T.);
#386=ORIENTED_EDGE('',*,*,#2358,.T.);
#387=ORIENTED_EDGE('',*,*,#2359,.F.);
#388=ORIENTED_EDGE('',*,*,#2356,.F.);
#389=ORIENTED_EDGE('',*,*,#2343,.T.);
#390=ORIENTED_EDGE('',*,*,#2360,.T.);
#391=ORIENTED_EDGE('',*,*,#2361,.F.);
#392=ORIENTED_EDGE('',*,*,#2358,.F.);
#393=ORIENTED_EDGE('',*,*,#2342,.T.);
#394=ORIENTED_EDGE('',*,*,#2362,.T.);
#395=ORIENTED_EDGE('',*,*,#2363,.F.);
#396=ORIENTED_EDGE('',*,*,#2360,.F.);
#397=ORIENTED_EDGE('',*,*,#2341,.T.);
#398=ORIENTED_EDGE('',*,*,#2364,.T.);
#399=ORIENTED_EDGE('',*,*,#2365,.F.);
#400=ORIENTED_EDGE('',*,*,#2362,.F.);
#401=ORIENTED_EDGE('',*,*,#2340,.T.);
#402=ORIENTED_EDGE('',*,*,#2366,.T.);
#403=ORIENTED_EDGE('',*,*,#2367,.F.);
#404=ORIENTED_EDGE('',*,*,#2364,.F.);
#405=ORIENTED_EDGE('',*,*,#2339,.T.);
#406=ORIENTED_EDGE('',*,*,#2368,.T.);
#407=ORIENTED_EDGE('',*,*,#2369,.F.);
#408=ORIENTED_EDGE('',*,*,#2366,.F.);
#409=ORIENTED_EDGE('',*,*,#2338,.T.);
#410=ORIENTED_EDGE('',*,*,#2351,.T.);
#411=ORIENTED_EDGE('',*,*,#2370,.F.);
#412=ORIENTED_EDGE('',*,*,#2368,.F.);
#413=ORIENTED_EDGE('',*,*,#2369,.T.);
#414=ORIENTED_EDGE('',*,*,#2370,.T.);
#415=ORIENTED_EDGE('',*,*,#2350,.T.);
#416=ORIENTED_EDGE('',*,*,#2353,.T.);
#417=ORIENTED_EDGE('',*,*,#2355,.T.);
#418=ORIENTED_EDGE('',*,*,#2357,.T.);
#419=ORIENTED_EDGE('',*,*,#2359,.T.);
#420=ORIENTED_EDGE('',*,*,#2361,.T.);
#421=ORIENTED_EDGE('',*,*,#2363,.T.);
#422=ORIENTED_EDGE('',*,*,#2365,.T.);
#423=ORIENTED_EDGE('',*,*,#2367,.T.);
#424=ORIENTED_EDGE('',*,*,#2371,.F.);
#425=ORIENTED_EDGE('',*,*,#2372,.F.);
#426=ORIENTED_EDGE('',*,*,#2373,.F.);
#427=ORIENTED_EDGE('',*,*,#2374,.F.);
#428=ORIENTED_EDGE('',*,*,#2375,.F.);
#429=ORIENTED_EDGE('',*,*,#2376,.F.);
#430=ORIENTED_EDGE('',*,*,#2377,.F.);
#431=ORIENTED_EDGE('',*,*,#2378,.F.);
#432=ORIENTED_EDGE('',*,*,#2379,.F.);
#433=ORIENTED_EDGE('',*,*,#2380,.F.);
#434=ORIENTED_EDGE('',*,*,#2381,.F.);
#435=ORIENTED_EDGE('',*,*,#2382,.F.);
#436=ORIENTED_EDGE('',*,*,#2383,.F.);
#437=ORIENTED_EDGE('',*,*,#2384,.F.);
#438=ORIENTED_EDGE('',*,*,#2385,.F.);
#439=ORIENTED_EDGE('',*,*,#2386,.F.);
#440=ORIENTED_EDGE('',*,*,#2386,.T.);
#441=ORIENTED_EDGE('',*,*,#2387,.T.);
#442=ORIENTED_EDGE('',*,*,#2388,.F.);
#443=ORIENTED_EDGE('',*,*,#2389,.F.);
#444=ORIENTED_EDGE('',*,*,#2385,.T.);
#445=ORIENTED_EDGE('',*,*,#2390,.T.);
#446=ORIENTED_EDGE('',*,*,#2391,.F.);
#447=ORIENTED_EDGE('',*,*,#2387,.F.);
#448=ORIENTED_EDGE('',*,*,#2384,.T.);
#449=ORIENTED_EDGE('',*,*,#2392,.T.);
#450=ORIENTED_EDGE('',*,*,#2393,.F.);
#451=ORIENTED_EDGE('',*,*,#2390,.F.);
#452=ORIENTED_EDGE('',*,*,#2383,.T.);
#453=ORIENTED_EDGE('',*,*,#2394,.T.);
#454=ORIENTED_EDGE('',*,*,#2395,.F.);
#455=ORIENTED_EDGE('',*,*,#2392,.F.);
#456=ORIENTED_EDGE('',*,*,#2382,.T.);
#457=ORIENTED_EDGE('',*,*,#2396,.T.);
#458=ORIENTED_EDGE('',*,*,#2397,.F.);
#459=ORIENTED_EDGE('',*,*,#2394,.F.);
#460=ORIENTED_EDGE('',*,*,#2381,.T.);
#461=ORIENTED_EDGE('',*,*,#2398,.T.);
#462=ORIENTED_EDGE('',*,*,#2399,.F.);
#463=ORIENTED_EDGE('',*,*,#2396,.F.);
#464=ORIENTED_EDGE('',*,*,#2380,.T.);
#465=ORIENTED_EDGE('',*,*,#2400,.T.);
#466=ORIENTED_EDGE('',*,*,#2401,.F.);
#467=ORIENTED_EDGE('',*,*,#2398,.F.);
#468=ORIENTED_EDGE('',*,*,#2379,.T.);
#469=ORIENTED_EDGE('',*,*,#2402,.T.);
#470=ORIENTED_EDGE('',*,*,#2403,.F.);
#471=ORIENTED_EDGE('',*,*,#2400,.F.);
#472=ORIENTED_EDGE('',*,*,#2378,.T.);
#473=ORIENTED_EDGE('',*,*,#2404,.T.);
#474=ORIENTED_EDGE('',*,*,#2405,.F.);
#475=ORIENTED_EDGE('',*,*,#2402,.F.);
#476=ORIENTED_EDGE('',*,*,#2377,.T.);
#477=ORIENTED_EDGE('',*,*,#2406,.T.);
#478=ORIENTED_EDGE('',*,*,#2407,.F.);
#479=ORIENTED_EDGE('',*,*,#2404,.F.);
#480=ORIENTED_EDGE('',*,*,#2376,.T.);
#481=ORIENTED_EDGE('',*,*,#2408,.T.);
#482=ORIENTED_EDGE('',*,*,#2409,.F.);
#483=ORIENTED_EDGE('',*,*,#2406,.F.);
#484=ORIENTED_EDGE('',*,*,#2375,.T.);
#485=ORIENTED_EDGE('',*,*,#2410,.T.);
#486=ORIENTED_EDGE('',*,*,#2411,.F.);
#487=ORIENTED_EDGE('',*,*,#2408,.F.);
#488=ORIENTED_EDGE('',*,*,#2374,.T.);
#489=ORIENTED_EDGE('',*,*,#2412,.T.);
#490=ORIENTED_EDGE('',*,*,#2413,.F.);
#491=ORIENTED_EDGE('',*,*,#2410,.F.);
#492=ORIENTED_EDGE('',*,*,#2373,.T.);
#493=ORIENTED_EDGE('',*,*,#2414,.T.);
#494=ORIENTED_EDGE('',*,*,#2415,.F.);
#495=ORIENTED_EDGE('',*,*,#2412,.F.);
#496=ORIENTED_EDGE('',*,*,#2372,.T.);
#497=ORIENTED_EDGE('',*,*,#2416,.T.);
#498=ORIENTED_EDGE('',*,*,#2417,.F.);
#499=ORIENTED_EDGE('',*,*,#2414,.F.);
#500=ORIENTED_EDGE('',*,*,#2371,.T.);
#501=ORIENTED_EDGE('',*,*,#2389,.T.);
#502=ORIENTED_EDGE('',*,*,#2418,.F.);
#503=ORIENTED_EDGE('',*,*,#2416,.F.);
#504=ORIENTED_EDGE('',*,*,#2417,.T.);
#505=ORIENTED_EDGE('',*,*,#2418,.T.);
#506=ORIENTED_EDGE('',*,*,#2388,.T.);
#507=ORIENTED_EDGE('',*,*,#2391,.T.);
#508=ORIENTED_EDGE('',*,*,#2393,.T.);
#509=ORIENTED_EDGE('',*,*,#2395,.T.);
#510=ORIENTED_EDGE('',*,*,#2397,.T.);
#511=ORIENTED_EDGE('',*,*,#2399,.T.);
#512=ORIENTED_EDGE('',*,*,#2401,.T.);
#513=ORIENTED_EDGE('',*,*,#2403,.T.);
#514=ORIENTED_EDGE('',*,*,#2405,.T.);
#515=ORIENTED_EDGE('',*,*,#2407,.T.);
#516=ORIENTED_EDGE('',*,*,#2409,.T.);
#517=ORIENTED_EDGE('',*,*,#2411,.T.);
#518=ORIENTED_EDGE('',*,*,#2413,.T.);
#519=ORIENTED_EDGE('',*,*,#2415,.T.);
#520=ORIENTED_EDGE('',*,*,#2419,.T.);
#521=ORIENTED_EDGE('',*,*,#2420,.F.);
#522=ORIENTED_EDGE('',*,*,#2421,.F.);
#523=ORIENTED_EDGE('',*,*,#2422,.T.);
#524=ORIENTED_EDGE('',*,*,#2423,.F.);
#525=ORIENTED_EDGE('',*,*,#2422,.F.);
#526=ORIENTED_EDGE('',*,*,#2424,.T.);
#527=ORIENTED_EDGE('',*,*,#2425,.T.);
#528=ORIENTED_EDGE('',*,*,#2426,.T.);
#529=ORIENTED_EDGE('',*,*,#2425,.F.);
#530=ORIENTED_EDGE('',*,*,#2427,.F.);
#531=ORIENTED_EDGE('',*,*,#2428,.T.);
#532=ORIENTED_EDGE('',*,*,#2429,.T.);
#533=ORIENTED_EDGE('',*,*,#2428,.F.);
#534=ORIENTED_EDGE('',*,*,#2430,.F.);
#535=ORIENTED_EDGE('',*,*,#2431,.T.);
#536=ORIENTED_EDGE('',*,*,#2432,.F.);
#537=ORIENTED_EDGE('',*,*,#2431,.F.);
#538=ORIENTED_EDGE('',*,*,#2433,.T.);
#539=ORIENTED_EDGE('',*,*,#2434,.T.);
#540=ORIENTED_EDGE('',*,*,#2435,.T.);
#541=ORIENTED_EDGE('',*,*,#2434,.F.);
#542=ORIENTED_EDGE('',*,*,#2436,.F.);
#543=ORIENTED_EDGE('',*,*,#2437,.T.);
#544=ORIENTED_EDGE('',*,*,#2438,.T.);
#545=ORIENTED_EDGE('',*,*,#2437,.F.);
#546=ORIENTED_EDGE('',*,*,#2439,.F.);
#547=ORIENTED_EDGE('',*,*,#2440,.T.);
#548=ORIENTED_EDGE('',*,*,#2441,.F.);
#549=ORIENTED_EDGE('',*,*,#2440,.F.);
#550=ORIENTED_EDGE('',*,*,#2442,.T.);
#551=ORIENTED_EDGE('',*,*,#2420,.T.);
#552=ORIENTED_EDGE('',*,*,#2421,.T.);
#553=ORIENTED_EDGE('',*,*,#2442,.F.);
#554=ORIENTED_EDGE('',*,*,#2439,.T.);
#555=ORIENTED_EDGE('',*,*,#2436,.T.);
#556=ORIENTED_EDGE('',*,*,#2433,.F.);
#557=ORIENTED_EDGE('',*,*,#2430,.T.);
#558=ORIENTED_EDGE('',*,*,#2427,.T.);
#559=ORIENTED_EDGE('',*,*,#2424,.F.);
#560=ORIENTED_EDGE('',*,*,#2419,.F.);
#561=ORIENTED_EDGE('',*,*,#2423,.T.);
#562=ORIENTED_EDGE('',*,*,#2426,.F.);
#563=ORIENTED_EDGE('',*,*,#2429,.F.);
#564=ORIENTED_EDGE('',*,*,#2432,.T.);
#565=ORIENTED_EDGE('',*,*,#2435,.F.);
#566=ORIENTED_EDGE('',*,*,#2438,.F.);
#567=ORIENTED_EDGE('',*,*,#2441,.T.);
#568=ORIENTED_EDGE('',*,*,#2443,.F.);
#569=ORIENTED_EDGE('',*,*,#2444,.T.);
#570=ORIENTED_EDGE('',*,*,#2445,.T.);
#571=ORIENTED_EDGE('',*,*,#2446,.T.);
#572=ORIENTED_EDGE('',*,*,#2447,.F.);
#573=ORIENTED_EDGE('',*,*,#2448,.T.);
#574=ORIENTED_EDGE('',*,*,#2443,.T.);
#575=ORIENTED_EDGE('',*,*,#2449,.T.);
#576=ORIENTED_EDGE('',*,*,#2450,.F.);
#577=ORIENTED_EDGE('',*,*,#2451,.T.);
#578=ORIENTED_EDGE('',*,*,#2447,.T.);
#579=ORIENTED_EDGE('',*,*,#2452,.T.);
#580=ORIENTED_EDGE('',*,*,#2445,.F.);
#581=ORIENTED_EDGE('',*,*,#2453,.T.);
#582=ORIENTED_EDGE('',*,*,#2450,.T.);
#583=ORIENTED_EDGE('',*,*,#2454,.T.);
#584=ORIENTED_EDGE('',*,*,#2455,.T.);
#585=ORIENTED_EDGE('',*,*,#2456,.T.);
#586=ORIENTED_EDGE('',*,*,#2457,.T.);
#587=ORIENTED_EDGE('',*,*,#2458,.T.);
#588=ORIENTED_EDGE('',*,*,#2459,.T.);
#589=ORIENTED_EDGE('',*,*,#2460,.T.);
#590=ORIENTED_EDGE('',*,*,#2461,.T.);
#591=ORIENTED_EDGE('',*,*,#2462,.T.);
#592=ORIENTED_EDGE('',*,*,#2463,.F.);
#593=ORIENTED_EDGE('',*,*,#2458,.F.);
#594=ORIENTED_EDGE('',*,*,#2464,.F.);
#595=ORIENTED_EDGE('',*,*,#2448,.F.);
#596=ORIENTED_EDGE('',*,*,#2464,.T.);
#597=ORIENTED_EDGE('',*,*,#2457,.F.);
#598=ORIENTED_EDGE('',*,*,#2465,.F.);
#599=ORIENTED_EDGE('',*,*,#2444,.F.);
#600=ORIENTED_EDGE('',*,*,#2463,.T.);
#601=ORIENTED_EDGE('',*,*,#2451,.F.);
#602=ORIENTED_EDGE('',*,*,#2466,.F.);
#603=ORIENTED_EDGE('',*,*,#2455,.F.);
#604=ORIENTED_EDGE('',*,*,#2465,.T.);
#605=ORIENTED_EDGE('',*,*,#2456,.F.);
#606=ORIENTED_EDGE('',*,*,#2466,.T.);
#607=ORIENTED_EDGE('',*,*,#2453,.F.);
#608=ORIENTED_EDGE('',*,*,#2467,.F.);
#609=ORIENTED_EDGE('',*,*,#2449,.F.);
#610=ORIENTED_EDGE('',*,*,#2468,.F.);
#611=ORIENTED_EDGE('',*,*,#2462,.F.);
#612=ORIENTED_EDGE('',*,*,#2468,.T.);
#613=ORIENTED_EDGE('',*,*,#2446,.F.);
#614=ORIENTED_EDGE('',*,*,#2469,.F.);
#615=ORIENTED_EDGE('',*,*,#2459,.F.);
#616=ORIENTED_EDGE('',*,*,#2467,.T.);
#617=ORIENTED_EDGE('',*,*,#2461,.F.);
#618=ORIENTED_EDGE('',*,*,#2470,.F.);
#619=ORIENTED_EDGE('',*,*,#2452,.F.);
#620=ORIENTED_EDGE('',*,*,#2469,.T.);
#621=ORIENTED_EDGE('',*,*,#2454,.F.);
#622=ORIENTED_EDGE('',*,*,#2470,.T.);
#623=ORIENTED_EDGE('',*,*,#2460,.F.);
#624=ORIENTED_EDGE('',*,*,#2471,.T.);
#625=ORIENTED_EDGE('',*,*,#2472,.F.);
#626=ORIENTED_EDGE('',*,*,#2473,.F.);
#627=ORIENTED_EDGE('',*,*,#2474,.T.);
#628=ORIENTED_EDGE('',*,*,#2475,.F.);
#629=ORIENTED_EDGE('',*,*,#2474,.F.);
#630=ORIENTED_EDGE('',*,*,#2476,.T.);
#631=ORIENTED_EDGE('',*,*,#2477,.T.);
#632=ORIENTED_EDGE('',*,*,#2478,.T.);
#633=ORIENTED_EDGE('',*,*,#2477,.F.);
#634=ORIENTED_EDGE('',*,*,#2479,.F.);
#635=ORIENTED_EDGE('',*,*,#2480,.T.);
#636=ORIENTED_EDGE('',*,*,#2481,.T.);
#637=ORIENTED_EDGE('',*,*,#2480,.F.);
#638=ORIENTED_EDGE('',*,*,#2482,.F.);
#639=ORIENTED_EDGE('',*,*,#2483,.T.);
#640=ORIENTED_EDGE('',*,*,#2484,.F.);
#641=ORIENTED_EDGE('',*,*,#2483,.F.);
#642=ORIENTED_EDGE('',*,*,#2485,.T.);
#643=ORIENTED_EDGE('',*,*,#2486,.T.);
#644=ORIENTED_EDGE('',*,*,#2487,.T.);
#645=ORIENTED_EDGE('',*,*,#2486,.F.);
#646=ORIENTED_EDGE('',*,*,#2488,.F.);
#647=ORIENTED_EDGE('',*,*,#2489,.T.);
#648=ORIENTED_EDGE('',*,*,#2490,.T.);
#649=ORIENTED_EDGE('',*,*,#2489,.F.);
#650=ORIENTED_EDGE('',*,*,#2491,.F.);
#651=ORIENTED_EDGE('',*,*,#2492,.T.);
#652=ORIENTED_EDGE('',*,*,#2493,.F.);
#653=ORIENTED_EDGE('',*,*,#2492,.F.);
#654=ORIENTED_EDGE('',*,*,#2494,.T.);
#655=ORIENTED_EDGE('',*,*,#2472,.T.);
#656=ORIENTED_EDGE('',*,*,#2473,.T.);
#657=ORIENTED_EDGE('',*,*,#2494,.F.);
#658=ORIENTED_EDGE('',*,*,#2491,.T.);
#659=ORIENTED_EDGE('',*,*,#2488,.T.);
#660=ORIENTED_EDGE('',*,*,#2485,.F.);
#661=ORIENTED_EDGE('',*,*,#2482,.T.);
#662=ORIENTED_EDGE('',*,*,#2479,.T.);
#663=ORIENTED_EDGE('',*,*,#2476,.F.);
#664=ORIENTED_EDGE('',*,*,#2471,.F.);
#665=ORIENTED_EDGE('',*,*,#2475,.T.);
#666=ORIENTED_EDGE('',*,*,#2478,.F.);
#667=ORIENTED_EDGE('',*,*,#2481,.F.);
#668=ORIENTED_EDGE('',*,*,#2484,.T.);
#669=ORIENTED_EDGE('',*,*,#2487,.F.);
#670=ORIENTED_EDGE('',*,*,#2490,.F.);
#671=ORIENTED_EDGE('',*,*,#2493,.T.);
#672=ORIENTED_EDGE('',*,*,#2495,.T.);
#673=ORIENTED_EDGE('',*,*,#2496,.F.);
#674=ORIENTED_EDGE('',*,*,#2497,.F.);
#675=ORIENTED_EDGE('',*,*,#2498,.T.);
#676=ORIENTED_EDGE('',*,*,#2499,.T.);
#677=ORIENTED_EDGE('',*,*,#2500,.F.);
#678=ORIENTED_EDGE('',*,*,#2501,.F.);
#679=ORIENTED_EDGE('',*,*,#2496,.T.);
#680=ORIENTED_EDGE('',*,*,#2502,.F.);
#681=ORIENTED_EDGE('',*,*,#2503,.F.);
#682=ORIENTED_EDGE('',*,*,#2504,.T.);
#683=ORIENTED_EDGE('',*,*,#2500,.T.);
#684=ORIENTED_EDGE('',*,*,#2505,.F.);
#685=ORIENTED_EDGE('',*,*,#2498,.F.);
#686=ORIENTED_EDGE('',*,*,#2506,.T.);
#687=ORIENTED_EDGE('',*,*,#2503,.T.);
#688=ORIENTED_EDGE('',*,*,#2497,.T.);
#689=ORIENTED_EDGE('',*,*,#2501,.T.);
#690=ORIENTED_EDGE('',*,*,#2504,.F.);
#691=ORIENTED_EDGE('',*,*,#2506,.F.);
#692=ORIENTED_EDGE('',*,*,#2495,.F.);
#693=ORIENTED_EDGE('',*,*,#2505,.T.);
#694=ORIENTED_EDGE('',*,*,#2502,.T.);
#695=ORIENTED_EDGE('',*,*,#2499,.F.);
#696=ORIENTED_EDGE('',*,*,#2507,.F.);
#697=ORIENTED_EDGE('',*,*,#2508,.F.);
#698=ORIENTED_EDGE('',*,*,#2509,.T.);
#699=ORIENTED_EDGE('',*,*,#2510,.T.);
#700=ORIENTED_EDGE('',*,*,#2511,.T.);
#701=ORIENTED_EDGE('',*,*,#2512,.F.);
#702=ORIENTED_EDGE('',*,*,#2513,.F.);
#703=ORIENTED_EDGE('',*,*,#2508,.T.);
#704=ORIENTED_EDGE('',*,*,#2514,.T.);
#705=ORIENTED_EDGE('',*,*,#2515,.F.);
#706=ORIENTED_EDGE('',*,*,#2516,.F.);
#707=ORIENTED_EDGE('',*,*,#2512,.T.);
#708=ORIENTED_EDGE('',*,*,#2517,.F.);
#709=ORIENTED_EDGE('',*,*,#2510,.F.);
#710=ORIENTED_EDGE('',*,*,#2518,.T.);
#711=ORIENTED_EDGE('',*,*,#2515,.T.);
#712=ORIENTED_EDGE('',*,*,#2509,.F.);
#713=ORIENTED_EDGE('',*,*,#2513,.T.);
#714=ORIENTED_EDGE('',*,*,#2516,.T.);
#715=ORIENTED_EDGE('',*,*,#2518,.F.);
#716=ORIENTED_EDGE('',*,*,#2507,.T.);
#717=ORIENTED_EDGE('',*,*,#2517,.T.);
#718=ORIENTED_EDGE('',*,*,#2514,.F.);
#719=ORIENTED_EDGE('',*,*,#2511,.F.);
#720=ORIENTED_EDGE('',*,*,#2519,.F.);
#721=ORIENTED_EDGE('',*,*,#2520,.F.);
#722=ORIENTED_EDGE('',*,*,#2521,.T.);
#723=ORIENTED_EDGE('',*,*,#2522,.T.);
#724=ORIENTED_EDGE('',*,*,#2523,.T.);
#725=ORIENTED_EDGE('',*,*,#2524,.F.);
#726=ORIENTED_EDGE('',*,*,#2525,.F.);
#727=ORIENTED_EDGE('',*,*,#2520,.T.);
#728=ORIENTED_EDGE('',*,*,#2526,.T.);
#729=ORIENTED_EDGE('',*,*,#2527,.F.);
#730=ORIENTED_EDGE('',*,*,#2528,.F.);
#731=ORIENTED_EDGE('',*,*,#2524,.T.);
#732=ORIENTED_EDGE('',*,*,#2529,.F.);
#733=ORIENTED_EDGE('',*,*,#2522,.F.);
#734=ORIENTED_EDGE('',*,*,#2530,.T.);
#735=ORIENTED_EDGE('',*,*,#2527,.T.);
#736=ORIENTED_EDGE('',*,*,#2521,.F.);
#737=ORIENTED_EDGE('',*,*,#2525,.T.);
#738=ORIENTED_EDGE('',*,*,#2528,.T.);
#739=ORIENTED_EDGE('',*,*,#2530,.F.);
#740=ORIENTED_EDGE('',*,*,#2519,.T.);
#741=ORIENTED_EDGE('',*,*,#2529,.T.);
#742=ORIENTED_EDGE('',*,*,#2526,.F.);
#743=ORIENTED_EDGE('',*,*,#2523,.F.);
#744=ORIENTED_EDGE('',*,*,#2531,.F.);
#745=ORIENTED_EDGE('',*,*,#2532,.T.);
#746=ORIENTED_EDGE('',*,*,#2533,.T.);
#747=ORIENTED_EDGE('',*,*,#2534,.F.);
#748=ORIENTED_EDGE('',*,*,#2531,.T.);
#749=ORIENTED_EDGE('',*,*,#2533,.F.);
#750=ORIENTED_EDGE('',*,*,#2532,.F.);
#751=ORIENTED_EDGE('',*,*,#2534,.T.);
#752=ORIENTED_EDGE('',*,*,#2535,.F.);
#753=ORIENTED_EDGE('',*,*,#2536,.F.);
#754=ORIENTED_EDGE('',*,*,#2537,.T.);
#755=ORIENTED_EDGE('',*,*,#2538,.T.);
#756=ORIENTED_EDGE('',*,*,#2539,.F.);
#757=ORIENTED_EDGE('',*,*,#2540,.F.);
#758=ORIENTED_EDGE('',*,*,#2541,.T.);
#759=ORIENTED_EDGE('',*,*,#2536,.T.);
#760=ORIENTED_EDGE('',*,*,#2542,.T.);
#761=ORIENTED_EDGE('',*,*,#2543,.F.);
#762=ORIENTED_EDGE('',*,*,#2544,.F.);
#763=ORIENTED_EDGE('',*,*,#2540,.T.);
#764=ORIENTED_EDGE('',*,*,#2545,.T.);
#765=ORIENTED_EDGE('',*,*,#2538,.F.);
#766=ORIENTED_EDGE('',*,*,#2546,.F.);
#767=ORIENTED_EDGE('',*,*,#2543,.T.);
#768=ORIENTED_EDGE('',*,*,#2537,.F.);
#769=ORIENTED_EDGE('',*,*,#2541,.F.);
#770=ORIENTED_EDGE('',*,*,#2544,.T.);
#771=ORIENTED_EDGE('',*,*,#2546,.T.);
#772=ORIENTED_EDGE('',*,*,#2535,.T.);
#773=ORIENTED_EDGE('',*,*,#2545,.F.);
#774=ORIENTED_EDGE('',*,*,#2542,.F.);
#775=ORIENTED_EDGE('',*,*,#2539,.T.);
#776=ORIENTED_EDGE('',*,*,#2547,.T.);
#777=ORIENTED_EDGE('',*,*,#2548,.F.);
#778=ORIENTED_EDGE('',*,*,#2549,.F.);
#779=ORIENTED_EDGE('',*,*,#2550,.T.);
#780=ORIENTED_EDGE('',*,*,#2551,.F.);
#781=ORIENTED_EDGE('',*,*,#2550,.F.);
#782=ORIENTED_EDGE('',*,*,#2552,.T.);
#783=ORIENTED_EDGE('',*,*,#2553,.T.);
#784=ORIENTED_EDGE('',*,*,#2554,.F.);
#785=ORIENTED_EDGE('',*,*,#2553,.F.);
#786=ORIENTED_EDGE('',*,*,#2555,.T.);
#787=ORIENTED_EDGE('',*,*,#2556,.T.);
#788=ORIENTED_EDGE('',*,*,#2557,.F.);
#789=ORIENTED_EDGE('',*,*,#2558,.T.);
#790=ORIENTED_EDGE('',*,*,#2559,.T.);
#791=ORIENTED_EDGE('',*,*,#2556,.F.);
#792=ORIENTED_EDGE('',*,*,#2560,.F.);
#793=ORIENTED_EDGE('',*,*,#2548,.T.);
#794=ORIENTED_EDGE('',*,*,#2557,.T.);
#795=ORIENTED_EDGE('',*,*,#2549,.T.);
#796=ORIENTED_EDGE('',*,*,#2560,.T.);
#797=ORIENTED_EDGE('',*,*,#2555,.F.);
#798=ORIENTED_EDGE('',*,*,#2552,.F.);
#799=ORIENTED_EDGE('',*,*,#2558,.F.);
#800=ORIENTED_EDGE('',*,*,#2547,.F.);
#801=ORIENTED_EDGE('',*,*,#2551,.T.);
#802=ORIENTED_EDGE('',*,*,#2554,.T.);
#803=ORIENTED_EDGE('',*,*,#2559,.F.);
#804=ORIENTED_EDGE('',*,*,#2561,.T.);
#805=ORIENTED_EDGE('',*,*,#2562,.F.);
#806=ORIENTED_EDGE('',*,*,#2563,.F.);
#807=ORIENTED_EDGE('',*,*,#2564,.T.);
#808=ORIENTED_EDGE('',*,*,#2565,.F.);
#809=ORIENTED_EDGE('',*,*,#2564,.F.);
#810=ORIENTED_EDGE('',*,*,#2566,.T.);
#811=ORIENTED_EDGE('',*,*,#2567,.T.);
#812=ORIENTED_EDGE('',*,*,#2568,.F.);
#813=ORIENTED_EDGE('',*,*,#2567,.F.);
#814=ORIENTED_EDGE('',*,*,#2569,.T.);
#815=ORIENTED_EDGE('',*,*,#2570,.T.);
#816=ORIENTED_EDGE('',*,*,#2571,.F.);
#817=ORIENTED_EDGE('',*,*,#2572,.T.);
#818=ORIENTED_EDGE('',*,*,#2573,.T.);
#819=ORIENTED_EDGE('',*,*,#2570,.F.);
#820=ORIENTED_EDGE('',*,*,#2574,.F.);
#821=ORIENTED_EDGE('',*,*,#2562,.T.);
#822=ORIENTED_EDGE('',*,*,#2571,.T.);
#823=ORIENTED_EDGE('',*,*,#2563,.T.);
#824=ORIENTED_EDGE('',*,*,#2574,.T.);
#825=ORIENTED_EDGE('',*,*,#2569,.F.);
#826=ORIENTED_EDGE('',*,*,#2566,.F.);
#827=ORIENTED_EDGE('',*,*,#2572,.F.);
#828=ORIENTED_EDGE('',*,*,#2561,.F.);
#829=ORIENTED_EDGE('',*,*,#2565,.T.);
#830=ORIENTED_EDGE('',*,*,#2568,.T.);
#831=ORIENTED_EDGE('',*,*,#2573,.F.);
#832=ORIENTED_EDGE('',*,*,#2575,.T.);
#833=ORIENTED_EDGE('',*,*,#2576,.F.);
#834=ORIENTED_EDGE('',*,*,#2577,.F.);
#835=ORIENTED_EDGE('',*,*,#2578,.T.);
#836=ORIENTED_EDGE('',*,*,#2579,.F.);
#837=ORIENTED_EDGE('',*,*,#2578,.F.);
#838=ORIENTED_EDGE('',*,*,#2580,.T.);
#839=ORIENTED_EDGE('',*,*,#2581,.T.);
#840=ORIENTED_EDGE('',*,*,#2582,.F.);
#841=ORIENTED_EDGE('',*,*,#2581,.F.);
#842=ORIENTED_EDGE('',*,*,#2583,.T.);
#843=ORIENTED_EDGE('',*,*,#2584,.T.);
#844=ORIENTED_EDGE('',*,*,#2585,.F.);
#845=ORIENTED_EDGE('',*,*,#2586,.T.);
#846=ORIENTED_EDGE('',*,*,#2587,.T.);
#847=ORIENTED_EDGE('',*,*,#2584,.F.);
#848=ORIENTED_EDGE('',*,*,#2588,.F.);
#849=ORIENTED_EDGE('',*,*,#2576,.T.);
#850=ORIENTED_EDGE('',*,*,#2585,.T.);
#851=ORIENTED_EDGE('',*,*,#2577,.T.);
#852=ORIENTED_EDGE('',*,*,#2588,.T.);
#853=ORIENTED_EDGE('',*,*,#2583,.F.);
#854=ORIENTED_EDGE('',*,*,#2580,.F.);
#855=ORIENTED_EDGE('',*,*,#2586,.F.);
#856=ORIENTED_EDGE('',*,*,#2575,.F.);
#857=ORIENTED_EDGE('',*,*,#2579,.T.);
#858=ORIENTED_EDGE('',*,*,#2582,.T.);
#859=ORIENTED_EDGE('',*,*,#2587,.F.);
#860=ORIENTED_EDGE('',*,*,#2589,.F.);
#861=ORIENTED_EDGE('',*,*,#2590,.F.);
#862=ORIENTED_EDGE('',*,*,#2591,.T.);
#863=ORIENTED_EDGE('',*,*,#2592,.T.);
#864=ORIENTED_EDGE('',*,*,#2593,.T.);
#865=ORIENTED_EDGE('',*,*,#2594,.F.);
#866=ORIENTED_EDGE('',*,*,#2595,.F.);
#867=ORIENTED_EDGE('',*,*,#2590,.T.);
#868=ORIENTED_EDGE('',*,*,#2596,.T.);
#869=ORIENTED_EDGE('',*,*,#2597,.F.);
#870=ORIENTED_EDGE('',*,*,#2598,.F.);
#871=ORIENTED_EDGE('',*,*,#2594,.T.);
#872=ORIENTED_EDGE('',*,*,#2599,.F.);
#873=ORIENTED_EDGE('',*,*,#2592,.F.);
#874=ORIENTED_EDGE('',*,*,#2600,.T.);
#875=ORIENTED_EDGE('',*,*,#2597,.T.);
#876=ORIENTED_EDGE('',*,*,#2591,.F.);
#877=ORIENTED_EDGE('',*,*,#2595,.T.);
#878=ORIENTED_EDGE('',*,*,#2598,.T.);
#879=ORIENTED_EDGE('',*,*,#2600,.F.);
#880=ORIENTED_EDGE('',*,*,#2589,.T.);
#881=ORIENTED_EDGE('',*,*,#2599,.T.);
#882=ORIENTED_EDGE('',*,*,#2596,.F.);
#883=ORIENTED_EDGE('',*,*,#2593,.F.);
#884=ORIENTED_EDGE('',*,*,#2601,.T.);
#885=ORIENTED_EDGE('',*,*,#2602,.F.);
#886=ORIENTED_EDGE('',*,*,#2603,.F.);
#887=ORIENTED_EDGE('',*,*,#2604,.T.);
#888=ORIENTED_EDGE('',*,*,#2605,.F.);
#889=ORIENTED_EDGE('',*,*,#2604,.F.);
#890=ORIENTED_EDGE('',*,*,#2606,.T.);
#891=ORIENTED_EDGE('',*,*,#2607,.T.);
#892=ORIENTED_EDGE('',*,*,#2608,.F.);
#893=ORIENTED_EDGE('',*,*,#2607,.F.);
#894=ORIENTED_EDGE('',*,*,#2609,.T.);
#895=ORIENTED_EDGE('',*,*,#2610,.T.);
#896=ORIENTED_EDGE('',*,*,#2611,.F.);
#897=ORIENTED_EDGE('',*,*,#2612,.T.);
#898=ORIENTED_EDGE('',*,*,#2613,.T.);
#899=ORIENTED_EDGE('',*,*,#2610,.F.);
#900=ORIENTED_EDGE('',*,*,#2614,.F.);
#901=ORIENTED_EDGE('',*,*,#2602,.T.);
#902=ORIENTED_EDGE('',*,*,#2611,.T.);
#903=ORIENTED_EDGE('',*,*,#2603,.T.);
#904=ORIENTED_EDGE('',*,*,#2614,.T.);
#905=ORIENTED_EDGE('',*,*,#2609,.F.);
#906=ORIENTED_EDGE('',*,*,#2606,.F.);
#907=ORIENTED_EDGE('',*,*,#2612,.F.);
#908=ORIENTED_EDGE('',*,*,#2601,.F.);
#909=ORIENTED_EDGE('',*,*,#2605,.T.);
#910=ORIENTED_EDGE('',*,*,#2608,.T.);
#911=ORIENTED_EDGE('',*,*,#2613,.F.);
#912=ORIENTED_EDGE('',*,*,#2615,.F.);
#913=ORIENTED_EDGE('',*,*,#2616,.F.);
#914=ORIENTED_EDGE('',*,*,#2617,.T.);
#915=ORIENTED_EDGE('',*,*,#2618,.T.);
#916=ORIENTED_EDGE('',*,*,#2619,.F.);
#917=ORIENTED_EDGE('',*,*,#2620,.F.);
#918=ORIENTED_EDGE('',*,*,#2621,.T.);
#919=ORIENTED_EDGE('',*,*,#2616,.T.);
#920=ORIENTED_EDGE('',*,*,#2622,.T.);
#921=ORIENTED_EDGE('',*,*,#2623,.F.);
#922=ORIENTED_EDGE('',*,*,#2624,.F.);
#923=ORIENTED_EDGE('',*,*,#2620,.T.);
#924=ORIENTED_EDGE('',*,*,#2625,.T.);
#925=ORIENTED_EDGE('',*,*,#2618,.F.);
#926=ORIENTED_EDGE('',*,*,#2626,.F.);
#927=ORIENTED_EDGE('',*,*,#2623,.T.);
#928=ORIENTED_EDGE('',*,*,#2617,.F.);
#929=ORIENTED_EDGE('',*,*,#2621,.F.);
#930=ORIENTED_EDGE('',*,*,#2624,.T.);
#931=ORIENTED_EDGE('',*,*,#2626,.T.);
#932=ORIENTED_EDGE('',*,*,#2615,.T.);
#933=ORIENTED_EDGE('',*,*,#2625,.F.);
#934=ORIENTED_EDGE('',*,*,#2622,.F.);
#935=ORIENTED_EDGE('',*,*,#2619,.T.);
#936=ORIENTED_EDGE('',*,*,#2627,.T.);
#937=ORIENTED_EDGE('',*,*,#2628,.F.);
#938=ORIENTED_EDGE('',*,*,#2629,.F.);
#939=ORIENTED_EDGE('',*,*,#2630,.T.);
#940=ORIENTED_EDGE('',*,*,#2631,.T.);
#941=ORIENTED_EDGE('',*,*,#2632,.F.);
#942=ORIENTED_EDGE('',*,*,#2633,.F.);
#943=ORIENTED_EDGE('',*,*,#2628,.T.);
#944=ORIENTED_EDGE('',*,*,#2634,.F.);
#945=ORIENTED_EDGE('',*,*,#2635,.F.);
#946=ORIENTED_EDGE('',*,*,#2636,.T.);
#947=ORIENTED_EDGE('',*,*,#2632,.T.);
#948=ORIENTED_EDGE('',*,*,#2637,.F.);
#949=ORIENTED_EDGE('',*,*,#2630,.F.);
#950=ORIENTED_EDGE('',*,*,#2638,.T.);
#951=ORIENTED_EDGE('',*,*,#2635,.T.);
#952=ORIENTED_EDGE('',*,*,#2629,.T.);
#953=ORIENTED_EDGE('',*,*,#2633,.T.);
#954=ORIENTED_EDGE('',*,*,#2636,.F.);
#955=ORIENTED_EDGE('',*,*,#2638,.F.);
#956=ORIENTED_EDGE('',*,*,#2627,.F.);
#957=ORIENTED_EDGE('',*,*,#2637,.T.);
#958=ORIENTED_EDGE('',*,*,#2634,.T.);
#959=ORIENTED_EDGE('',*,*,#2631,.F.);
#960=ORIENTED_EDGE('',*,*,#2639,.T.);
#961=ORIENTED_EDGE('',*,*,#2640,.F.);
#962=ORIENTED_EDGE('',*,*,#2641,.F.);
#963=ORIENTED_EDGE('',*,*,#2642,.T.);
#964=ORIENTED_EDGE('',*,*,#2643,.T.);
#965=ORIENTED_EDGE('',*,*,#2644,.F.);
#966=ORIENTED_EDGE('',*,*,#2645,.F.);
#967=ORIENTED_EDGE('',*,*,#2640,.T.);
#968=ORIENTED_EDGE('',*,*,#2646,.F.);
#969=ORIENTED_EDGE('',*,*,#2647,.F.);
#970=ORIENTED_EDGE('',*,*,#2648,.T.);
#971=ORIENTED_EDGE('',*,*,#2644,.T.);
#972=ORIENTED_EDGE('',*,*,#2649,.F.);
#973=ORIENTED_EDGE('',*,*,#2642,.F.);
#974=ORIENTED_EDGE('',*,*,#2650,.T.);
#975=ORIENTED_EDGE('',*,*,#2647,.T.);
#976=ORIENTED_EDGE('',*,*,#2641,.T.);
#977=ORIENTED_EDGE('',*,*,#2645,.T.);
#978=ORIENTED_EDGE('',*,*,#2648,.F.);
#979=ORIENTED_EDGE('',*,*,#2650,.F.);
#980=ORIENTED_EDGE('',*,*,#2639,.F.);
#981=ORIENTED_EDGE('',*,*,#2649,.T.);
#982=ORIENTED_EDGE('',*,*,#2646,.T.);
#983=ORIENTED_EDGE('',*,*,#2643,.F.);
#984=ORIENTED_EDGE('',*,*,#2651,.T.);
#985=ORIENTED_EDGE('',*,*,#2652,.F.);
#986=ORIENTED_EDGE('',*,*,#2653,.F.);
#987=ORIENTED_EDGE('',*,*,#2654,.T.);
#988=ORIENTED_EDGE('',*,*,#2655,.T.);
#989=ORIENTED_EDGE('',*,*,#2656,.F.);
#990=ORIENTED_EDGE('',*,*,#2657,.F.);
#991=ORIENTED_EDGE('',*,*,#2652,.T.);
#992=ORIENTED_EDGE('',*,*,#2658,.F.);
#993=ORIENTED_EDGE('',*,*,#2659,.F.);
#994=ORIENTED_EDGE('',*,*,#2660,.T.);
#995=ORIENTED_EDGE('',*,*,#2656,.T.);
#996=ORIENTED_EDGE('',*,*,#2661,.F.);
#997=ORIENTED_EDGE('',*,*,#2654,.F.);
#998=ORIENTED_EDGE('',*,*,#2662,.T.);
#999=ORIENTED_EDGE('',*,*,#2659,.T.);
#1000=ORIENTED_EDGE('',*,*,#2653,.T.);
#1001=ORIENTED_EDGE('',*,*,#2657,.T.);
#1002=ORIENTED_EDGE('',*,*,#2660,.F.);
#1003=ORIENTED_EDGE('',*,*,#2662,.F.);
#1004=ORIENTED_EDGE('',*,*,#2651,.F.);
#1005=ORIENTED_EDGE('',*,*,#2661,.T.);
#1006=ORIENTED_EDGE('',*,*,#2658,.T.);
#1007=ORIENTED_EDGE('',*,*,#2655,.F.);
#1008=ORIENTED_EDGE('',*,*,#2663,.F.);
#1009=ORIENTED_EDGE('',*,*,#2664,.F.);
#1010=ORIENTED_EDGE('',*,*,#2665,.T.);
#1011=ORIENTED_EDGE('',*,*,#2666,.T.);
#1012=ORIENTED_EDGE('',*,*,#2667,.T.);
#1013=ORIENTED_EDGE('',*,*,#2668,.F.);
#1014=ORIENTED_EDGE('',*,*,#2669,.F.);
#1015=ORIENTED_EDGE('',*,*,#2664,.T.);
#1016=ORIENTED_EDGE('',*,*,#2670,.T.);
#1017=ORIENTED_EDGE('',*,*,#2671,.F.);
#1018=ORIENTED_EDGE('',*,*,#2672,.F.);
#1019=ORIENTED_EDGE('',*,*,#2668,.T.);
#1020=ORIENTED_EDGE('',*,*,#2673,.F.);
#1021=ORIENTED_EDGE('',*,*,#2666,.F.);
#1022=ORIENTED_EDGE('',*,*,#2674,.T.);
#1023=ORIENTED_EDGE('',*,*,#2671,.T.);
#1024=ORIENTED_EDGE('',*,*,#2665,.F.);
#1025=ORIENTED_EDGE('',*,*,#2669,.T.);
#1026=ORIENTED_EDGE('',*,*,#2672,.T.);
#1027=ORIENTED_EDGE('',*,*,#2674,.F.);
#1028=ORIENTED_EDGE('',*,*,#2663,.T.);
#1029=ORIENTED_EDGE('',*,*,#2673,.T.);
#1030=ORIENTED_EDGE('',*,*,#2670,.F.);
#1031=ORIENTED_EDGE('',*,*,#2667,.F.);
#1032=ORIENTED_EDGE('',*,*,#2675,.F.);
#1033=ORIENTED_EDGE('',*,*,#2676,.F.);
#1034=ORIENTED_EDGE('',*,*,#2677,.T.);
#1035=ORIENTED_EDGE('',*,*,#2678,.T.);
#1036=ORIENTED_EDGE('',*,*,#2679,.T.);
#1037=ORIENTED_EDGE('',*,*,#2680,.F.);
#1038=ORIENTED_EDGE('',*,*,#2681,.F.);
#1039=ORIENTED_EDGE('',*,*,#2676,.T.);
#1040=ORIENTED_EDGE('',*,*,#2682,.T.);
#1041=ORIENTED_EDGE('',*,*,#2683,.F.);
#1042=ORIENTED_EDGE('',*,*,#2684,.F.);
#1043=ORIENTED_EDGE('',*,*,#2680,.T.);
#1044=ORIENTED_EDGE('',*,*,#2685,.F.);
#1045=ORIENTED_EDGE('',*,*,#2678,.F.);
#1046=ORIENTED_EDGE('',*,*,#2686,.T.);
#1047=ORIENTED_EDGE('',*,*,#2683,.T.);
#1048=ORIENTED_EDGE('',*,*,#2677,.F.);
#1049=ORIENTED_EDGE('',*,*,#2681,.T.);
#1050=ORIENTED_EDGE('',*,*,#2684,.T.);
#1051=ORIENTED_EDGE('',*,*,#2686,.F.);
#1052=ORIENTED_EDGE('',*,*,#2675,.T.);
#1053=ORIENTED_EDGE('',*,*,#2685,.T.);
#1054=ORIENTED_EDGE('',*,*,#2682,.F.);
#1055=ORIENTED_EDGE('',*,*,#2679,.F.);
#1056=ORIENTED_EDGE('',*,*,#2687,.F.);
#1057=ORIENTED_EDGE('',*,*,#2688,.F.);
#1058=ORIENTED_EDGE('',*,*,#2689,.T.);
#1059=ORIENTED_EDGE('',*,*,#2690,.T.);
#1060=ORIENTED_EDGE('',*,*,#2691,.T.);
#1061=ORIENTED_EDGE('',*,*,#2692,.F.);
#1062=ORIENTED_EDGE('',*,*,#2693,.F.);
#1063=ORIENTED_EDGE('',*,*,#2688,.T.);
#1064=ORIENTED_EDGE('',*,*,#2694,.T.);
#1065=ORIENTED_EDGE('',*,*,#2695,.F.);
#1066=ORIENTED_EDGE('',*,*,#2696,.F.);
#1067=ORIENTED_EDGE('',*,*,#2692,.T.);
#1068=ORIENTED_EDGE('',*,*,#2697,.F.);
#1069=ORIENTED_EDGE('',*,*,#2690,.F.);
#1070=ORIENTED_EDGE('',*,*,#2698,.T.);
#1071=ORIENTED_EDGE('',*,*,#2695,.T.);
#1072=ORIENTED_EDGE('',*,*,#2689,.F.);
#1073=ORIENTED_EDGE('',*,*,#2693,.T.);
#1074=ORIENTED_EDGE('',*,*,#2696,.T.);
#1075=ORIENTED_EDGE('',*,*,#2698,.F.);
#1076=ORIENTED_EDGE('',*,*,#2687,.T.);
#1077=ORIENTED_EDGE('',*,*,#2697,.T.);
#1078=ORIENTED_EDGE('',*,*,#2694,.F.);
#1079=ORIENTED_EDGE('',*,*,#2691,.F.);
#1080=ORIENTED_EDGE('',*,*,#2699,.F.);
#1081=ORIENTED_EDGE('',*,*,#2700,.T.);
#1082=ORIENTED_EDGE('',*,*,#2701,.T.);
#1083=ORIENTED_EDGE('',*,*,#2702,.T.);
#1084=ORIENTED_EDGE('',*,*,#2703,.F.);
#1085=ORIENTED_EDGE('',*,*,#2704,.T.);
#1086=ORIENTED_EDGE('',*,*,#2699,.T.);
#1087=ORIENTED_EDGE('',*,*,#2705,.T.);
#1088=ORIENTED_EDGE('',*,*,#2706,.F.);
#1089=ORIENTED_EDGE('',*,*,#2707,.T.);
#1090=ORIENTED_EDGE('',*,*,#2703,.T.);
#1091=ORIENTED_EDGE('',*,*,#2708,.T.);
#1092=ORIENTED_EDGE('',*,*,#2701,.F.);
#1093=ORIENTED_EDGE('',*,*,#2709,.T.);
#1094=ORIENTED_EDGE('',*,*,#2706,.T.);
#1095=ORIENTED_EDGE('',*,*,#2710,.T.);
#1096=ORIENTED_EDGE('',*,*,#2711,.T.);
#1097=ORIENTED_EDGE('',*,*,#2712,.T.);
#1098=ORIENTED_EDGE('',*,*,#2713,.T.);
#1099=ORIENTED_EDGE('',*,*,#2714,.T.);
#1100=ORIENTED_EDGE('',*,*,#2715,.T.);
#1101=ORIENTED_EDGE('',*,*,#2716,.T.);
#1102=ORIENTED_EDGE('',*,*,#2717,.T.);
#1103=ORIENTED_EDGE('',*,*,#2718,.T.);
#1104=ORIENTED_EDGE('',*,*,#2719,.F.);
#1105=ORIENTED_EDGE('',*,*,#2714,.F.);
#1106=ORIENTED_EDGE('',*,*,#2720,.F.);
#1107=ORIENTED_EDGE('',*,*,#2704,.F.);
#1108=ORIENTED_EDGE('',*,*,#2720,.T.);
#1109=ORIENTED_EDGE('',*,*,#2713,.F.);
#1110=ORIENTED_EDGE('',*,*,#2721,.F.);
#1111=ORIENTED_EDGE('',*,*,#2700,.F.);
#1112=ORIENTED_EDGE('',*,*,#2719,.T.);
#1113=ORIENTED_EDGE('',*,*,#2707,.F.);
#1114=ORIENTED_EDGE('',*,*,#2722,.F.);
#1115=ORIENTED_EDGE('',*,*,#2711,.F.);
#1116=ORIENTED_EDGE('',*,*,#2721,.T.);
#1117=ORIENTED_EDGE('',*,*,#2712,.F.);
#1118=ORIENTED_EDGE('',*,*,#2722,.T.);
#1119=ORIENTED_EDGE('',*,*,#2709,.F.);
#1120=ORIENTED_EDGE('',*,*,#2723,.F.);
#1121=ORIENTED_EDGE('',*,*,#2705,.F.);
#1122=ORIENTED_EDGE('',*,*,#2724,.F.);
#1123=ORIENTED_EDGE('',*,*,#2718,.F.);
#1124=ORIENTED_EDGE('',*,*,#2724,.T.);
#1125=ORIENTED_EDGE('',*,*,#2702,.F.);
#1126=ORIENTED_EDGE('',*,*,#2725,.F.);
#1127=ORIENTED_EDGE('',*,*,#2715,.F.);
#1128=ORIENTED_EDGE('',*,*,#2723,.T.);
#1129=ORIENTED_EDGE('',*,*,#2717,.F.);
#1130=ORIENTED_EDGE('',*,*,#2726,.F.);
#1131=ORIENTED_EDGE('',*,*,#2708,.F.);
#1132=ORIENTED_EDGE('',*,*,#2725,.T.);
#1133=ORIENTED_EDGE('',*,*,#2710,.F.);
#1134=ORIENTED_EDGE('',*,*,#2726,.T.);
#1135=ORIENTED_EDGE('',*,*,#2716,.F.);
#1136=ORIENTED_EDGE('',*,*,#2727,.F.);
#1137=ORIENTED_EDGE('',*,*,#2728,.F.);
#1138=ORIENTED_EDGE('',*,*,#2729,.T.);
#1139=ORIENTED_EDGE('',*,*,#2730,.T.);
#1140=ORIENTED_EDGE('',*,*,#2731,.F.);
#1141=ORIENTED_EDGE('',*,*,#2732,.F.);
#1142=ORIENTED_EDGE('',*,*,#2733,.T.);
#1143=ORIENTED_EDGE('',*,*,#2728,.T.);
#1144=ORIENTED_EDGE('',*,*,#2734,.T.);
#1145=ORIENTED_EDGE('',*,*,#2735,.F.);
#1146=ORIENTED_EDGE('',*,*,#2736,.F.);
#1147=ORIENTED_EDGE('',*,*,#2732,.T.);
#1148=ORIENTED_EDGE('',*,*,#2737,.T.);
#1149=ORIENTED_EDGE('',*,*,#2730,.F.);
#1150=ORIENTED_EDGE('',*,*,#2738,.F.);
#1151=ORIENTED_EDGE('',*,*,#2735,.T.);
#1152=ORIENTED_EDGE('',*,*,#2729,.F.);
#1153=ORIENTED_EDGE('',*,*,#2733,.F.);
#1154=ORIENTED_EDGE('',*,*,#2736,.T.);
#1155=ORIENTED_EDGE('',*,*,#2738,.T.);
#1156=ORIENTED_EDGE('',*,*,#2727,.T.);
#1157=ORIENTED_EDGE('',*,*,#2737,.F.);
#1158=ORIENTED_EDGE('',*,*,#2734,.F.);
#1159=ORIENTED_EDGE('',*,*,#2731,.T.);
#1160=ORIENTED_EDGE('',*,*,#2739,.F.);
#1161=ORIENTED_EDGE('',*,*,#2740,.F.);
#1162=ORIENTED_EDGE('',*,*,#2741,.T.);
#1163=ORIENTED_EDGE('',*,*,#2742,.T.);
#1164=ORIENTED_EDGE('',*,*,#2743,.T.);
#1165=ORIENTED_EDGE('',*,*,#2744,.F.);
#1166=ORIENTED_EDGE('',*,*,#2745,.F.);
#1167=ORIENTED_EDGE('',*,*,#2740,.T.);
#1168=ORIENTED_EDGE('',*,*,#2746,.T.);
#1169=ORIENTED_EDGE('',*,*,#2747,.F.);
#1170=ORIENTED_EDGE('',*,*,#2748,.F.);
#1171=ORIENTED_EDGE('',*,*,#2744,.T.);
#1172=ORIENTED_EDGE('',*,*,#2749,.F.);
#1173=ORIENTED_EDGE('',*,*,#2742,.F.);
#1174=ORIENTED_EDGE('',*,*,#2750,.T.);
#1175=ORIENTED_EDGE('',*,*,#2747,.T.);
#1176=ORIENTED_EDGE('',*,*,#2741,.F.);
#1177=ORIENTED_EDGE('',*,*,#2745,.T.);
#1178=ORIENTED_EDGE('',*,*,#2748,.T.);
#1179=ORIENTED_EDGE('',*,*,#2750,.F.);
#1180=ORIENTED_EDGE('',*,*,#2739,.T.);
#1181=ORIENTED_EDGE('',*,*,#2749,.T.);
#1182=ORIENTED_EDGE('',*,*,#2746,.F.);
#1183=ORIENTED_EDGE('',*,*,#2743,.F.);
#1184=ORIENTED_EDGE('',*,*,#2751,.F.);
#1185=ORIENTED_EDGE('',*,*,#2752,.F.);
#1186=ORIENTED_EDGE('',*,*,#2753,.T.);
#1187=ORIENTED_EDGE('',*,*,#2754,.T.);
#1188=ORIENTED_EDGE('',*,*,#2755,.T.);
#1189=ORIENTED_EDGE('',*,*,#2756,.F.);
#1190=ORIENTED_EDGE('',*,*,#2757,.F.);
#1191=ORIENTED_EDGE('',*,*,#2752,.T.);
#1192=ORIENTED_EDGE('',*,*,#2758,.T.);
#1193=ORIENTED_EDGE('',*,*,#2759,.F.);
#1194=ORIENTED_EDGE('',*,*,#2760,.F.);
#1195=ORIENTED_EDGE('',*,*,#2756,.T.);
#1196=ORIENTED_EDGE('',*,*,#2761,.F.);
#1197=ORIENTED_EDGE('',*,*,#2754,.F.);
#1198=ORIENTED_EDGE('',*,*,#2762,.T.);
#1199=ORIENTED_EDGE('',*,*,#2759,.T.);
#1200=ORIENTED_EDGE('',*,*,#2753,.F.);
#1201=ORIENTED_EDGE('',*,*,#2757,.T.);
#1202=ORIENTED_EDGE('',*,*,#2760,.T.);
#1203=ORIENTED_EDGE('',*,*,#2762,.F.);
#1204=ORIENTED_EDGE('',*,*,#2751,.T.);
#1205=ORIENTED_EDGE('',*,*,#2761,.T.);
#1206=ORIENTED_EDGE('',*,*,#2758,.F.);
#1207=ORIENTED_EDGE('',*,*,#2755,.F.);
#1208=ORIENTED_EDGE('',*,*,#2763,.F.);
#1209=ORIENTED_EDGE('',*,*,#2764,.F.);
#1210=ORIENTED_EDGE('',*,*,#2765,.T.);
#1211=ORIENTED_EDGE('',*,*,#2766,.T.);
#1212=ORIENTED_EDGE('',*,*,#2767,.F.);
#1213=ORIENTED_EDGE('',*,*,#2768,.F.);
#1214=ORIENTED_EDGE('',*,*,#2769,.T.);
#1215=ORIENTED_EDGE('',*,*,#2764,.T.);
#1216=ORIENTED_EDGE('',*,*,#2770,.T.);
#1217=ORIENTED_EDGE('',*,*,#2771,.F.);
#1218=ORIENTED_EDGE('',*,*,#2772,.F.);
#1219=ORIENTED_EDGE('',*,*,#2768,.T.);
#1220=ORIENTED_EDGE('',*,*,#2773,.T.);
#1221=ORIENTED_EDGE('',*,*,#2766,.F.);
#1222=ORIENTED_EDGE('',*,*,#2774,.F.);
#1223=ORIENTED_EDGE('',*,*,#2771,.T.);
#1224=ORIENTED_EDGE('',*,*,#2765,.F.);
#1225=ORIENTED_EDGE('',*,*,#2769,.F.);
#1226=ORIENTED_EDGE('',*,*,#2772,.T.);
#1227=ORIENTED_EDGE('',*,*,#2774,.T.);
#1228=ORIENTED_EDGE('',*,*,#2763,.T.);
#1229=ORIENTED_EDGE('',*,*,#2773,.F.);
#1230=ORIENTED_EDGE('',*,*,#2770,.F.);
#1231=ORIENTED_EDGE('',*,*,#2767,.T.);
#1232=ORIENTED_EDGE('',*,*,#2775,.F.);
#1233=ORIENTED_EDGE('',*,*,#2776,.F.);
#1234=ORIENTED_EDGE('',*,*,#2777,.T.);
#1235=ORIENTED_EDGE('',*,*,#2778,.T.);
#1236=ORIENTED_EDGE('',*,*,#2779,.T.);
#1237=ORIENTED_EDGE('',*,*,#2780,.F.);
#1238=ORIENTED_EDGE('',*,*,#2781,.F.);
#1239=ORIENTED_EDGE('',*,*,#2776,.T.);
#1240=ORIENTED_EDGE('',*,*,#2782,.T.);
#1241=ORIENTED_EDGE('',*,*,#2783,.F.);
#1242=ORIENTED_EDGE('',*,*,#2784,.F.);
#1243=ORIENTED_EDGE('',*,*,#2780,.T.);
#1244=ORIENTED_EDGE('',*,*,#2785,.F.);
#1245=ORIENTED_EDGE('',*,*,#2778,.F.);
#1246=ORIENTED_EDGE('',*,*,#2786,.T.);
#1247=ORIENTED_EDGE('',*,*,#2783,.T.);
#1248=ORIENTED_EDGE('',*,*,#2777,.F.);
#1249=ORIENTED_EDGE('',*,*,#2781,.T.);
#1250=ORIENTED_EDGE('',*,*,#2784,.T.);
#1251=ORIENTED_EDGE('',*,*,#2786,.F.);
#1252=ORIENTED_EDGE('',*,*,#2775,.T.);
#1253=ORIENTED_EDGE('',*,*,#2785,.T.);
#1254=ORIENTED_EDGE('',*,*,#2782,.F.);
#1255=ORIENTED_EDGE('',*,*,#2779,.F.);
#1256=ORIENTED_EDGE('',*,*,#2787,.F.);
#1257=ORIENTED_EDGE('',*,*,#2788,.F.);
#1258=ORIENTED_EDGE('',*,*,#2789,.T.);
#1259=ORIENTED_EDGE('',*,*,#2790,.T.);
#1260=ORIENTED_EDGE('',*,*,#2791,.T.);
#1261=ORIENTED_EDGE('',*,*,#2792,.F.);
#1262=ORIENTED_EDGE('',*,*,#2793,.F.);
#1263=ORIENTED_EDGE('',*,*,#2788,.T.);
#1264=ORIENTED_EDGE('',*,*,#2794,.T.);
#1265=ORIENTED_EDGE('',*,*,#2795,.F.);
#1266=ORIENTED_EDGE('',*,*,#2796,.F.);
#1267=ORIENTED_EDGE('',*,*,#2792,.T.);
#1268=ORIENTED_EDGE('',*,*,#2797,.F.);
#1269=ORIENTED_EDGE('',*,*,#2790,.F.);
#1270=ORIENTED_EDGE('',*,*,#2798,.T.);
#1271=ORIENTED_EDGE('',*,*,#2795,.T.);
#1272=ORIENTED_EDGE('',*,*,#2789,.F.);
#1273=ORIENTED_EDGE('',*,*,#2793,.T.);
#1274=ORIENTED_EDGE('',*,*,#2796,.T.);
#1275=ORIENTED_EDGE('',*,*,#2798,.F.);
#1276=ORIENTED_EDGE('',*,*,#2787,.T.);
#1277=ORIENTED_EDGE('',*,*,#2797,.T.);
#1278=ORIENTED_EDGE('',*,*,#2794,.F.);
#1279=ORIENTED_EDGE('',*,*,#2791,.F.);
#1280=ORIENTED_EDGE('',*,*,#2799,.T.);
#1281=ORIENTED_EDGE('',*,*,#2800,.F.);
#1282=ORIENTED_EDGE('',*,*,#2801,.F.);
#1283=ORIENTED_EDGE('',*,*,#2802,.T.);
#1284=ORIENTED_EDGE('',*,*,#2799,.F.);
#1285=ORIENTED_EDGE('',*,*,#2801,.T.);
#1286=ORIENTED_EDGE('',*,*,#2800,.T.);
#1287=ORIENTED_EDGE('',*,*,#2802,.F.);
#1288=ORIENTED_EDGE('',*,*,#2803,.F.);
#1289=ORIENTED_EDGE('',*,*,#2804,.F.);
#1290=ORIENTED_EDGE('',*,*,#2805,.T.);
#1291=ORIENTED_EDGE('',*,*,#2806,.T.);
#1292=ORIENTED_EDGE('',*,*,#2807,.F.);
#1293=ORIENTED_EDGE('',*,*,#2808,.F.);
#1294=ORIENTED_EDGE('',*,*,#2809,.T.);
#1295=ORIENTED_EDGE('',*,*,#2804,.T.);
#1296=ORIENTED_EDGE('',*,*,#2810,.T.);
#1297=ORIENTED_EDGE('',*,*,#2811,.F.);
#1298=ORIENTED_EDGE('',*,*,#2812,.F.);
#1299=ORIENTED_EDGE('',*,*,#2808,.T.);
#1300=ORIENTED_EDGE('',*,*,#2813,.T.);
#1301=ORIENTED_EDGE('',*,*,#2806,.F.);
#1302=ORIENTED_EDGE('',*,*,#2814,.F.);
#1303=ORIENTED_EDGE('',*,*,#2811,.T.);
#1304=ORIENTED_EDGE('',*,*,#2805,.F.);
#1305=ORIENTED_EDGE('',*,*,#2809,.F.);
#1306=ORIENTED_EDGE('',*,*,#2812,.T.);
#1307=ORIENTED_EDGE('',*,*,#2814,.T.);
#1308=ORIENTED_EDGE('',*,*,#2803,.T.);
#1309=ORIENTED_EDGE('',*,*,#2813,.F.);
#1310=ORIENTED_EDGE('',*,*,#2810,.F.);
#1311=ORIENTED_EDGE('',*,*,#2807,.T.);
#1312=ORIENTED_EDGE('',*,*,#2815,.F.);
#1313=ORIENTED_EDGE('',*,*,#2816,.F.);
#1314=ORIENTED_EDGE('',*,*,#2817,.T.);
#1315=ORIENTED_EDGE('',*,*,#2818,.T.);
#1316=ORIENTED_EDGE('',*,*,#2819,.T.);
#1317=ORIENTED_EDGE('',*,*,#2820,.F.);
#1318=ORIENTED_EDGE('',*,*,#2821,.F.);
#1319=ORIENTED_EDGE('',*,*,#2816,.T.);
#1320=ORIENTED_EDGE('',*,*,#2822,.T.);
#1321=ORIENTED_EDGE('',*,*,#2823,.F.);
#1322=ORIENTED_EDGE('',*,*,#2824,.F.);
#1323=ORIENTED_EDGE('',*,*,#2820,.T.);
#1324=ORIENTED_EDGE('',*,*,#2825,.T.);
#1325=ORIENTED_EDGE('',*,*,#2826,.F.);
#1326=ORIENTED_EDGE('',*,*,#2827,.F.);
#1327=ORIENTED_EDGE('',*,*,#2818,.F.);
#1328=ORIENTED_EDGE('',*,*,#2828,.T.);
#1329=ORIENTED_EDGE('',*,*,#2823,.T.);
#1330=ORIENTED_EDGE('',*,*,#2825,.F.);
#1331=ORIENTED_EDGE('',*,*,#2817,.F.);
#1332=ORIENTED_EDGE('',*,*,#2821,.T.);
#1333=ORIENTED_EDGE('',*,*,#2824,.T.);
#1334=ORIENTED_EDGE('',*,*,#2828,.F.);
#1335=ORIENTED_EDGE('',*,*,#2826,.T.);
#1336=ORIENTED_EDGE('',*,*,#2815,.T.);
#1337=ORIENTED_EDGE('',*,*,#2827,.T.);
#1338=ORIENTED_EDGE('',*,*,#2822,.F.);
#1339=ORIENTED_EDGE('',*,*,#2819,.F.);
#1340=ORIENTED_EDGE('',*,*,#2829,.F.);
#1341=ORIENTED_EDGE('',*,*,#2830,.F.);
#1342=ORIENTED_EDGE('',*,*,#2831,.T.);
#1343=ORIENTED_EDGE('',*,*,#2832,.T.);
#1344=ORIENTED_EDGE('',*,*,#2833,.T.);
#1345=ORIENTED_EDGE('',*,*,#2834,.F.);
#1346=ORIENTED_EDGE('',*,*,#2835,.F.);
#1347=ORIENTED_EDGE('',*,*,#2830,.T.);
#1348=ORIENTED_EDGE('',*,*,#2836,.T.);
#1349=ORIENTED_EDGE('',*,*,#2837,.F.);
#1350=ORIENTED_EDGE('',*,*,#2838,.F.);
#1351=ORIENTED_EDGE('',*,*,#2834,.T.);
#1352=ORIENTED_EDGE('',*,*,#2839,.F.);
#1353=ORIENTED_EDGE('',*,*,#2832,.F.);
#1354=ORIENTED_EDGE('',*,*,#2840,.T.);
#1355=ORIENTED_EDGE('',*,*,#2837,.T.);
#1356=ORIENTED_EDGE('',*,*,#2831,.F.);
#1357=ORIENTED_EDGE('',*,*,#2835,.T.);
#1358=ORIENTED_EDGE('',*,*,#2838,.T.);
#1359=ORIENTED_EDGE('',*,*,#2840,.F.);
#1360=ORIENTED_EDGE('',*,*,#2829,.T.);
#1361=ORIENTED_EDGE('',*,*,#2839,.T.);
#1362=ORIENTED_EDGE('',*,*,#2836,.F.);
#1363=ORIENTED_EDGE('',*,*,#2833,.F.);
#1364=ORIENTED_EDGE('',*,*,#2841,.F.);
#1365=ORIENTED_EDGE('',*,*,#2842,.F.);
#1366=ORIENTED_EDGE('',*,*,#2843,.T.);
#1367=ORIENTED_EDGE('',*,*,#2844,.T.);
#1368=ORIENTED_EDGE('',*,*,#2845,.T.);
#1369=ORIENTED_EDGE('',*,*,#2846,.F.);
#1370=ORIENTED_EDGE('',*,*,#2847,.F.);
#1371=ORIENTED_EDGE('',*,*,#2842,.T.);
#1372=ORIENTED_EDGE('',*,*,#2848,.T.);
#1373=ORIENTED_EDGE('',*,*,#2849,.F.);
#1374=ORIENTED_EDGE('',*,*,#2850,.F.);
#1375=ORIENTED_EDGE('',*,*,#2846,.T.);
#1376=ORIENTED_EDGE('',*,*,#2851,.T.);
#1377=ORIENTED_EDGE('',*,*,#2852,.F.);
#1378=ORIENTED_EDGE('',*,*,#2853,.F.);
#1379=ORIENTED_EDGE('',*,*,#2844,.F.);
#1380=ORIENTED_EDGE('',*,*,#2854,.T.);
#1381=ORIENTED_EDGE('',*,*,#2849,.T.);
#1382=ORIENTED_EDGE('',*,*,#2851,.F.);
#1383=ORIENTED_EDGE('',*,*,#2843,.F.);
#1384=ORIENTED_EDGE('',*,*,#2847,.T.);
#1385=ORIENTED_EDGE('',*,*,#2850,.T.);
#1386=ORIENTED_EDGE('',*,*,#2854,.F.);
#1387=ORIENTED_EDGE('',*,*,#2852,.T.);
#1388=ORIENTED_EDGE('',*,*,#2841,.T.);
#1389=ORIENTED_EDGE('',*,*,#2853,.T.);
#1390=ORIENTED_EDGE('',*,*,#2848,.F.);
#1391=ORIENTED_EDGE('',*,*,#2845,.F.);
#1392=ORIENTED_EDGE('',*,*,#2855,.F.);
#1393=ORIENTED_EDGE('',*,*,#2856,.T.);
#1394=ORIENTED_EDGE('',*,*,#2857,.T.);
#1395=ORIENTED_EDGE('',*,*,#2858,.T.);
#1396=ORIENTED_EDGE('',*,*,#2859,.F.);
#1397=ORIENTED_EDGE('',*,*,#2860,.T.);
#1398=ORIENTED_EDGE('',*,*,#2855,.T.);
#1399=ORIENTED_EDGE('',*,*,#2861,.T.);
#1400=ORIENTED_EDGE('',*,*,#2862,.F.);
#1401=ORIENTED_EDGE('',*,*,#2863,.T.);
#1402=ORIENTED_EDGE('',*,*,#2859,.T.);
#1403=ORIENTED_EDGE('',*,*,#2864,.T.);
#1404=ORIENTED_EDGE('',*,*,#2857,.F.);
#1405=ORIENTED_EDGE('',*,*,#2865,.T.);
#1406=ORIENTED_EDGE('',*,*,#2862,.T.);
#1407=ORIENTED_EDGE('',*,*,#2866,.T.);
#1408=ORIENTED_EDGE('',*,*,#2867,.T.);
#1409=ORIENTED_EDGE('',*,*,#2868,.T.);
#1410=ORIENTED_EDGE('',*,*,#2869,.T.);
#1411=ORIENTED_EDGE('',*,*,#2870,.T.);
#1412=ORIENTED_EDGE('',*,*,#2871,.T.);
#1413=ORIENTED_EDGE('',*,*,#2872,.T.);
#1414=ORIENTED_EDGE('',*,*,#2873,.T.);
#1415=ORIENTED_EDGE('',*,*,#2874,.T.);
#1416=ORIENTED_EDGE('',*,*,#2875,.F.);
#1417=ORIENTED_EDGE('',*,*,#2870,.F.);
#1418=ORIENTED_EDGE('',*,*,#2876,.F.);
#1419=ORIENTED_EDGE('',*,*,#2860,.F.);
#1420=ORIENTED_EDGE('',*,*,#2876,.T.);
#1421=ORIENTED_EDGE('',*,*,#2869,.F.);
#1422=ORIENTED_EDGE('',*,*,#2877,.F.);
#1423=ORIENTED_EDGE('',*,*,#2856,.F.);
#1424=ORIENTED_EDGE('',*,*,#2875,.T.);
#1425=ORIENTED_EDGE('',*,*,#2863,.F.);
#1426=ORIENTED_EDGE('',*,*,#2878,.F.);
#1427=ORIENTED_EDGE('',*,*,#2867,.F.);
#1428=ORIENTED_EDGE('',*,*,#2877,.T.);
#1429=ORIENTED_EDGE('',*,*,#2868,.F.);
#1430=ORIENTED_EDGE('',*,*,#2878,.T.);
#1431=ORIENTED_EDGE('',*,*,#2865,.F.);
#1432=ORIENTED_EDGE('',*,*,#2879,.F.);
#1433=ORIENTED_EDGE('',*,*,#2861,.F.);
#1434=ORIENTED_EDGE('',*,*,#2880,.F.);
#1435=ORIENTED_EDGE('',*,*,#2874,.F.);
#1436=ORIENTED_EDGE('',*,*,#2880,.T.);
#1437=ORIENTED_EDGE('',*,*,#2858,.F.);
#1438=ORIENTED_EDGE('',*,*,#2881,.F.);
#1439=ORIENTED_EDGE('',*,*,#2871,.F.);
#1440=ORIENTED_EDGE('',*,*,#2879,.T.);
#1441=ORIENTED_EDGE('',*,*,#2873,.F.);
#1442=ORIENTED_EDGE('',*,*,#2882,.F.);
#1443=ORIENTED_EDGE('',*,*,#2864,.F.);
#1444=ORIENTED_EDGE('',*,*,#2881,.T.);
#1445=ORIENTED_EDGE('',*,*,#2866,.F.);
#1446=ORIENTED_EDGE('',*,*,#2882,.T.);
#1447=ORIENTED_EDGE('',*,*,#2872,.F.);
#1448=ORIENTED_EDGE('',*,*,#2883,.F.);
#1449=ORIENTED_EDGE('',*,*,#2884,.F.);
#1450=ORIENTED_EDGE('',*,*,#2885,.T.);
#1451=ORIENTED_EDGE('',*,*,#2886,.T.);
#1452=ORIENTED_EDGE('',*,*,#2887,.T.);
#1453=ORIENTED_EDGE('',*,*,#2888,.F.);
#1454=ORIENTED_EDGE('',*,*,#2889,.F.);
#1455=ORIENTED_EDGE('',*,*,#2884,.T.);
#1456=ORIENTED_EDGE('',*,*,#2890,.T.);
#1457=ORIENTED_EDGE('',*,*,#2891,.F.);
#1458=ORIENTED_EDGE('',*,*,#2892,.F.);
#1459=ORIENTED_EDGE('',*,*,#2888,.T.);
#1460=ORIENTED_EDGE('',*,*,#2893,.F.);
#1461=ORIENTED_EDGE('',*,*,#2886,.F.);
#1462=ORIENTED_EDGE('',*,*,#2894,.T.);
#1463=ORIENTED_EDGE('',*,*,#2891,.T.);
#1464=ORIENTED_EDGE('',*,*,#2885,.F.);
#1465=ORIENTED_EDGE('',*,*,#2889,.T.);
#1466=ORIENTED_EDGE('',*,*,#2892,.T.);
#1467=ORIENTED_EDGE('',*,*,#2894,.F.);
#1468=ORIENTED_EDGE('',*,*,#2883,.T.);
#1469=ORIENTED_EDGE('',*,*,#2893,.T.);
#1470=ORIENTED_EDGE('',*,*,#2890,.F.);
#1471=ORIENTED_EDGE('',*,*,#2887,.F.);
#1472=ORIENTED_EDGE('',*,*,#2895,.F.);
#1473=ORIENTED_EDGE('',*,*,#2896,.F.);
#1474=ORIENTED_EDGE('',*,*,#2897,.T.);
#1475=ORIENTED_EDGE('',*,*,#2898,.T.);
#1476=ORIENTED_EDGE('',*,*,#2899,.T.);
#1477=ORIENTED_EDGE('',*,*,#2900,.F.);
#1478=ORIENTED_EDGE('',*,*,#2901,.F.);
#1479=ORIENTED_EDGE('',*,*,#2896,.T.);
#1480=ORIENTED_EDGE('',*,*,#2902,.T.);
#1481=ORIENTED_EDGE('',*,*,#2903,.F.);
#1482=ORIENTED_EDGE('',*,*,#2904,.F.);
#1483=ORIENTED_EDGE('',*,*,#2900,.T.);
#1484=ORIENTED_EDGE('',*,*,#2905,.T.);
#1485=ORIENTED_EDGE('',*,*,#2906,.F.);
#1486=ORIENTED_EDGE('',*,*,#2907,.F.);
#1487=ORIENTED_EDGE('',*,*,#2898,.F.);
#1488=ORIENTED_EDGE('',*,*,#2908,.T.);
#1489=ORIENTED_EDGE('',*,*,#2903,.T.);
#1490=ORIENTED_EDGE('',*,*,#2905,.F.);
#1491=ORIENTED_EDGE('',*,*,#2897,.F.);
#1492=ORIENTED_EDGE('',*,*,#2901,.T.);
#1493=ORIENTED_EDGE('',*,*,#2904,.T.);
#1494=ORIENTED_EDGE('',*,*,#2908,.F.);
#1495=ORIENTED_EDGE('',*,*,#2906,.T.);
#1496=ORIENTED_EDGE('',*,*,#2895,.T.);
#1497=ORIENTED_EDGE('',*,*,#2907,.T.);
#1498=ORIENTED_EDGE('',*,*,#2902,.F.);
#1499=ORIENTED_EDGE('',*,*,#2899,.F.);
#1500=ORIENTED_EDGE('',*,*,#2909,.T.);
#1501=ORIENTED_EDGE('',*,*,#2910,.F.);
#1502=ORIENTED_EDGE('',*,*,#2911,.F.);
#1503=ORIENTED_EDGE('',*,*,#2912,.T.);
#1504=ORIENTED_EDGE('',*,*,#2913,.F.);
#1505=ORIENTED_EDGE('',*,*,#2912,.F.);
#1506=ORIENTED_EDGE('',*,*,#2914,.T.);
#1507=ORIENTED_EDGE('',*,*,#2915,.T.);
#1508=ORIENTED_EDGE('',*,*,#2916,.T.);
#1509=ORIENTED_EDGE('',*,*,#2915,.F.);
#1510=ORIENTED_EDGE('',*,*,#2917,.F.);
#1511=ORIENTED_EDGE('',*,*,#2918,.T.);
#1512=ORIENTED_EDGE('',*,*,#2919,.T.);
#1513=ORIENTED_EDGE('',*,*,#2918,.F.);
#1514=ORIENTED_EDGE('',*,*,#2920,.F.);
#1515=ORIENTED_EDGE('',*,*,#2921,.T.);
#1516=ORIENTED_EDGE('',*,*,#2922,.F.);
#1517=ORIENTED_EDGE('',*,*,#2921,.F.);
#1518=ORIENTED_EDGE('',*,*,#2923,.T.);
#1519=ORIENTED_EDGE('',*,*,#2924,.T.);
#1520=ORIENTED_EDGE('',*,*,#2925,.T.);
#1521=ORIENTED_EDGE('',*,*,#2924,.F.);
#1522=ORIENTED_EDGE('',*,*,#2926,.F.);
#1523=ORIENTED_EDGE('',*,*,#2927,.T.);
#1524=ORIENTED_EDGE('',*,*,#2928,.T.);
#1525=ORIENTED_EDGE('',*,*,#2927,.F.);
#1526=ORIENTED_EDGE('',*,*,#2929,.F.);
#1527=ORIENTED_EDGE('',*,*,#2930,.T.);
#1528=ORIENTED_EDGE('',*,*,#2931,.F.);
#1529=ORIENTED_EDGE('',*,*,#2930,.F.);
#1530=ORIENTED_EDGE('',*,*,#2932,.T.);
#1531=ORIENTED_EDGE('',*,*,#2910,.T.);
#1532=ORIENTED_EDGE('',*,*,#2911,.T.);
#1533=ORIENTED_EDGE('',*,*,#2932,.F.);
#1534=ORIENTED_EDGE('',*,*,#2929,.T.);
#1535=ORIENTED_EDGE('',*,*,#2926,.T.);
#1536=ORIENTED_EDGE('',*,*,#2923,.F.);
#1537=ORIENTED_EDGE('',*,*,#2920,.T.);
#1538=ORIENTED_EDGE('',*,*,#2917,.T.);
#1539=ORIENTED_EDGE('',*,*,#2914,.F.);
#1540=ORIENTED_EDGE('',*,*,#2909,.F.);
#1541=ORIENTED_EDGE('',*,*,#2913,.T.);
#1542=ORIENTED_EDGE('',*,*,#2916,.F.);
#1543=ORIENTED_EDGE('',*,*,#2919,.F.);
#1544=ORIENTED_EDGE('',*,*,#2922,.T.);
#1545=ORIENTED_EDGE('',*,*,#2925,.F.);
#1546=ORIENTED_EDGE('',*,*,#2928,.F.);
#1547=ORIENTED_EDGE('',*,*,#2931,.T.);
#1548=ORIENTED_EDGE('',*,*,#2933,.F.);
#1549=ORIENTED_EDGE('',*,*,#2934,.F.);
#1550=ORIENTED_EDGE('',*,*,#2935,.T.);
#1551=ORIENTED_EDGE('',*,*,#2936,.T.);
#1552=ORIENTED_EDGE('',*,*,#2937,.F.);
#1553=ORIENTED_EDGE('',*,*,#2938,.F.);
#1554=ORIENTED_EDGE('',*,*,#2939,.T.);
#1555=ORIENTED_EDGE('',*,*,#2934,.T.);
#1556=ORIENTED_EDGE('',*,*,#2940,.T.);
#1557=ORIENTED_EDGE('',*,*,#2941,.F.);
#1558=ORIENTED_EDGE('',*,*,#2942,.F.);
#1559=ORIENTED_EDGE('',*,*,#2938,.T.);
#1560=ORIENTED_EDGE('',*,*,#2943,.T.);
#1561=ORIENTED_EDGE('',*,*,#2936,.F.);
#1562=ORIENTED_EDGE('',*,*,#2944,.F.);
#1563=ORIENTED_EDGE('',*,*,#2941,.T.);
#1564=ORIENTED_EDGE('',*,*,#2935,.F.);
#1565=ORIENTED_EDGE('',*,*,#2939,.F.);
#1566=ORIENTED_EDGE('',*,*,#2942,.T.);
#1567=ORIENTED_EDGE('',*,*,#2944,.T.);
#1568=ORIENTED_EDGE('',*,*,#2933,.T.);
#1569=ORIENTED_EDGE('',*,*,#2943,.F.);
#1570=ORIENTED_EDGE('',*,*,#2940,.F.);
#1571=ORIENTED_EDGE('',*,*,#2937,.T.);
#1572=ORIENTED_EDGE('',*,*,#2945,.F.);
#1573=ORIENTED_EDGE('',*,*,#2946,.F.);
#1574=ORIENTED_EDGE('',*,*,#2947,.T.);
#1575=ORIENTED_EDGE('',*,*,#2948,.T.);
#1576=ORIENTED_EDGE('',*,*,#2949,.T.);
#1577=ORIENTED_EDGE('',*,*,#2950,.F.);
#1578=ORIENTED_EDGE('',*,*,#2951,.F.);
#1579=ORIENTED_EDGE('',*,*,#2946,.T.);
#1580=ORIENTED_EDGE('',*,*,#2952,.T.);
#1581=ORIENTED_EDGE('',*,*,#2953,.F.);
#1582=ORIENTED_EDGE('',*,*,#2954,.F.);
#1583=ORIENTED_EDGE('',*,*,#2950,.T.);
#1584=ORIENTED_EDGE('',*,*,#2955,.T.);
#1585=ORIENTED_EDGE('',*,*,#2956,.F.);
#1586=ORIENTED_EDGE('',*,*,#2957,.F.);
#1587=ORIENTED_EDGE('',*,*,#2948,.F.);
#1588=ORIENTED_EDGE('',*,*,#2958,.T.);
#1589=ORIENTED_EDGE('',*,*,#2953,.T.);
#1590=ORIENTED_EDGE('',*,*,#2955,.F.);
#1591=ORIENTED_EDGE('',*,*,#2947,.F.);
#1592=ORIENTED_EDGE('',*,*,#2951,.T.);
#1593=ORIENTED_EDGE('',*,*,#2954,.T.);
#1594=ORIENTED_EDGE('',*,*,#2958,.F.);
#1595=ORIENTED_EDGE('',*,*,#2956,.T.);
#1596=ORIENTED_EDGE('',*,*,#2945,.T.);
#1597=ORIENTED_EDGE('',*,*,#2957,.T.);
#1598=ORIENTED_EDGE('',*,*,#2952,.F.);
#1599=ORIENTED_EDGE('',*,*,#2949,.F.);
#1600=ORIENTED_EDGE('',*,*,#2959,.F.);
#1601=ORIENTED_EDGE('',*,*,#2960,.T.);
#1602=ORIENTED_EDGE('',*,*,#2961,.T.);
#1603=ORIENTED_EDGE('',*,*,#2962,.T.);
#1604=ORIENTED_EDGE('',*,*,#2963,.F.);
#1605=ORIENTED_EDGE('',*,*,#2964,.T.);
#1606=ORIENTED_EDGE('',*,*,#2959,.T.);
#1607=ORIENTED_EDGE('',*,*,#2965,.T.);
#1608=ORIENTED_EDGE('',*,*,#2966,.F.);
#1609=ORIENTED_EDGE('',*,*,#2967,.T.);
#1610=ORIENTED_EDGE('',*,*,#2963,.T.);
#1611=ORIENTED_EDGE('',*,*,#2968,.T.);
#1612=ORIENTED_EDGE('',*,*,#2961,.F.);
#1613=ORIENTED_EDGE('',*,*,#2969,.T.);
#1614=ORIENTED_EDGE('',*,*,#2966,.T.);
#1615=ORIENTED_EDGE('',*,*,#2970,.T.);
#1616=ORIENTED_EDGE('',*,*,#2971,.T.);
#1617=ORIENTED_EDGE('',*,*,#2972,.T.);
#1618=ORIENTED_EDGE('',*,*,#2973,.T.);
#1619=ORIENTED_EDGE('',*,*,#2974,.T.);
#1620=ORIENTED_EDGE('',*,*,#2975,.T.);
#1621=ORIENTED_EDGE('',*,*,#2976,.T.);
#1622=ORIENTED_EDGE('',*,*,#2977,.T.);
#1623=ORIENTED_EDGE('',*,*,#2978,.T.);
#1624=ORIENTED_EDGE('',*,*,#2979,.F.);
#1625=ORIENTED_EDGE('',*,*,#2974,.F.);
#1626=ORIENTED_EDGE('',*,*,#2980,.F.);
#1627=ORIENTED_EDGE('',*,*,#2964,.F.);
#1628=ORIENTED_EDGE('',*,*,#2980,.T.);
#1629=ORIENTED_EDGE('',*,*,#2973,.F.);
#1630=ORIENTED_EDGE('',*,*,#2981,.F.);
#1631=ORIENTED_EDGE('',*,*,#2960,.F.);
#1632=ORIENTED_EDGE('',*,*,#2979,.T.);
#1633=ORIENTED_EDGE('',*,*,#2967,.F.);
#1634=ORIENTED_EDGE('',*,*,#2982,.F.);
#1635=ORIENTED_EDGE('',*,*,#2971,.F.);
#1636=ORIENTED_EDGE('',*,*,#2981,.T.);
#1637=ORIENTED_EDGE('',*,*,#2972,.F.);
#1638=ORIENTED_EDGE('',*,*,#2982,.T.);
#1639=ORIENTED_EDGE('',*,*,#2969,.F.);
#1640=ORIENTED_EDGE('',*,*,#2983,.F.);
#1641=ORIENTED_EDGE('',*,*,#2965,.F.);
#1642=ORIENTED_EDGE('',*,*,#2984,.F.);
#1643=ORIENTED_EDGE('',*,*,#2978,.F.);
#1644=ORIENTED_EDGE('',*,*,#2984,.T.);
#1645=ORIENTED_EDGE('',*,*,#2962,.F.);
#1646=ORIENTED_EDGE('',*,*,#2985,.F.);
#1647=ORIENTED_EDGE('',*,*,#2975,.F.);
#1648=ORIENTED_EDGE('',*,*,#2983,.T.);
#1649=ORIENTED_EDGE('',*,*,#2977,.F.);
#1650=ORIENTED_EDGE('',*,*,#2986,.F.);
#1651=ORIENTED_EDGE('',*,*,#2968,.F.);
#1652=ORIENTED_EDGE('',*,*,#2985,.T.);
#1653=ORIENTED_EDGE('',*,*,#2970,.F.);
#1654=ORIENTED_EDGE('',*,*,#2986,.T.);
#1655=ORIENTED_EDGE('',*,*,#2976,.F.);
#1656=ORIENTED_EDGE('',*,*,#2987,.F.);
#1657=ORIENTED_EDGE('',*,*,#2988,.F.);
#1658=ORIENTED_EDGE('',*,*,#2989,.T.);
#1659=ORIENTED_EDGE('',*,*,#2990,.T.);
#1660=ORIENTED_EDGE('',*,*,#2991,.T.);
#1661=ORIENTED_EDGE('',*,*,#2992,.F.);
#1662=ORIENTED_EDGE('',*,*,#2993,.F.);
#1663=ORIENTED_EDGE('',*,*,#2988,.T.);
#1664=ORIENTED_EDGE('',*,*,#2994,.T.);
#1665=ORIENTED_EDGE('',*,*,#2995,.F.);
#1666=ORIENTED_EDGE('',*,*,#2996,.F.);
#1667=ORIENTED_EDGE('',*,*,#2992,.T.);
#1668=ORIENTED_EDGE('',*,*,#2997,.F.);
#1669=ORIENTED_EDGE('',*,*,#2990,.F.);
#1670=ORIENTED_EDGE('',*,*,#2998,.T.);
#1671=ORIENTED_EDGE('',*,*,#2995,.T.);
#1672=ORIENTED_EDGE('',*,*,#2989,.F.);
#1673=ORIENTED_EDGE('',*,*,#2993,.T.);
#1674=ORIENTED_EDGE('',*,*,#2996,.T.);
#1675=ORIENTED_EDGE('',*,*,#2998,.F.);
#1676=ORIENTED_EDGE('',*,*,#2987,.T.);
#1677=ORIENTED_EDGE('',*,*,#2997,.T.);
#1678=ORIENTED_EDGE('',*,*,#2994,.F.);
#1679=ORIENTED_EDGE('',*,*,#2991,.F.);
#1680=ORIENTED_EDGE('',*,*,#2999,.T.);
#1681=ORIENTED_EDGE('',*,*,#3000,.F.);
#1682=ORIENTED_EDGE('',*,*,#3001,.F.);
#1683=ORIENTED_EDGE('',*,*,#3002,.T.);
#1684=ORIENTED_EDGE('',*,*,#3003,.F.);
#1685=ORIENTED_EDGE('',*,*,#3002,.F.);
#1686=ORIENTED_EDGE('',*,*,#3004,.T.);
#1687=ORIENTED_EDGE('',*,*,#3005,.T.);
#1688=ORIENTED_EDGE('',*,*,#3006,.T.);
#1689=ORIENTED_EDGE('',*,*,#3005,.F.);
#1690=ORIENTED_EDGE('',*,*,#3007,.F.);
#1691=ORIENTED_EDGE('',*,*,#3008,.T.);
#1692=ORIENTED_EDGE('',*,*,#3009,.T.);
#1693=ORIENTED_EDGE('',*,*,#3008,.F.);
#1694=ORIENTED_EDGE('',*,*,#3010,.F.);
#1695=ORIENTED_EDGE('',*,*,#3011,.T.);
#1696=ORIENTED_EDGE('',*,*,#3012,.F.);
#1697=ORIENTED_EDGE('',*,*,#3011,.F.);
#1698=ORIENTED_EDGE('',*,*,#3013,.T.);
#1699=ORIENTED_EDGE('',*,*,#3014,.T.);
#1700=ORIENTED_EDGE('',*,*,#3015,.T.);
#1701=ORIENTED_EDGE('',*,*,#3014,.F.);
#1702=ORIENTED_EDGE('',*,*,#3016,.F.);
#1703=ORIENTED_EDGE('',*,*,#3017,.T.);
#1704=ORIENTED_EDGE('',*,*,#3018,.T.);
#1705=ORIENTED_EDGE('',*,*,#3017,.F.);
#1706=ORIENTED_EDGE('',*,*,#3019,.F.);
#1707=ORIENTED_EDGE('',*,*,#3020,.T.);
#1708=ORIENTED_EDGE('',*,*,#3021,.F.);
#1709=ORIENTED_EDGE('',*,*,#3020,.F.);
#1710=ORIENTED_EDGE('',*,*,#3022,.T.);
#1711=ORIENTED_EDGE('',*,*,#3000,.T.);
#1712=ORIENTED_EDGE('',*,*,#3001,.T.);
#1713=ORIENTED_EDGE('',*,*,#3022,.F.);
#1714=ORIENTED_EDGE('',*,*,#3019,.T.);
#1715=ORIENTED_EDGE('',*,*,#3016,.T.);
#1716=ORIENTED_EDGE('',*,*,#3013,.F.);
#1717=ORIENTED_EDGE('',*,*,#3010,.T.);
#1718=ORIENTED_EDGE('',*,*,#3007,.T.);
#1719=ORIENTED_EDGE('',*,*,#3004,.F.);
#1720=ORIENTED_EDGE('',*,*,#2999,.F.);
#1721=ORIENTED_EDGE('',*,*,#3003,.T.);
#1722=ORIENTED_EDGE('',*,*,#3006,.F.);
#1723=ORIENTED_EDGE('',*,*,#3009,.F.);
#1724=ORIENTED_EDGE('',*,*,#3012,.T.);
#1725=ORIENTED_EDGE('',*,*,#3015,.F.);
#1726=ORIENTED_EDGE('',*,*,#3018,.F.);
#1727=ORIENTED_EDGE('',*,*,#3021,.T.);
#1728=ORIENTED_EDGE('',*,*,#3023,.F.);
#1729=ORIENTED_EDGE('',*,*,#3024,.T.);
#1730=ORIENTED_EDGE('',*,*,#3025,.T.);
#1731=ORIENTED_EDGE('',*,*,#3026,.T.);
#1732=ORIENTED_EDGE('',*,*,#3027,.F.);
#1733=ORIENTED_EDGE('',*,*,#3028,.T.);
#1734=ORIENTED_EDGE('',*,*,#3023,.T.);
#1735=ORIENTED_EDGE('',*,*,#3029,.T.);
#1736=ORIENTED_EDGE('',*,*,#3030,.F.);
#1737=ORIENTED_EDGE('',*,*,#3031,.T.);
#1738=ORIENTED_EDGE('',*,*,#3027,.T.);
#1739=ORIENTED_EDGE('',*,*,#3032,.T.);
#1740=ORIENTED_EDGE('',*,*,#3025,.F.);
#1741=ORIENTED_EDGE('',*,*,#3033,.T.);
#1742=ORIENTED_EDGE('',*,*,#3030,.T.);
#1743=ORIENTED_EDGE('',*,*,#3034,.T.);
#1744=ORIENTED_EDGE('',*,*,#3035,.T.);
#1745=ORIENTED_EDGE('',*,*,#3036,.T.);
#1746=ORIENTED_EDGE('',*,*,#3037,.T.);
#1747=ORIENTED_EDGE('',*,*,#3038,.T.);
#1748=ORIENTED_EDGE('',*,*,#3039,.T.);
#1749=ORIENTED_EDGE('',*,*,#3040,.T.);
#1750=ORIENTED_EDGE('',*,*,#3041,.T.);
#1751=ORIENTED_EDGE('',*,*,#3042,.T.);
#1752=ORIENTED_EDGE('',*,*,#3043,.F.);
#1753=ORIENTED_EDGE('',*,*,#3038,.F.);
#1754=ORIENTED_EDGE('',*,*,#3044,.F.);
#1755=ORIENTED_EDGE('',*,*,#3028,.F.);
#1756=ORIENTED_EDGE('',*,*,#3044,.T.);
#1757=ORIENTED_EDGE('',*,*,#3037,.F.);
#1758=ORIENTED_EDGE('',*,*,#3045,.F.);
#1759=ORIENTED_EDGE('',*,*,#3024,.F.);
#1760=ORIENTED_EDGE('',*,*,#3043,.T.);
#1761=ORIENTED_EDGE('',*,*,#3031,.F.);
#1762=ORIENTED_EDGE('',*,*,#3046,.F.);
#1763=ORIENTED_EDGE('',*,*,#3035,.F.);
#1764=ORIENTED_EDGE('',*,*,#3045,.T.);
#1765=ORIENTED_EDGE('',*,*,#3036,.F.);
#1766=ORIENTED_EDGE('',*,*,#3046,.T.);
#1767=ORIENTED_EDGE('',*,*,#3033,.F.);
#1768=ORIENTED_EDGE('',*,*,#3047,.F.);
#1769=ORIENTED_EDGE('',*,*,#3029,.F.);
#1770=ORIENTED_EDGE('',*,*,#3048,.F.);
#1771=ORIENTED_EDGE('',*,*,#3042,.F.);
#1772=ORIENTED_EDGE('',*,*,#3048,.T.);
#1773=ORIENTED_EDGE('',*,*,#3026,.F.);
#1774=ORIENTED_EDGE('',*,*,#3049,.F.);
#1775=ORIENTED_EDGE('',*,*,#3039,.F.);
#1776=ORIENTED_EDGE('',*,*,#3047,.T.);
#1777=ORIENTED_EDGE('',*,*,#3041,.F.);
#1778=ORIENTED_EDGE('',*,*,#3050,.F.);
#1779=ORIENTED_EDGE('',*,*,#3032,.F.);
#1780=ORIENTED_EDGE('',*,*,#3049,.T.);
#1781=ORIENTED_EDGE('',*,*,#3034,.F.);
#1782=ORIENTED_EDGE('',*,*,#3050,.T.);
#1783=ORIENTED_EDGE('',*,*,#3040,.F.);
#1784=ORIENTED_EDGE('',*,*,#3051,.T.);
#1785=ORIENTED_EDGE('',*,*,#3052,.T.);
#1786=ORIENTED_EDGE('',*,*,#3053,.T.);
#1787=ORIENTED_EDGE('',*,*,#3054,.T.);
#1788=ORIENTED_EDGE('',*,*,#3055,.T.);
#1789=ORIENTED_EDGE('',*,*,#3056,.T.);
#1790=ORIENTED_EDGE('',*,*,#3057,.T.);
#1791=ORIENTED_EDGE('',*,*,#3058,.T.);
#1792=ORIENTED_EDGE('',*,*,#3059,.T.);
#1793=ORIENTED_EDGE('',*,*,#3060,.T.);
#1794=ORIENTED_EDGE('',*,*,#3061,.T.);
#1795=ORIENTED_EDGE('',*,*,#3062,.T.);
#1796=ORIENTED_EDGE('',*,*,#3063,.T.);
#1797=ORIENTED_EDGE('',*,*,#3064,.T.);
#1798=ORIENTED_EDGE('',*,*,#3065,.T.);
#1799=ORIENTED_EDGE('',*,*,#3066,.T.);
#1800=ORIENTED_EDGE('',*,*,#3067,.F.);
#1801=ORIENTED_EDGE('',*,*,#3068,.T.);
#1802=ORIENTED_EDGE('',*,*,#3069,.T.);
#1803=ORIENTED_EDGE('',*,*,#3070,.F.);
#1804=ORIENTED_EDGE('',*,*,#3071,.F.);
#1805=ORIENTED_EDGE('',*,*,#3072,.F.);
#1806=ORIENTED_EDGE('',*,*,#3073,.F.);
#1807=ORIENTED_EDGE('',*,*,#3074,.F.);
#1808=ORIENTED_EDGE('',*,*,#3075,.F.);
#1809=ORIENTED_EDGE('',*,*,#3076,.T.);
#1810=ORIENTED_EDGE('',*,*,#3077,.T.);
#1811=ORIENTED_EDGE('',*,*,#3078,.T.);
#1812=ORIENTED_EDGE('',*,*,#3079,.T.);
#1813=ORIENTED_EDGE('',*,*,#3080,.T.);
#1814=ORIENTED_EDGE('',*,*,#3081,.T.);
#1815=ORIENTED_EDGE('',*,*,#3082,.T.);
#1816=ORIENTED_EDGE('',*,*,#3083,.T.);
#1817=ORIENTED_EDGE('',*,*,#3084,.T.);
#1818=ORIENTED_EDGE('',*,*,#3085,.T.);
#1819=ORIENTED_EDGE('',*,*,#3086,.T.);
#1820=ORIENTED_EDGE('',*,*,#3087,.T.);
#1821=ORIENTED_EDGE('',*,*,#3088,.T.);
#1822=ORIENTED_EDGE('',*,*,#3089,.T.);
#1823=ORIENTED_EDGE('',*,*,#3090,.T.);
#1824=ORIENTED_EDGE('',*,*,#3091,.T.);
#1825=ORIENTED_EDGE('',*,*,#3092,.T.);
#1826=ORIENTED_EDGE('',*,*,#3093,.T.);
#1827=ORIENTED_EDGE('',*,*,#3094,.T.);
#1828=ORIENTED_EDGE('',*,*,#3095,.T.);
#1829=ORIENTED_EDGE('',*,*,#3096,.T.);
#1830=ORIENTED_EDGE('',*,*,#3097,.T.);
#1831=ORIENTED_EDGE('',*,*,#3098,.T.);
#1832=ORIENTED_EDGE('',*,*,#3099,.T.);
#1833=ORIENTED_EDGE('',*,*,#3100,.T.);
#1834=ORIENTED_EDGE('',*,*,#3101,.T.);
#1835=ORIENTED_EDGE('',*,*,#3102,.T.);
#1836=ORIENTED_EDGE('',*,*,#3103,.T.);
#1837=ORIENTED_EDGE('',*,*,#3104,.T.);
#1838=ORIENTED_EDGE('',*,*,#3105,.T.);
#1839=ORIENTED_EDGE('',*,*,#3106,.T.);
#1840=ORIENTED_EDGE('',*,*,#3107,.T.);
#1841=ORIENTED_EDGE('',*,*,#3108,.T.);
#1842=ORIENTED_EDGE('',*,*,#3109,.T.);
#1843=ORIENTED_EDGE('',*,*,#3110,.T.);
#1844=ORIENTED_EDGE('',*,*,#3111,.T.);
#1845=ORIENTED_EDGE('',*,*,#3112,.T.);
#1846=ORIENTED_EDGE('',*,*,#3113,.T.);
#1847=ORIENTED_EDGE('',*,*,#3114,.T.);
#1848=ORIENTED_EDGE('',*,*,#3115,.T.);
#1849=ORIENTED_EDGE('',*,*,#3116,.F.);
#1850=ORIENTED_EDGE('',*,*,#3117,.F.);
#1851=ORIENTED_EDGE('',*,*,#3118,.F.);
#1852=ORIENTED_EDGE('',*,*,#3119,.F.);
#1853=ORIENTED_EDGE('',*,*,#3120,.F.);
#1854=ORIENTED_EDGE('',*,*,#3121,.F.);
#1855=ORIENTED_EDGE('',*,*,#3122,.F.);
#1856=ORIENTED_EDGE('',*,*,#3123,.F.);
#1857=ORIENTED_EDGE('',*,*,#3124,.F.);
#1858=ORIENTED_EDGE('',*,*,#3125,.F.);
#1859=ORIENTED_EDGE('',*,*,#3126,.F.);
#1860=ORIENTED_EDGE('',*,*,#3127,.F.);
#1861=ORIENTED_EDGE('',*,*,#3128,.F.);
#1862=ORIENTED_EDGE('',*,*,#3129,.F.);
#1863=ORIENTED_EDGE('',*,*,#3130,.F.);
#1864=ORIENTED_EDGE('',*,*,#3131,.F.);
#1865=ORIENTED_EDGE('',*,*,#3132,.F.);
#1866=ORIENTED_EDGE('',*,*,#3133,.F.);
#1867=ORIENTED_EDGE('',*,*,#3134,.F.);
#1868=ORIENTED_EDGE('',*,*,#3135,.F.);
#1869=ORIENTED_EDGE('',*,*,#3136,.F.);
#1870=ORIENTED_EDGE('',*,*,#3137,.F.);
#1871=ORIENTED_EDGE('',*,*,#3138,.F.);
#1872=ORIENTED_EDGE('',*,*,#3139,.F.);
#1873=ORIENTED_EDGE('',*,*,#3140,.F.);
#1874=ORIENTED_EDGE('',*,*,#3141,.F.);
#1875=ORIENTED_EDGE('',*,*,#3142,.F.);
#1876=ORIENTED_EDGE('',*,*,#3143,.F.);
#1877=ORIENTED_EDGE('',*,*,#3144,.F.);
#1878=ORIENTED_EDGE('',*,*,#3145,.T.);
#1879=ORIENTED_EDGE('',*,*,#3146,.T.);
#1880=ORIENTED_EDGE('',*,*,#3147,.T.);
#1881=ORIENTED_EDGE('',*,*,#3148,.T.);
#1882=ORIENTED_EDGE('',*,*,#3149,.T.);
#1883=ORIENTED_EDGE('',*,*,#3150,.T.);
#1884=ORIENTED_EDGE('',*,*,#3151,.T.);
#1885=ORIENTED_EDGE('',*,*,#3152,.F.);
#1886=ORIENTED_EDGE('',*,*,#3153,.F.);
#1887=ORIENTED_EDGE('',*,*,#3154,.F.);
#1888=ORIENTED_EDGE('',*,*,#3155,.F.);
#1889=ORIENTED_EDGE('',*,*,#3156,.F.);
#1890=ORIENTED_EDGE('',*,*,#3157,.F.);
#1891=ORIENTED_EDGE('',*,*,#3158,.F.);
#1892=ORIENTED_EDGE('',*,*,#3159,.F.);
#1893=ORIENTED_EDGE('',*,*,#3160,.F.);
#1894=ORIENTED_EDGE('',*,*,#3161,.F.);
#1895=ORIENTED_EDGE('',*,*,#3162,.F.);
#1896=ORIENTED_EDGE('',*,*,#3163,.F.);
#1897=ORIENTED_EDGE('',*,*,#3164,.F.);
#1898=ORIENTED_EDGE('',*,*,#3165,.F.);
#1899=ORIENTED_EDGE('',*,*,#3166,.F.);
#1900=ORIENTED_EDGE('',*,*,#3167,.F.);
#1901=ORIENTED_EDGE('',*,*,#3168,.F.);
#1902=ORIENTED_EDGE('',*,*,#3169,.F.);
#1903=ORIENTED_EDGE('',*,*,#3170,.F.);
#1904=ORIENTED_EDGE('',*,*,#3171,.F.);
#1905=ORIENTED_EDGE('',*,*,#3172,.F.);
#1906=ORIENTED_EDGE('',*,*,#3173,.F.);
#1907=ORIENTED_EDGE('',*,*,#3174,.F.);
#1908=ORIENTED_EDGE('',*,*,#3175,.F.);
#1909=ORIENTED_EDGE('',*,*,#3176,.F.);
#1910=ORIENTED_EDGE('',*,*,#3177,.F.);
#1911=ORIENTED_EDGE('',*,*,#3178,.F.);
#1912=ORIENTED_EDGE('',*,*,#3179,.F.);
#1913=ORIENTED_EDGE('',*,*,#3180,.F.);
#1914=ORIENTED_EDGE('',*,*,#3150,.F.);
#1915=ORIENTED_EDGE('',*,*,#3181,.F.);
#1916=ORIENTED_EDGE('',*,*,#3067,.T.);
#1917=ORIENTED_EDGE('',*,*,#3182,.T.);
#1918=ORIENTED_EDGE('',*,*,#3153,.T.);
#1919=ORIENTED_EDGE('',*,*,#3183,.F.);
#1920=ORIENTED_EDGE('',*,*,#3068,.F.);
#1921=ORIENTED_EDGE('',*,*,#3181,.T.);
#1922=ORIENTED_EDGE('',*,*,#3152,.T.);
#1923=ORIENTED_EDGE('',*,*,#3184,.F.);
#1924=ORIENTED_EDGE('',*,*,#3069,.F.);
#1925=ORIENTED_EDGE('',*,*,#3183,.T.);
#1926=ORIENTED_EDGE('',*,*,#3151,.F.);
#1927=ORIENTED_EDGE('',*,*,#3182,.F.);
#1928=ORIENTED_EDGE('',*,*,#3070,.T.);
#1929=ORIENTED_EDGE('',*,*,#3184,.T.);
#1930=ORIENTED_EDGE('',*,*,#3071,.T.);
#1931=ORIENTED_EDGE('',*,*,#3149,.F.);
#1932=ORIENTED_EDGE('',*,*,#3072,.T.);
#1933=ORIENTED_EDGE('',*,*,#3148,.F.);
#1934=ORIENTED_EDGE('',*,*,#3073,.T.);
#1935=ORIENTED_EDGE('',*,*,#3147,.F.);
#1936=ORIENTED_EDGE('',*,*,#3074,.T.);
#1937=ORIENTED_EDGE('',*,*,#3146,.F.);
#1938=ORIENTED_EDGE('',*,*,#3075,.T.);
#1939=ORIENTED_EDGE('',*,*,#3145,.F.);
#1940=ORIENTED_EDGE('',*,*,#3129,.T.);
#1941=ORIENTED_EDGE('',*,*,#3185,.T.);
#1942=ORIENTED_EDGE('',*,*,#3077,.F.);
#1943=ORIENTED_EDGE('',*,*,#3186,.F.);
#1944=ORIENTED_EDGE('',*,*,#3130,.T.);
#1945=ORIENTED_EDGE('',*,*,#3186,.T.);
#1946=ORIENTED_EDGE('',*,*,#3076,.F.);
#1947=ORIENTED_EDGE('',*,*,#3187,.F.);
#1948=ORIENTED_EDGE('',*,*,#3131,.T.);
#1949=ORIENTED_EDGE('',*,*,#3187,.T.);
#1950=ORIENTED_EDGE('',*,*,#3091,.F.);
#1951=ORIENTED_EDGE('',*,*,#3188,.F.);
#1952=ORIENTED_EDGE('',*,*,#3132,.T.);
#1953=ORIENTED_EDGE('',*,*,#3188,.T.);
#1954=ORIENTED_EDGE('',*,*,#3090,.F.);
#1955=ORIENTED_EDGE('',*,*,#3189,.F.);
#1956=ORIENTED_EDGE('',*,*,#3133,.T.);
#1957=ORIENTED_EDGE('',*,*,#3189,.T.);
#1958=ORIENTED_EDGE('',*,*,#3089,.F.);
#1959=ORIENTED_EDGE('',*,*,#3190,.F.);
#1960=ORIENTED_EDGE('',*,*,#3134,.T.);
#1961=ORIENTED_EDGE('',*,*,#3190,.T.);
#1962=ORIENTED_EDGE('',*,*,#3088,.F.);
#1963=ORIENTED_EDGE('',*,*,#3191,.F.);
#1964=ORIENTED_EDGE('',*,*,#3135,.T.);
#1965=ORIENTED_EDGE('',*,*,#3191,.T.);
#1966=ORIENTED_EDGE('',*,*,#3087,.F.);
#1967=ORIENTED_EDGE('',*,*,#3192,.F.);
#1968=ORIENTED_EDGE('',*,*,#3136,.T.);
#1969=ORIENTED_EDGE('',*,*,#3192,.T.);
#1970=ORIENTED_EDGE('',*,*,#3086,.F.);
#1971=ORIENTED_EDGE('',*,*,#3193,.F.);
#1972=ORIENTED_EDGE('',*,*,#3137,.T.);
#1973=ORIENTED_EDGE('',*,*,#3193,.T.);
#1974=ORIENTED_EDGE('',*,*,#3085,.F.);
#1975=ORIENTED_EDGE('',*,*,#3194,.F.);
#1976=ORIENTED_EDGE('',*,*,#3138,.T.);
#1977=ORIENTED_EDGE('',*,*,#3194,.T.);
#1978=ORIENTED_EDGE('',*,*,#3084,.F.);
#1979=ORIENTED_EDGE('',*,*,#3195,.F.);
#1980=ORIENTED_EDGE('',*,*,#3139,.T.);
#1981=ORIENTED_EDGE('',*,*,#3195,.T.);
#1982=ORIENTED_EDGE('',*,*,#3083,.F.);
#1983=ORIENTED_EDGE('',*,*,#3196,.F.);
#1984=ORIENTED_EDGE('',*,*,#3140,.T.);
#1985=ORIENTED_EDGE('',*,*,#3196,.T.);
#1986=ORIENTED_EDGE('',*,*,#3082,.F.);
#1987=ORIENTED_EDGE('',*,*,#3197,.F.);
#1988=ORIENTED_EDGE('',*,*,#3141,.T.);
#1989=ORIENTED_EDGE('',*,*,#3197,.T.);
#1990=ORIENTED_EDGE('',*,*,#3081,.F.);
#1991=ORIENTED_EDGE('',*,*,#3198,.F.);
#1992=ORIENTED_EDGE('',*,*,#3142,.T.);
#1993=ORIENTED_EDGE('',*,*,#3198,.T.);
#1994=ORIENTED_EDGE('',*,*,#3080,.F.);
#1995=ORIENTED_EDGE('',*,*,#3199,.F.);
#1996=ORIENTED_EDGE('',*,*,#3143,.T.);
#1997=ORIENTED_EDGE('',*,*,#3199,.T.);
#1998=ORIENTED_EDGE('',*,*,#3079,.F.);
#1999=ORIENTED_EDGE('',*,*,#3200,.F.);
#2000=ORIENTED_EDGE('',*,*,#3144,.T.);
#2001=ORIENTED_EDGE('',*,*,#3200,.T.);
#2002=ORIENTED_EDGE('',*,*,#3078,.F.);
#2003=ORIENTED_EDGE('',*,*,#3185,.F.);
#2004=ORIENTED_EDGE('',*,*,#3154,.T.);
#2005=ORIENTED_EDGE('',*,*,#3201,.T.);
#2006=ORIENTED_EDGE('',*,*,#3052,.F.);
#2007=ORIENTED_EDGE('',*,*,#3202,.F.);
#2008=ORIENTED_EDGE('',*,*,#3155,.T.);
#2009=ORIENTED_EDGE('',*,*,#3202,.T.);
#2010=ORIENTED_EDGE('',*,*,#3051,.F.);
#2011=ORIENTED_EDGE('',*,*,#3203,.F.);
#2012=ORIENTED_EDGE('',*,*,#3156,.T.);
#2013=ORIENTED_EDGE('',*,*,#3203,.T.);
#2014=ORIENTED_EDGE('',*,*,#3066,.F.);
#2015=ORIENTED_EDGE('',*,*,#3204,.F.);
#2016=ORIENTED_EDGE('',*,*,#3157,.T.);
#2017=ORIENTED_EDGE('',*,*,#3204,.T.);
#2018=ORIENTED_EDGE('',*,*,#3065,.F.);
#2019=ORIENTED_EDGE('',*,*,#3205,.F.);
#2020=ORIENTED_EDGE('',*,*,#3158,.T.);
#2021=ORIENTED_EDGE('',*,*,#3205,.T.);
#2022=ORIENTED_EDGE('',*,*,#3064,.F.);
#2023=ORIENTED_EDGE('',*,*,#3206,.F.);
#2024=ORIENTED_EDGE('',*,*,#3159,.T.);
#2025=ORIENTED_EDGE('',*,*,#3206,.T.);
#2026=ORIENTED_EDGE('',*,*,#3063,.F.);
#2027=ORIENTED_EDGE('',*,*,#3207,.F.);
#2028=ORIENTED_EDGE('',*,*,#3160,.T.);
#2029=ORIENTED_EDGE('',*,*,#3207,.T.);
#2030=ORIENTED_EDGE('',*,*,#3062,.F.);
#2031=ORIENTED_EDGE('',*,*,#3208,.F.);
#2032=ORIENTED_EDGE('',*,*,#3161,.T.);
#2033=ORIENTED_EDGE('',*,*,#3208,.T.);
#2034=ORIENTED_EDGE('',*,*,#3061,.F.);
#2035=ORIENTED_EDGE('',*,*,#3209,.F.);
#2036=ORIENTED_EDGE('',*,*,#3162,.T.);
#2037=ORIENTED_EDGE('',*,*,#3209,.T.);
#2038=ORIENTED_EDGE('',*,*,#3060,.F.);
#2039=ORIENTED_EDGE('',*,*,#3210,.F.);
#2040=ORIENTED_EDGE('',*,*,#3163,.T.);
#2041=ORIENTED_EDGE('',*,*,#3210,.T.);
#2042=ORIENTED_EDGE('',*,*,#3059,.F.);
#2043=ORIENTED_EDGE('',*,*,#3211,.F.);
#2044=ORIENTED_EDGE('',*,*,#3164,.T.);
#2045=ORIENTED_EDGE('',*,*,#3211,.T.);
#2046=ORIENTED_EDGE('',*,*,#3058,.F.);
#2047=ORIENTED_EDGE('',*,*,#3212,.F.);
#2048=ORIENTED_EDGE('',*,*,#3165,.T.);
#2049=ORIENTED_EDGE('',*,*,#3212,.T.);
#2050=ORIENTED_EDGE('',*,*,#3057,.F.);
#2051=ORIENTED_EDGE('',*,*,#3213,.F.);
#2052=ORIENTED_EDGE('',*,*,#3166,.T.);
#2053=ORIENTED_EDGE('',*,*,#3213,.T.);
#2054=ORIENTED_EDGE('',*,*,#3056,.F.);
#2055=ORIENTED_EDGE('',*,*,#3214,.F.);
#2056=ORIENTED_EDGE('',*,*,#3167,.T.);
#2057=ORIENTED_EDGE('',*,*,#3214,.T.);
#2058=ORIENTED_EDGE('',*,*,#3055,.F.);
#2059=ORIENTED_EDGE('',*,*,#3215,.F.);
#2060=ORIENTED_EDGE('',*,*,#3168,.T.);
#2061=ORIENTED_EDGE('',*,*,#3215,.T.);
#2062=ORIENTED_EDGE('',*,*,#3054,.F.);
#2063=ORIENTED_EDGE('',*,*,#3216,.F.);
#2064=ORIENTED_EDGE('',*,*,#3169,.T.);
#2065=ORIENTED_EDGE('',*,*,#3216,.T.);
#2066=ORIENTED_EDGE('',*,*,#3053,.F.);
#2067=ORIENTED_EDGE('',*,*,#3201,.F.);
#2068=ORIENTED_EDGE('',*,*,#3116,.T.);
#2069=ORIENTED_EDGE('',*,*,#3217,.T.);
#2070=ORIENTED_EDGE('',*,*,#3093,.F.);
#2071=ORIENTED_EDGE('',*,*,#3218,.F.);
#2072=ORIENTED_EDGE('',*,*,#3117,.T.);
#2073=ORIENTED_EDGE('',*,*,#3218,.T.);
#2074=ORIENTED_EDGE('',*,*,#3092,.F.);
#2075=ORIENTED_EDGE('',*,*,#3219,.F.);
#2076=ORIENTED_EDGE('',*,*,#3118,.T.);
#2077=ORIENTED_EDGE('',*,*,#3219,.T.);
#2078=ORIENTED_EDGE('',*,*,#3104,.F.);
#2079=ORIENTED_EDGE('',*,*,#3220,.F.);
#2080=ORIENTED_EDGE('',*,*,#3119,.T.);
#2081=ORIENTED_EDGE('',*,*,#3220,.T.);
#2082=ORIENTED_EDGE('',*,*,#3103,.F.);
#2083=ORIENTED_EDGE('',*,*,#3221,.F.);
#2084=ORIENTED_EDGE('',*,*,#3120,.T.);
#2085=ORIENTED_EDGE('',*,*,#3221,.T.);
#2086=ORIENTED_EDGE('',*,*,#3102,.F.);
#2087=ORIENTED_EDGE('',*,*,#3222,.F.);
#2088=ORIENTED_EDGE('',*,*,#3121,.T.);
#2089=ORIENTED_EDGE('',*,*,#3222,.T.);
#2090=ORIENTED_EDGE('',*,*,#3101,.F.);
#2091=ORIENTED_EDGE('',*,*,#3223,.F.);
#2092=ORIENTED_EDGE('',*,*,#3122,.T.);
#2093=ORIENTED_EDGE('',*,*,#3223,.T.);
#2094=ORIENTED_EDGE('',*,*,#3100,.F.);
#2095=ORIENTED_EDGE('',*,*,#3224,.F.);
#2096=ORIENTED_EDGE('',*,*,#3123,.T.);
#2097=ORIENTED_EDGE('',*,*,#3224,.T.);
#2098=ORIENTED_EDGE('',*,*,#3099,.F.);
#2099=ORIENTED_EDGE('',*,*,#3225,.F.);
#2100=ORIENTED_EDGE('',*,*,#3124,.T.);
#2101=ORIENTED_EDGE('',*,*,#3225,.T.);
#2102=ORIENTED_EDGE('',*,*,#3098,.F.);
#2103=ORIENTED_EDGE('',*,*,#3226,.F.);
#2104=ORIENTED_EDGE('',*,*,#3125,.T.);
#2105=ORIENTED_EDGE('',*,*,#3226,.T.);
#2106=ORIENTED_EDGE('',*,*,#3097,.F.);
#2107=ORIENTED_EDGE('',*,*,#3227,.F.);
#2108=ORIENTED_EDGE('',*,*,#3126,.T.);
#2109=ORIENTED_EDGE('',*,*,#3227,.T.);
#2110=ORIENTED_EDGE('',*,*,#3096,.F.);
#2111=ORIENTED_EDGE('',*,*,#3228,.F.);
#2112=ORIENTED_EDGE('',*,*,#3127,.T.);
#2113=ORIENTED_EDGE('',*,*,#3228,.T.);
#2114=ORIENTED_EDGE('',*,*,#3095,.F.);
#2115=ORIENTED_EDGE('',*,*,#3229,.F.);
#2116=ORIENTED_EDGE('',*,*,#3128,.T.);
#2117=ORIENTED_EDGE('',*,*,#3229,.T.);
#2118=ORIENTED_EDGE('',*,*,#3094,.F.);
#2119=ORIENTED_EDGE('',*,*,#3217,.F.);
#2120=ORIENTED_EDGE('',*,*,#3170,.T.);
#2121=ORIENTED_EDGE('',*,*,#3230,.T.);
#2122=ORIENTED_EDGE('',*,*,#3106,.F.);
#2123=ORIENTED_EDGE('',*,*,#3231,.F.);
#2124=ORIENTED_EDGE('',*,*,#3171,.T.);
#2125=ORIENTED_EDGE('',*,*,#3231,.T.);
#2126=ORIENTED_EDGE('',*,*,#3105,.F.);
#2127=ORIENTED_EDGE('',*,*,#3232,.F.);
#2128=ORIENTED_EDGE('',*,*,#3172,.T.);
#2129=ORIENTED_EDGE('',*,*,#3232,.T.);
#2130=ORIENTED_EDGE('',*,*,#3115,.F.);
#2131=ORIENTED_EDGE('',*,*,#3233,.F.);
#2132=ORIENTED_EDGE('',*,*,#3173,.T.);
#2133=ORIENTED_EDGE('',*,*,#3233,.T.);
#2134=ORIENTED_EDGE('',*,*,#3114,.F.);
#2135=ORIENTED_EDGE('',*,*,#3234,.F.);
#2136=ORIENTED_EDGE('',*,*,#3174,.T.);
#2137=ORIENTED_EDGE('',*,*,#3234,.T.);
#2138=ORIENTED_EDGE('',*,*,#3113,.F.);
#2139=ORIENTED_EDGE('',*,*,#3235,.F.);
#2140=ORIENTED_EDGE('',*,*,#3175,.T.);
#2141=ORIENTED_EDGE('',*,*,#3235,.T.);
#2142=ORIENTED_EDGE('',*,*,#3112,.F.);
#2143=ORIENTED_EDGE('',*,*,#3236,.F.);
#2144=ORIENTED_EDGE('',*,*,#3176,.T.);
#2145=ORIENTED_EDGE('',*,*,#3236,.T.);
#2146=ORIENTED_EDGE('',*,*,#3111,.F.);
#2147=ORIENTED_EDGE('',*,*,#3237,.F.);
#2148=ORIENTED_EDGE('',*,*,#3177,.T.);
#2149=ORIENTED_EDGE('',*,*,#3237,.T.);
#2150=ORIENTED_EDGE('',*,*,#3110,.F.);
#2151=ORIENTED_EDGE('',*,*,#3238,.F.);
#2152=ORIENTED_EDGE('',*,*,#3178,.T.);
#2153=ORIENTED_EDGE('',*,*,#3238,.T.);
#2154=ORIENTED_EDGE('',*,*,#3109,.F.);
#2155=ORIENTED_EDGE('',*,*,#3239,.F.);
#2156=ORIENTED_EDGE('',*,*,#3179,.T.);
#2157=ORIENTED_EDGE('',*,*,#3239,.T.);
#2158=ORIENTED_EDGE('',*,*,#3108,.F.);
#2159=ORIENTED_EDGE('',*,*,#3240,.F.);
#2160=ORIENTED_EDGE('',*,*,#3180,.T.);
#2161=ORIENTED_EDGE('',*,*,#3240,.T.);
#2162=ORIENTED_EDGE('',*,*,#3107,.F.);
#2163=ORIENTED_EDGE('',*,*,#3230,.F.);
#2164=ORIENTED_EDGE('',*,*,#3241,.T.);
#2165=ORIENTED_EDGE('',*,*,#3242,.F.);
#2166=ORIENTED_EDGE('',*,*,#3243,.F.);
#2167=ORIENTED_EDGE('',*,*,#3244,.T.);
#2168=ORIENTED_EDGE('',*,*,#3245,.F.);
#2169=ORIENTED_EDGE('',*,*,#3244,.F.);
#2170=ORIENTED_EDGE('',*,*,#3246,.T.);
#2171=ORIENTED_EDGE('',*,*,#3247,.T.);
#2172=ORIENTED_EDGE('',*,*,#3248,.T.);
#2173=ORIENTED_EDGE('',*,*,#3247,.F.);
#2174=ORIENTED_EDGE('',*,*,#3249,.F.);
#2175=ORIENTED_EDGE('',*,*,#3250,.T.);
#2176=ORIENTED_EDGE('',*,*,#3251,.T.);
#2177=ORIENTED_EDGE('',*,*,#3250,.F.);
#2178=ORIENTED_EDGE('',*,*,#3252,.F.);
#2179=ORIENTED_EDGE('',*,*,#3253,.T.);
#2180=ORIENTED_EDGE('',*,*,#3254,.F.);
#2181=ORIENTED_EDGE('',*,*,#3253,.F.);
#2182=ORIENTED_EDGE('',*,*,#3255,.T.);
#2183=ORIENTED_EDGE('',*,*,#3256,.T.);
#2184=ORIENTED_EDGE('',*,*,#3257,.T.);
#2185=ORIENTED_EDGE('',*,*,#3256,.F.);
#2186=ORIENTED_EDGE('',*,*,#3258,.F.);
#2187=ORIENTED_EDGE('',*,*,#3259,.T.);
#2188=ORIENTED_EDGE('',*,*,#3260,.T.);
#2189=ORIENTED_EDGE('',*,*,#3259,.F.);
#2190=ORIENTED_EDGE('',*,*,#3261,.F.);
#2191=ORIENTED_EDGE('',*,*,#3262,.T.);
#2192=ORIENTED_EDGE('',*,*,#3263,.F.);
#2193=ORIENTED_EDGE('',*,*,#3262,.F.);
#2194=ORIENTED_EDGE('',*,*,#3264,.T.);
#2195=ORIENTED_EDGE('',*,*,#3242,.T.);
#2196=ORIENTED_EDGE('',*,*,#3243,.T.);
#2197=ORIENTED_EDGE('',*,*,#3264,.F.);
#2198=ORIENTED_EDGE('',*,*,#3261,.T.);
#2199=ORIENTED_EDGE('',*,*,#3258,.T.);
#2200=ORIENTED_EDGE('',*,*,#3255,.F.);
#2201=ORIENTED_EDGE('',*,*,#3252,.T.);
#2202=ORIENTED_EDGE('',*,*,#3249,.T.);
#2203=ORIENTED_EDGE('',*,*,#3246,.F.);
#2204=ORIENTED_EDGE('',*,*,#3241,.F.);
#2205=ORIENTED_EDGE('',*,*,#3245,.T.);
#2206=ORIENTED_EDGE('',*,*,#3248,.F.);
#2207=ORIENTED_EDGE('',*,*,#3251,.F.);
#2208=ORIENTED_EDGE('',*,*,#3254,.T.);
#2209=ORIENTED_EDGE('',*,*,#3257,.F.);
#2210=ORIENTED_EDGE('',*,*,#3260,.F.);
#2211=ORIENTED_EDGE('',*,*,#3263,.T.);
#2212=ORIENTED_EDGE('',*,*,#3265,.F.);
#2213=ORIENTED_EDGE('',*,*,#3266,.F.);
#2214=ORIENTED_EDGE('',*,*,#3267,.T.);
#2215=ORIENTED_EDGE('',*,*,#3268,.T.);
#2216=ORIENTED_EDGE('',*,*,#3269,.T.);
#2217=ORIENTED_EDGE('',*,*,#3270,.F.);
#2218=ORIENTED_EDGE('',*,*,#3271,.F.);
#2219=ORIENTED_EDGE('',*,*,#3266,.T.);
#2220=ORIENTED_EDGE('',*,*,#3272,.T.);
#2221=ORIENTED_EDGE('',*,*,#3273,.F.);
#2222=ORIENTED_EDGE('',*,*,#3274,.F.);
#2223=ORIENTED_EDGE('',*,*,#3270,.T.);
#2224=ORIENTED_EDGE('',*,*,#3275,.F.);
#2225=ORIENTED_EDGE('',*,*,#3268,.F.);
#2226=ORIENTED_EDGE('',*,*,#3276,.T.);
#2227=ORIENTED_EDGE('',*,*,#3273,.T.);
#2228=ORIENTED_EDGE('',*,*,#3267,.F.);
#2229=ORIENTED_EDGE('',*,*,#3271,.T.);
#2230=ORIENTED_EDGE('',*,*,#3274,.T.);
#2231=ORIENTED_EDGE('',*,*,#3276,.F.);
#2232=ORIENTED_EDGE('',*,*,#3265,.T.);
#2233=ORIENTED_EDGE('',*,*,#3275,.T.);
#2234=ORIENTED_EDGE('',*,*,#3272,.F.);
#2235=ORIENTED_EDGE('',*,*,#3269,.F.);
#2236=ORIENTED_EDGE('',*,*,#3277,.F.);
#2237=ORIENTED_EDGE('',*,*,#3278,.F.);
#2238=ORIENTED_EDGE('',*,*,#3279,.F.);
#2239=ORIENTED_EDGE('',*,*,#3280,.F.);
#2240=ORIENTED_EDGE('',*,*,#3281,.F.);
#2241=ORIENTED_EDGE('',*,*,#3282,.F.);
#2242=ORIENTED_EDGE('',*,*,#3283,.F.);
#2243=ORIENTED_EDGE('',*,*,#3284,.F.);
#2244=ORIENTED_EDGE('',*,*,#3285,.F.);
#2245=ORIENTED_EDGE('',*,*,#3285,.T.);
#2246=ORIENTED_EDGE('',*,*,#3286,.T.);
#2247=ORIENTED_EDGE('',*,*,#3287,.F.);
#2248=ORIENTED_EDGE('',*,*,#3288,.F.);
#2249=ORIENTED_EDGE('',*,*,#3284,.T.);
#2250=ORIENTED_EDGE('',*,*,#3289,.T.);
#2251=ORIENTED_EDGE('',*,*,#3290,.F.);
#2252=ORIENTED_EDGE('',*,*,#3286,.F.);
#2253=ORIENTED_EDGE('',*,*,#3283,.T.);
#2254=ORIENTED_EDGE('',*,*,#3291,.T.);
#2255=ORIENTED_EDGE('',*,*,#3292,.F.);
#2256=ORIENTED_EDGE('',*,*,#3289,.F.);
#2257=ORIENTED_EDGE('',*,*,#3282,.T.);
#2258=ORIENTED_EDGE('',*,*,#3293,.T.);
#2259=ORIENTED_EDGE('',*,*,#3294,.F.);
#2260=ORIENTED_EDGE('',*,*,#3291,.F.);
#2261=ORIENTED_EDGE('',*,*,#3281,.T.);
#2262=ORIENTED_EDGE('',*,*,#3295,.T.);
#2263=ORIENTED_EDGE('',*,*,#3296,.F.);
#2264=ORIENTED_EDGE('',*,*,#3293,.F.);
#2265=ORIENTED_EDGE('',*,*,#3280,.T.);
#2266=ORIENTED_EDGE('',*,*,#3297,.T.);
#2267=ORIENTED_EDGE('',*,*,#3298,.F.);
#2268=ORIENTED_EDGE('',*,*,#3295,.F.);
#2269=ORIENTED_EDGE('',*,*,#3279,.T.);
#2270=ORIENTED_EDGE('',*,*,#3299,.T.);
#2271=ORIENTED_EDGE('',*,*,#3300,.F.);
#2272=ORIENTED_EDGE('',*,*,#3297,.F.);
#2273=ORIENTED_EDGE('',*,*,#3278,.T.);
#2274=ORIENTED_EDGE('',*,*,#3301,.T.);
#2275=ORIENTED_EDGE('',*,*,#3302,.F.);
#2276=ORIENTED_EDGE('',*,*,#3299,.F.);
#2277=ORIENTED_EDGE('',*,*,#3277,.T.);
#2278=ORIENTED_EDGE('',*,*,#3288,.T.);
#2279=ORIENTED_EDGE('',*,*,#3303,.F.);
#2280=ORIENTED_EDGE('',*,*,#3301,.F.);
#2281=ORIENTED_EDGE('',*,*,#3302,.T.);
#2282=ORIENTED_EDGE('',*,*,#3303,.T.);
#2283=ORIENTED_EDGE('',*,*,#3287,.T.);
#2284=ORIENTED_EDGE('',*,*,#3290,.T.);
#2285=ORIENTED_EDGE('',*,*,#3292,.T.);
#2286=ORIENTED_EDGE('',*,*,#3294,.T.);
#2287=ORIENTED_EDGE('',*,*,#3296,.T.);
#2288=ORIENTED_EDGE('',*,*,#3298,.T.);
#2289=ORIENTED_EDGE('',*,*,#3300,.T.);
#2290=ORIENTED_EDGE('',*,*,#3304,.F.);
#2291=ORIENTED_EDGE('',*,*,#3305,.F.);
#2292=ORIENTED_EDGE('',*,*,#3306,.T.);
#2293=ORIENTED_EDGE('',*,*,#3307,.T.);
#2294=ORIENTED_EDGE('',*,*,#3308,.T.);
#2295=ORIENTED_EDGE('',*,*,#3309,.F.);
#2296=ORIENTED_EDGE('',*,*,#3310,.F.);
#2297=ORIENTED_EDGE('',*,*,#3305,.T.);
#2298=ORIENTED_EDGE('',*,*,#3311,.T.);
#2299=ORIENTED_EDGE('',*,*,#3312,.F.);
#2300=ORIENTED_EDGE('',*,*,#3313,.F.);
#2301=ORIENTED_EDGE('',*,*,#3309,.T.);
#2302=ORIENTED_EDGE('',*,*,#3314,.T.);
#2303=ORIENTED_EDGE('',*,*,#3315,.F.);
#2304=ORIENTED_EDGE('',*,*,#3316,.F.);
#2305=ORIENTED_EDGE('',*,*,#3312,.T.);
#2306=ORIENTED_EDGE('',*,*,#3317,.T.);
#2307=ORIENTED_EDGE('',*,*,#3318,.F.);
#2308=ORIENTED_EDGE('',*,*,#3319,.F.);
#2309=ORIENTED_EDGE('',*,*,#3315,.T.);
#2310=ORIENTED_EDGE('',*,*,#3320,.T.);
#2311=ORIENTED_EDGE('',*,*,#3321,.F.);
#2312=ORIENTED_EDGE('',*,*,#3322,.F.);
#2313=ORIENTED_EDGE('',*,*,#3318,.T.);
#2314=ORIENTED_EDGE('',*,*,#3323,.F.);
#2315=ORIENTED_EDGE('',*,*,#3324,.F.);
#2316=ORIENTED_EDGE('',*,*,#3325,.T.);
#2317=ORIENTED_EDGE('',*,*,#3321,.T.);
#2318=ORIENTED_EDGE('',*,*,#3326,.T.);
#2319=ORIENTED_EDGE('',*,*,#3307,.F.);
#2320=ORIENTED_EDGE('',*,*,#3327,.F.);
#2321=ORIENTED_EDGE('',*,*,#3324,.T.);
#2322=ORIENTED_EDGE('',*,*,#3306,.F.);
#2323=ORIENTED_EDGE('',*,*,#3310,.T.);
#2324=ORIENTED_EDGE('',*,*,#3313,.T.);
#2325=ORIENTED_EDGE('',*,*,#3316,.T.);
#2326=ORIENTED_EDGE('',*,*,#3319,.T.);
#2327=ORIENTED_EDGE('',*,*,#3322,.T.);
#2328=ORIENTED_EDGE('',*,*,#3325,.F.);
#2329=ORIENTED_EDGE('',*,*,#3327,.T.);
#2330=ORIENTED_EDGE('',*,*,#3304,.T.);
#2331=ORIENTED_EDGE('',*,*,#3326,.F.);
#2332=ORIENTED_EDGE('',*,*,#3323,.T.);
#2333=ORIENTED_EDGE('',*,*,#3320,.F.);
#2334=ORIENTED_EDGE('',*,*,#3317,.F.);
#2335=ORIENTED_EDGE('',*,*,#3314,.F.);
#2336=ORIENTED_EDGE('',*,*,#3311,.F.);
#2337=ORIENTED_EDGE('',*,*,#3308,.F.);
#2338=EDGE_CURVE('',#3328,#3329,#3986,.T.);
#2339=EDGE_CURVE('',#3330,#3328,#3987,.T.);
#2340=EDGE_CURVE('',#3331,#3330,#3988,.T.);
#2341=EDGE_CURVE('',#3332,#3331,#338,.T.);
#2342=EDGE_CURVE('',#3333,#3332,#192,.T.);
#2343=EDGE_CURVE('',#3334,#3333,#193,.T.);
#2344=EDGE_CURVE('',#3335,#3334,#194,.T.);
#2345=EDGE_CURVE('',#3336,#3335,#195,.T.);
#2346=EDGE_CURVE('',#3337,#3336,#196,.T.);
#2347=EDGE_CURVE('',#3338,#3337,#197,.T.);
#2348=EDGE_CURVE('',#3329,#3338,#198,.T.);
#2349=EDGE_CURVE('',#3338,#3339,#3989,.T.);
#2350=EDGE_CURVE('',#3340,#3339,#199,.T.);
#2351=EDGE_CURVE('',#3329,#3340,#3990,.T.);
#2352=EDGE_CURVE('',#3337,#3341,#3991,.T.);
#2353=EDGE_CURVE('',#3339,#3341,#200,.T.);
#2354=EDGE_CURVE('',#3336,#3342,#3992,.T.);
#2355=EDGE_CURVE('',#3341,#3342,#201,.T.);
#2356=EDGE_CURVE('',#3335,#3343,#3993,.T.);
#2357=EDGE_CURVE('',#3342,#3343,#202,.T.);
#2358=EDGE_CURVE('',#3334,#3344,#3994,.T.);
#2359=EDGE_CURVE('',#3343,#3344,#203,.T.);
#2360=EDGE_CURVE('',#3333,#3345,#3995,.T.);
#2361=EDGE_CURVE('',#3344,#3345,#204,.T.);
#2362=EDGE_CURVE('',#3332,#3346,#3996,.T.);
#2363=EDGE_CURVE('',#3345,#3346,#205,.T.);
#2364=EDGE_CURVE('',#3331,#3347,#3997,.T.);
#2365=EDGE_CURVE('',#3346,#3347,#339,.T.);
#2366=EDGE_CURVE('',#3330,#3348,#3998,.T.);
#2367=EDGE_CURVE('',#3347,#3348,#3999,.T.);
#2368=EDGE_CURVE('',#3328,#3349,#4000,.T.);
#2369=EDGE_CURVE('',#3348,#3349,#4001,.T.);
#2370=EDGE_CURVE('',#3349,#3340,#4002,.T.);
#2371=EDGE_CURVE('',#3350,#3351,#206,.T.);
#2372=EDGE_CURVE('',#3352,#3350,#207,.T.);
#2373=EDGE_CURVE('',#3353,#3352,#208,.T.);
#2374=EDGE_CURVE('',#3354,#3353,#209,.T.);
#2375=EDGE_CURVE('',#3355,#3354,#210,.T.);
#2376=EDGE_CURVE('',#3356,#3355,#340,.T.);
#2377=EDGE_CURVE('',#3357,#3356,#211,.T.);
#2378=EDGE_CURVE('',#3358,#3357,#212,.T.);
#2379=EDGE_CURVE('',#3359,#3358,#213,.T.);
#2380=EDGE_CURVE('',#3360,#3359,#214,.T.);
#2381=EDGE_CURVE('',#3361,#3360,#215,.T.);
#2382=EDGE_CURVE('',#3362,#3361,#216,.T.);
#2383=EDGE_CURVE('',#3363,#3362,#217,.T.);
#2384=EDGE_CURVE('',#3364,#3363,#341,.T.);
#2385=EDGE_CURVE('',#3365,#3364,#218,.T.);
#2386=EDGE_CURVE('',#3351,#3365,#219,.T.);
#2387=EDGE_CURVE('',#3365,#3366,#4003,.T.);
#2388=EDGE_CURVE('',#3367,#3366,#220,.T.);
#2389=EDGE_CURVE('',#3351,#3367,#4004,.T.);
#2390=EDGE_CURVE('',#3364,#3368,#4005,.T.);
#2391=EDGE_CURVE('',#3366,#3368,#221,.T.);
#2392=EDGE_CURVE('',#3363,#3369,#4006,.T.);
#2393=EDGE_CURVE('',#3368,#3369,#342,.T.);
#2394=EDGE_CURVE('',#3362,#3370,#4007,.T.);
#2395=EDGE_CURVE('',#3369,#3370,#222,.T.);
#2396=EDGE_CURVE('',#3361,#3371,#4008,.T.);
#2397=EDGE_CURVE('',#3370,#3371,#223,.T.);
#2398=EDGE_CURVE('',#3360,#3372,#4009,.T.);
#2399=EDGE_CURVE('',#3371,#3372,#224,.T.);
#2400=EDGE_CURVE('',#3359,#3373,#4010,.T.);
#2401=EDGE_CURVE('',#3372,#3373,#225,.T.);
#2402=EDGE_CURVE('',#3358,#3374,#4011,.T.);
#2403=EDGE_CURVE('',#3373,#3374,#226,.T.);
#2404=EDGE_CURVE('',#3357,#3375,#4012,.T.);
#2405=EDGE_CURVE('',#3374,#3375,#227,.T.);
#2406=EDGE_CURVE('',#3356,#3376,#4013,.T.);
#2407=EDGE_CURVE('',#3375,#3376,#228,.T.);
#2408=EDGE_CURVE('',#3355,#3377,#4014,.T.);
#2409=EDGE_CURVE('',#3376,#3377,#343,.T.);
#2410=EDGE_CURVE('',#3354,#3378,#4015,.T.);
#2411=EDGE_CURVE('',#3377,#3378,#229,.T.);
#2412=EDGE_CURVE('',#3353,#3379,#4016,.T.);
#2413=EDGE_CURVE('',#3378,#3379,#230,.T.);
#2414=EDGE_CURVE('',#3352,#3380,#4017,.T.);
#2415=EDGE_CURVE('',#3379,#3380,#231,.T.);
#2416=EDGE_CURVE('',#3350,#3381,#4018,.T.);
#2417=EDGE_CURVE('',#3380,#3381,#232,.T.);
#2418=EDGE_CURVE('',#3381,#3367,#233,.T.);
#2419=EDGE_CURVE('',#3382,#3383,#4019,.T.);
#2420=EDGE_CURVE('',#3384,#3383,#4020,.T.);
#2421=EDGE_CURVE('',#3385,#3384,#4021,.T.);
#2422=EDGE_CURVE('',#3385,#3382,#4022,.T.);
#2423=EDGE_CURVE('',#3382,#3386,#4023,.T.);
#2424=EDGE_CURVE('',#3385,#3387,#4024,.T.);
#2425=EDGE_CURVE('',#3387,#3386,#4025,.T.);
#2426=EDGE_CURVE('',#3388,#3386,#4026,.T.);
#2427=EDGE_CURVE('',#3389,#3387,#4027,.T.);
#2428=EDGE_CURVE('',#3389,#3388,#4028,.T.);
#2429=EDGE_CURVE('',#3390,#3388,#4029,.T.);
#2430=EDGE_CURVE('',#3391,#3389,#4030,.T.);
#2431=EDGE_CURVE('',#3391,#3390,#4031,.T.);
#2432=EDGE_CURVE('',#3390,#3392,#4032,.T.);
#2433=EDGE_CURVE('',#3391,#3393,#4033,.T.);
#2434=EDGE_CURVE('',#3393,#3392,#4034,.T.);
#2435=EDGE_CURVE('',#3394,#3392,#4035,.T.);
#2436=EDGE_CURVE('',#3395,#3393,#4036,.T.);
#2437=EDGE_CURVE('',#3395,#3394,#4037,.T.);
#2438=EDGE_CURVE('',#3396,#3394,#4038,.T.);
#2439=EDGE_CURVE('',#3397,#3395,#4039,.T.);
#2440=EDGE_CURVE('',#3397,#3396,#4040,.T.);
#2441=EDGE_CURVE('',#3396,#3383,#4041,.T.);
#2442=EDGE_CURVE('',#3397,#3384,#4042,.T.);
#2443=EDGE_CURVE('',#3398,#3399,#4043,.T.);
#2444=EDGE_CURVE('',#3398,#3400,#4044,.T.);
#2445=EDGE_CURVE('',#3400,#3401,#4045,.T.);
#2446=EDGE_CURVE('',#3401,#3399,#4046,.T.);
#2447=EDGE_CURVE('',#3402,#3403,#4047,.T.);
#2448=EDGE_CURVE('',#3402,#3398,#4048,.T.);
#2449=EDGE_CURVE('',#3399,#3403,#4049,.T.);
#2450=EDGE_CURVE('',#3404,#3405,#4050,.T.);
#2451=EDGE_CURVE('',#3404,#3402,#4051,.T.);
#2452=EDGE_CURVE('',#3403,#3405,#4052,.T.);
#2453=EDGE_CURVE('',#3400,#3404,#4053,.T.);
#2454=EDGE_CURVE('',#3405,#3401,#4054,.T.);
#2455=EDGE_CURVE('',#3406,#3407,#4055,.T.);
#2456=EDGE_CURVE('',#3407,#3408,#4056,.T.);
#2457=EDGE_CURVE('',#3408,#3409,#4057,.T.);
#2458=EDGE_CURVE('',#3409,#3406,#4058,.T.);
#2459=EDGE_CURVE('',#3410,#3411,#4059,.T.);
#2460=EDGE_CURVE('',#3411,#3412,#4060,.T.);
#2461=EDGE_CURVE('',#3412,#3413,#4061,.T.);
#2462=EDGE_CURVE('',#3413,#3410,#4062,.T.);
#2463=EDGE_CURVE('',#3406,#3402,#4063,.T.);
#2464=EDGE_CURVE('',#3398,#3409,#4064,.T.);
#2465=EDGE_CURVE('',#3400,#3408,#4065,.F.);
#2466=EDGE_CURVE('',#3407,#3404,#4066,.T.);
#2467=EDGE_CURVE('',#3403,#3413,#4067,.T.);
#2468=EDGE_CURVE('',#3410,#3399,#4068,.T.);
#2469=EDGE_CURVE('',#3411,#3401,#4069,.F.);
#2470=EDGE_CURVE('',#3405,#3412,#4070,.T.);
#2471=EDGE_CURVE('',#3414,#3415,#4071,.T.);
#2472=EDGE_CURVE('',#3416,#3415,#4072,.T.);
#2473=EDGE_CURVE('',#3417,#3416,#4073,.T.);
#2474=EDGE_CURVE('',#3417,#3414,#4074,.T.);
#2475=EDGE_CURVE('',#3414,#3418,#4075,.T.);
#2476=EDGE_CURVE('',#3417,#3419,#4076,.T.);
#2477=EDGE_CURVE('',#3419,#3418,#4077,.T.);
#2478=EDGE_CURVE('',#3420,#3418,#4078,.T.);
#2479=EDGE_CURVE('',#3421,#3419,#4079,.T.);
#2480=EDGE_CURVE('',#3421,#3420,#4080,.T.);
#2481=EDGE_CURVE('',#3422,#3420,#4081,.T.);
#2482=EDGE_CURVE('',#3423,#3421,#4082,.T.);
#2483=EDGE_CURVE('',#3423,#3422,#4083,.T.);
#2484=EDGE_CURVE('',#3422,#3424,#4084,.T.);
#2485=EDGE_CURVE('',#3423,#3425,#4085,.T.);
#2486=EDGE_CURVE('',#3425,#3424,#4086,.T.);
#2487=EDGE_CURVE('',#3426,#3424,#4087,.T.);
#2488=EDGE_CURVE('',#3427,#3425,#4088,.T.);
#2489=EDGE_CURVE('',#3427,#3426,#4089,.T.);
#2490=EDGE_CURVE('',#3428,#3426,#4090,.T.);
#2491=EDGE_CURVE('',#3429,#3427,#4091,.T.);
#2492=EDGE_CURVE('',#3429,#3428,#4092,.T.);
#2493=EDGE_CURVE('',#3428,#3415,#4093,.T.);
#2494=EDGE_CURVE('',#3429,#3416,#4094,.T.);
#2495=EDGE_CURVE('',#3430,#3431,#4095,.T.);
#2496=EDGE_CURVE('',#3432,#3431,#4096,.T.);
#2497=EDGE_CURVE('',#3433,#3432,#4097,.T.);
#2498=EDGE_CURVE('',#3433,#3430,#4098,.T.);
#2499=EDGE_CURVE('',#3431,#3434,#4099,.T.);
#2500=EDGE_CURVE('',#3435,#3434,#4100,.T.);
#2501=EDGE_CURVE('',#3432,#3435,#4101,.T.);
#2502=EDGE_CURVE('',#3436,#3434,#4102,.T.);
#2503=EDGE_CURVE('',#3437,#3436,#4103,.T.);
#2504=EDGE_CURVE('',#3437,#3435,#4104,.T.);
#2505=EDGE_CURVE('',#3430,#3436,#4105,.T.);
#2506=EDGE_CURVE('',#3433,#3437,#4106,.T.);
#2507=EDGE_CURVE('',#3438,#3439,#4107,.T.);
#2508=EDGE_CURVE('',#3440,#3438,#4108,.T.);
#2509=EDGE_CURVE('',#3440,#3441,#4109,.T.);
#2510=EDGE_CURVE('',#3441,#3439,#4110,.T.);
#2511=EDGE_CURVE('',#3438,#3442,#4111,.T.);
#2512=EDGE_CURVE('',#3443,#3442,#4112,.T.);
#2513=EDGE_CURVE('',#3440,#3443,#4113,.T.);
#2514=EDGE_CURVE('',#3442,#3444,#4114,.T.);
#2515=EDGE_CURVE('',#3445,#3444,#4115,.T.);
#2516=EDGE_CURVE('',#3443,#3445,#4116,.T.);
#2517=EDGE_CURVE('',#3439,#3444,#4117,.T.);
#2518=EDGE_CURVE('',#3441,#3445,#4118,.T.);
#2519=EDGE_CURVE('',#3446,#3447,#4119,.T.);
#2520=EDGE_CURVE('',#3448,#3446,#4120,.T.);
#2521=EDGE_CURVE('',#3448,#3449,#4121,.T.);
#2522=EDGE_CURVE('',#3449,#3447,#4122,.T.);
#2523=EDGE_CURVE('',#3446,#3450,#4123,.T.);
#2524=EDGE_CURVE('',#3451,#3450,#4124,.T.);
#2525=EDGE_CURVE('',#3448,#3451,#4125,.T.);
#2526=EDGE_CURVE('',#3450,#3452,#4126,.T.);
#2527=EDGE_CURVE('',#3453,#3452,#4127,.T.);
#2528=EDGE_CURVE('',#3451,#3453,#4128,.T.);
#2529=EDGE_CURVE('',#3447,#3452,#4129,.T.);
#2530=EDGE_CURVE('',#3449,#3453,#4130,.T.);
#2531=EDGE_CURVE('',#3454,#3454,#234,.T.);
#2532=EDGE_CURVE('',#3455,#3455,#235,.T.);
#2533=EDGE_CURVE('',#3456,#3456,#236,.T.);
#2534=EDGE_CURVE('',#3457,#3457,#237,.T.);
#2535=EDGE_CURVE('',#3458,#3459,#4131,.T.);
#2536=EDGE_CURVE('',#3460,#3458,#4132,.T.);
#2537=EDGE_CURVE('',#3460,#3461,#4133,.T.);
#2538=EDGE_CURVE('',#3461,#3459,#4134,.T.);
#2539=EDGE_CURVE('',#3462,#3458,#4135,.T.);
#2540=EDGE_CURVE('',#3463,#3462,#4136,.T.);
#2541=EDGE_CURVE('',#3463,#3460,#4137,.T.);
#2542=EDGE_CURVE('',#3462,#3464,#4138,.T.);
#2543=EDGE_CURVE('',#3465,#3464,#4139,.T.);
#2544=EDGE_CURVE('',#3463,#3465,#4140,.T.);
#2545=EDGE_CURVE('',#3464,#3459,#4141,.T.);
#2546=EDGE_CURVE('',#3465,#3461,#4142,.T.);
#2547=EDGE_CURVE('',#3466,#3467,#4143,.T.);
#2548=EDGE_CURVE('',#3468,#3467,#4144,.T.);
#2549=EDGE_CURVE('',#3469,#3468,#4145,.T.);
#2550=EDGE_CURVE('',#3469,#3466,#4146,.T.);
#2551=EDGE_CURVE('',#3466,#3470,#4147,.T.);
#2552=EDGE_CURVE('',#3469,#3471,#4148,.T.);
#2553=EDGE_CURVE('',#3471,#3470,#4149,.T.);
#2554=EDGE_CURVE('',#3470,#3472,#4150,.T.);
#2555=EDGE_CURVE('',#3471,#3473,#4151,.T.);
#2556=EDGE_CURVE('',#3473,#3472,#4152,.T.);
#2557=EDGE_CURVE('',#3474,#3474,#238,.T.);
#2558=EDGE_CURVE('',#3475,#3475,#239,.T.);
#2559=EDGE_CURVE('',#3467,#3472,#4153,.T.);
#2560=EDGE_CURVE('',#3468,#3473,#4154,.T.);
#2561=EDGE_CURVE('',#3476,#3477,#4155,.T.);
#2562=EDGE_CURVE('',#3478,#3477,#4156,.T.);
#2563=EDGE_CURVE('',#3479,#3478,#4157,.T.);
#2564=EDGE_CURVE('',#3479,#3476,#4158,.T.);
#2565=EDGE_CURVE('',#3476,#3480,#4159,.T.);
#2566=EDGE_CURVE('',#3479,#3481,#4160,.T.);
#2567=EDGE_CURVE('',#3481,#3480,#4161,.T.);
#2568=EDGE_CURVE('',#3480,#3482,#4162,.T.);
#2569=EDGE_CURVE('',#3481,#3483,#4163,.T.);
#2570=EDGE_CURVE('',#3483,#3482,#4164,.T.);
#2571=EDGE_CURVE('',#3484,#3484,#240,.T.);
#2572=EDGE_CURVE('',#3485,#3485,#241,.T.);
#2573=EDGE_CURVE('',#3477,#3482,#4165,.T.);
#2574=EDGE_CURVE('',#3478,#3483,#4166,.T.);
#2575=EDGE_CURVE('',#3486,#3487,#4167,.T.);
#2576=EDGE_CURVE('',#3488,#3487,#4168,.T.);
#2577=EDGE_CURVE('',#3489,#3488,#4169,.T.);
#2578=EDGE_CURVE('',#3489,#3486,#4170,.T.);
#2579=EDGE_CURVE('',#3486,#3490,#4171,.T.);
#2580=EDGE_CURVE('',#3489,#3491,#4172,.T.);
#2581=EDGE_CURVE('',#3491,#3490,#4173,.T.);
#2582=EDGE_CURVE('',#3490,#3492,#4174,.T.);
#2583=EDGE_CURVE('',#3491,#3493,#4175,.T.);
#2584=EDGE_CURVE('',#3493,#3492,#4176,.T.);
#2585=EDGE_CURVE('',#3494,#3494,#242,.T.);
#2586=EDGE_CURVE('',#3495,#3495,#243,.T.);
#2587=EDGE_CURVE('',#3487,#3492,#4177,.T.);
#2588=EDGE_CURVE('',#3488,#3493,#4178,.T.);
#2589=EDGE_CURVE('',#3496,#3497,#4179,.T.);
#2590=EDGE_CURVE('',#3498,#3496,#4180,.T.);
#2591=EDGE_CURVE('',#3498,#3499,#4181,.T.);
#2592=EDGE_CURVE('',#3499,#3497,#4182,.T.);
#2593=EDGE_CURVE('',#3496,#3500,#4183,.T.);
#2594=EDGE_CURVE('',#3501,#3500,#4184,.T.);
#2595=EDGE_CURVE('',#3498,#3501,#4185,.T.);
#2596=EDGE_CURVE('',#3500,#3502,#4186,.T.);
#2597=EDGE_CURVE('',#3503,#3502,#4187,.T.);
#2598=EDGE_CURVE('',#3501,#3503,#4188,.T.);
#2599=EDGE_CURVE('',#3497,#3502,#4189,.T.);
#2600=EDGE_CURVE('',#3499,#3503,#4190,.T.);
#2601=EDGE_CURVE('',#3504,#3505,#4191,.T.);
#2602=EDGE_CURVE('',#3506,#3505,#4192,.T.);
#2603=EDGE_CURVE('',#3507,#3506,#4193,.T.);
#2604=EDGE_CURVE('',#3507,#3504,#4194,.T.);
#2605=EDGE_CURVE('',#3504,#3508,#4195,.T.);
#2606=EDGE_CURVE('',#3507,#3509,#4196,.T.);
#2607=EDGE_CURVE('',#3509,#3508,#4197,.T.);
#2608=EDGE_CURVE('',#3508,#3510,#4198,.T.);
#2609=EDGE_CURVE('',#3509,#3511,#4199,.T.);
#2610=EDGE_CURVE('',#3511,#3510,#4200,.T.);
#2611=EDGE_CURVE('',#3512,#3512,#244,.T.);
#2612=EDGE_CURVE('',#3513,#3513,#245,.T.);
#2613=EDGE_CURVE('',#3505,#3510,#4201,.T.);
#2614=EDGE_CURVE('',#3506,#3511,#4202,.T.);
#2615=EDGE_CURVE('',#3514,#3515,#4203,.T.);
#2616=EDGE_CURVE('',#3516,#3514,#4204,.T.);
#2617=EDGE_CURVE('',#3516,#3517,#4205,.T.);
#2618=EDGE_CURVE('',#3517,#3515,#4206,.T.);
#2619=EDGE_CURVE('',#3518,#3514,#4207,.T.);
#2620=EDGE_CURVE('',#3519,#3518,#4208,.T.);
#2621=EDGE_CURVE('',#3519,#3516,#4209,.T.);
#2622=EDGE_CURVE('',#3518,#3520,#4210,.T.);
#2623=EDGE_CURVE('',#3521,#3520,#4211,.T.);
#2624=EDGE_CURVE('',#3519,#3521,#4212,.T.);
#2625=EDGE_CURVE('',#3520,#3515,#4213,.T.);
#2626=EDGE_CURVE('',#3521,#3517,#4214,.T.);
#2627=EDGE_CURVE('',#3522,#3523,#4215,.T.);
#2628=EDGE_CURVE('',#3524,#3523,#4216,.T.);
#2629=EDGE_CURVE('',#3525,#3524,#4217,.T.);
#2630=EDGE_CURVE('',#3525,#3522,#4218,.T.);
#2631=EDGE_CURVE('',#3523,#3526,#4219,.T.);
#2632=EDGE_CURVE('',#3527,#3526,#4220,.T.);
#2633=EDGE_CURVE('',#3524,#3527,#4221,.T.);
#2634=EDGE_CURVE('',#3528,#3526,#4222,.T.);
#2635=EDGE_CURVE('',#3529,#3528,#4223,.T.);
#2636=EDGE_CURVE('',#3529,#3527,#4224,.T.);
#2637=EDGE_CURVE('',#3522,#3528,#4225,.T.);
#2638=EDGE_CURVE('',#3525,#3529,#4226,.T.);
#2639=EDGE_CURVE('',#3530,#3531,#4227,.T.);
#2640=EDGE_CURVE('',#3532,#3531,#4228,.T.);
#2641=EDGE_CURVE('',#3533,#3532,#4229,.T.);
#2642=EDGE_CURVE('',#3533,#3530,#4230,.T.);
#2643=EDGE_CURVE('',#3531,#3534,#4231,.T.);
#2644=EDGE_CURVE('',#3535,#3534,#4232,.T.);
#2645=EDGE_CURVE('',#3532,#3535,#4233,.T.);
#2646=EDGE_CURVE('',#3536,#3534,#4234,.T.);
#2647=EDGE_CURVE('',#3537,#3536,#4235,.T.);
#2648=EDGE_CURVE('',#3537,#3535,#4236,.T.);
#2649=EDGE_CURVE('',#3530,#3536,#4237,.T.);
#2650=EDGE_CURVE('',#3533,#3537,#4238,.T.);
#2651=EDGE_CURVE('',#3538,#3539,#4239,.T.);
#2652=EDGE_CURVE('',#3540,#3539,#4240,.T.);
#2653=EDGE_CURVE('',#3541,#3540,#4241,.T.);
#2654=EDGE_CURVE('',#3541,#3538,#4242,.T.);
#2655=EDGE_CURVE('',#3539,#3542,#4243,.T.);
#2656=EDGE_CURVE('',#3543,#3542,#4244,.T.);
#2657=EDGE_CURVE('',#3540,#3543,#4245,.T.);
#2658=EDGE_CURVE('',#3544,#3542,#4246,.T.);
#2659=EDGE_CURVE('',#3545,#3544,#4247,.T.);
#2660=EDGE_CURVE('',#3545,#3543,#4248,.T.);
#2661=EDGE_CURVE('',#3538,#3544,#4249,.T.);
#2662=EDGE_CURVE('',#3541,#3545,#4250,.T.);
#2663=EDGE_CURVE('',#3546,#3547,#4251,.T.);
#2664=EDGE_CURVE('',#3548,#3546,#4252,.T.);
#2665=EDGE_CURVE('',#3548,#3549,#4253,.T.);
#2666=EDGE_CURVE('',#3549,#3547,#4254,.T.);
#2667=EDGE_CURVE('',#3546,#3550,#4255,.T.);
#2668=EDGE_CURVE('',#3551,#3550,#4256,.T.);
#2669=EDGE_CURVE('',#3548,#3551,#4257,.T.);
#2670=EDGE_CURVE('',#3550,#3552,#4258,.T.);
#2671=EDGE_CURVE('',#3553,#3552,#4259,.T.);
#2672=EDGE_CURVE('',#3551,#3553,#4260,.T.);
#2673=EDGE_CURVE('',#3547,#3552,#4261,.T.);
#2674=EDGE_CURVE('',#3549,#3553,#4262,.T.);
#2675=EDGE_CURVE('',#3554,#3555,#4263,.T.);
#2676=EDGE_CURVE('',#3556,#3554,#4264,.T.);
#2677=EDGE_CURVE('',#3556,#3557,#4265,.T.);
#2678=EDGE_CURVE('',#3557,#3555,#4266,.T.);
#2679=EDGE_CURVE('',#3554,#3558,#4267,.T.);
#2680=EDGE_CURVE('',#3559,#3558,#4268,.T.);
#2681=EDGE_CURVE('',#3556,#3559,#4269,.T.);
#2682=EDGE_CURVE('',#3558,#3560,#4270,.T.);
#2683=EDGE_CURVE('',#3561,#3560,#4271,.T.);
#2684=EDGE_CURVE('',#3559,#3561,#4272,.T.);
#2685=EDGE_CURVE('',#3555,#3560,#4273,.T.);
#2686=EDGE_CURVE('',#3557,#3561,#4274,.T.);
#2687=EDGE_CURVE('',#3562,#3563,#4275,.T.);
#2688=EDGE_CURVE('',#3564,#3562,#4276,.T.);
#2689=EDGE_CURVE('',#3564,#3565,#4277,.T.);
#2690=EDGE_CURVE('',#3565,#3563,#4278,.T.);
#2691=EDGE_CURVE('',#3562,#3566,#4279,.T.);
#2692=EDGE_CURVE('',#3567,#3566,#4280,.T.);
#2693=EDGE_CURVE('',#3564,#3567,#4281,.T.);
#2694=EDGE_CURVE('',#3566,#3568,#4282,.T.);
#2695=EDGE_CURVE('',#3569,#3568,#4283,.T.);
#2696=EDGE_CURVE('',#3567,#3569,#4284,.T.);
#2697=EDGE_CURVE('',#3563,#3568,#4285,.T.);
#2698=EDGE_CURVE('',#3565,#3569,#4286,.T.);
#2699=EDGE_CURVE('',#3570,#3571,#4287,.T.);
#2700=EDGE_CURVE('',#3570,#3572,#4288,.T.);
#2701=EDGE_CURVE('',#3572,#3573,#4289,.T.);
#2702=EDGE_CURVE('',#3573,#3571,#4290,.T.);
#2703=EDGE_CURVE('',#3574,#3575,#4291,.T.);
#2704=EDGE_CURVE('',#3574,#3570,#4292,.T.);
#2705=EDGE_CURVE('',#3571,#3575,#4293,.T.);
#2706=EDGE_CURVE('',#3576,#3577,#4294,.T.);
#2707=EDGE_CURVE('',#3576,#3574,#4295,.T.);
#2708=EDGE_CURVE('',#3575,#3577,#4296,.T.);
#2709=EDGE_CURVE('',#3572,#3576,#4297,.T.);
#2710=EDGE_CURVE('',#3577,#3573,#4298,.T.);
#2711=EDGE_CURVE('',#3578,#3579,#4299,.T.);
#2712=EDGE_CURVE('',#3579,#3580,#4300,.T.);
#2713=EDGE_CURVE('',#3580,#3581,#4301,.T.);
#2714=EDGE_CURVE('',#3581,#3578,#4302,.T.);
#2715=EDGE_CURVE('',#3582,#3583,#4303,.T.);
#2716=EDGE_CURVE('',#3583,#3584,#4304,.T.);
#2717=EDGE_CURVE('',#3584,#3585,#4305,.T.);
#2718=EDGE_CURVE('',#3585,#3582,#4306,.T.);
#2719=EDGE_CURVE('',#3578,#3574,#4307,.T.);
#2720=EDGE_CURVE('',#3570,#3581,#4308,.T.);
#2721=EDGE_CURVE('',#3572,#3580,#4309,.F.);
#2722=EDGE_CURVE('',#3579,#3576,#4310,.T.);
#2723=EDGE_CURVE('',#3575,#3585,#4311,.T.);
#2724=EDGE_CURVE('',#3582,#3571,#4312,.T.);
#2725=EDGE_CURVE('',#3583,#3573,#4313,.F.);
#2726=EDGE_CURVE('',#3577,#3584,#4314,.T.);
#2727=EDGE_CURVE('',#3586,#3587,#4315,.T.);
#2728=EDGE_CURVE('',#3588,#3586,#4316,.T.);
#2729=EDGE_CURVE('',#3588,#3589,#4317,.T.);
#2730=EDGE_CURVE('',#3589,#3587,#4318,.T.);
#2731=EDGE_CURVE('',#3590,#3586,#4319,.T.);
#2732=EDGE_CURVE('',#3591,#3590,#4320,.T.);
#2733=EDGE_CURVE('',#3591,#3588,#4321,.T.);
#2734=EDGE_CURVE('',#3590,#3592,#4322,.T.);
#2735=EDGE_CURVE('',#3593,#3592,#4323,.T.);
#2736=EDGE_CURVE('',#3591,#3593,#4324,.T.);
#2737=EDGE_CURVE('',#3592,#3587,#4325,.T.);
#2738=EDGE_CURVE('',#3593,#3589,#4326,.T.);
#2739=EDGE_CURVE('',#3594,#3595,#4327,.T.);
#2740=EDGE_CURVE('',#3596,#3594,#4328,.T.);
#2741=EDGE_CURVE('',#3596,#3597,#4329,.T.);
#2742=EDGE_CURVE('',#3597,#3595,#4330,.T.);
#2743=EDGE_CURVE('',#3594,#3598,#4331,.T.);
#2744=EDGE_CURVE('',#3599,#3598,#4332,.T.);
#2745=EDGE_CURVE('',#3596,#3599,#4333,.T.);
#2746=EDGE_CURVE('',#3598,#3600,#4334,.T.);
#2747=EDGE_CURVE('',#3601,#3600,#4335,.T.);
#2748=EDGE_CURVE('',#3599,#3601,#4336,.T.);
#2749=EDGE_CURVE('',#3595,#3600,#4337,.T.);
#2750=EDGE_CURVE('',#3597,#3601,#4338,.T.);
#2751=EDGE_CURVE('',#3602,#3603,#4339,.T.);
#2752=EDGE_CURVE('',#3604,#3602,#4340,.T.);
#2753=EDGE_CURVE('',#3604,#3605,#4341,.T.);
#2754=EDGE_CURVE('',#3605,#3603,#4342,.T.);
#2755=EDGE_CURVE('',#3602,#3606,#4343,.T.);
#2756=EDGE_CURVE('',#3607,#3606,#4344,.T.);
#2757=EDGE_CURVE('',#3604,#3607,#4345,.T.);
#2758=EDGE_CURVE('',#3606,#3608,#4346,.T.);
#2759=EDGE_CURVE('',#3609,#3608,#4347,.T.);
#2760=EDGE_CURVE('',#3607,#3609,#4348,.T.);
#2761=EDGE_CURVE('',#3603,#3608,#4349,.T.);
#2762=EDGE_CURVE('',#3605,#3609,#4350,.T.);
#2763=EDGE_CURVE('',#3610,#3611,#4351,.T.);
#2764=EDGE_CURVE('',#3612,#3610,#4352,.T.);
#2765=EDGE_CURVE('',#3612,#3613,#4353,.T.);
#2766=EDGE_CURVE('',#3613,#3611,#4354,.T.);
#2767=EDGE_CURVE('',#3614,#3610,#4355,.T.);
#2768=EDGE_CURVE('',#3615,#3614,#4356,.T.);
#2769=EDGE_CURVE('',#3615,#3612,#4357,.T.);
#2770=EDGE_CURVE('',#3614,#3616,#4358,.T.);
#2771=EDGE_CURVE('',#3617,#3616,#4359,.T.);
#2772=EDGE_CURVE('',#3615,#3617,#4360,.T.);
#2773=EDGE_CURVE('',#3616,#3611,#4361,.T.);
#2774=EDGE_CURVE('',#3617,#3613,#4362,.T.);
#2775=EDGE_CURVE('',#3618,#3619,#4363,.T.);
#2776=EDGE_CURVE('',#3620,#3618,#4364,.T.);
#2777=EDGE_CURVE('',#3620,#3621,#4365,.T.);
#2778=EDGE_CURVE('',#3621,#3619,#4366,.T.);
#2779=EDGE_CURVE('',#3618,#3622,#4367,.T.);
#2780=EDGE_CURVE('',#3623,#3622,#4368,.T.);
#2781=EDGE_CURVE('',#3620,#3623,#4369,.T.);
#2782=EDGE_CURVE('',#3622,#3624,#4370,.T.);
#2783=EDGE_CURVE('',#3625,#3624,#4371,.T.);
#2784=EDGE_CURVE('',#3623,#3625,#4372,.T.);
#2785=EDGE_CURVE('',#3619,#3624,#4373,.T.);
#2786=EDGE_CURVE('',#3621,#3625,#4374,.T.);
#2787=EDGE_CURVE('',#3626,#3627,#4375,.T.);
#2788=EDGE_CURVE('',#3628,#3626,#4376,.T.);
#2789=EDGE_CURVE('',#3628,#3629,#4377,.T.);
#2790=EDGE_CURVE('',#3629,#3627,#4378,.T.);
#2791=EDGE_CURVE('',#3626,#3630,#4379,.T.);
#2792=EDGE_CURVE('',#3631,#3630,#4380,.T.);
#2793=EDGE_CURVE('',#3628,#3631,#4381,.T.);
#2794=EDGE_CURVE('',#3630,#3632,#4382,.T.);
#2795=EDGE_CURVE('',#3633,#3632,#4383,.T.);
#2796=EDGE_CURVE('',#3631,#3633,#4384,.T.);
#2797=EDGE_CURVE('',#3627,#3632,#4385,.T.);
#2798=EDGE_CURVE('',#3629,#3633,#4386,.T.);
#2799=EDGE_CURVE('',#3634,#3634,#246,.T.);
#2800=EDGE_CURVE('',#3635,#3635,#247,.T.);
#2801=EDGE_CURVE('',#3636,#3636,#248,.T.);
#2802=EDGE_CURVE('',#3637,#3637,#249,.T.);
#2803=EDGE_CURVE('',#3638,#3639,#4387,.T.);
#2804=EDGE_CURVE('',#3640,#3638,#4388,.T.);
#2805=EDGE_CURVE('',#3640,#3641,#4389,.T.);
#2806=EDGE_CURVE('',#3641,#3639,#4390,.T.);
#2807=EDGE_CURVE('',#3642,#3638,#4391,.T.);
#2808=EDGE_CURVE('',#3643,#3642,#4392,.T.);
#2809=EDGE_CURVE('',#3643,#3640,#4393,.T.);
#2810=EDGE_CURVE('',#3642,#3644,#4394,.T.);
#2811=EDGE_CURVE('',#3645,#3644,#4395,.T.);
#2812=EDGE_CURVE('',#3643,#3645,#4396,.T.);
#2813=EDGE_CURVE('',#3644,#3639,#4397,.T.);
#2814=EDGE_CURVE('',#3645,#3641,#4398,.T.);
#2815=EDGE_CURVE('',#3646,#3647,#4399,.T.);
#2816=EDGE_CURVE('',#3648,#3646,#4400,.T.);
#2817=EDGE_CURVE('',#3648,#3649,#4401,.T.);
#2818=EDGE_CURVE('',#3649,#3647,#4402,.T.);
#2819=EDGE_CURVE('',#3646,#3650,#4403,.T.);
#2820=EDGE_CURVE('',#3651,#3650,#4404,.T.);
#2821=EDGE_CURVE('',#3648,#3651,#4405,.T.);
#2822=EDGE_CURVE('',#3650,#3652,#4406,.T.);
#2823=EDGE_CURVE('',#3653,#3652,#4407,.T.);
#2824=EDGE_CURVE('',#3651,#3653,#4408,.T.);
#2825=EDGE_CURVE('',#3654,#3654,#250,.T.);
#2826=EDGE_CURVE('',#3655,#3655,#251,.T.);
#2827=EDGE_CURVE('',#3647,#3652,#4409,.T.);
#2828=EDGE_CURVE('',#3649,#3653,#4410,.T.);
#2829=EDGE_CURVE('',#3656,#3657,#4411,.T.);
#2830=EDGE_CURVE('',#3658,#3656,#4412,.T.);
#2831=EDGE_CURVE('',#3658,#3659,#4413,.T.);
#2832=EDGE_CURVE('',#3659,#3657,#4414,.T.);
#2833=EDGE_CURVE('',#3656,#3660,#4415,.T.);
#2834=EDGE_CURVE('',#3661,#3660,#4416,.T.);
#2835=EDGE_CURVE('',#3658,#3661,#4417,.T.);
#2836=EDGE_CURVE('',#3660,#3662,#4418,.T.);
#2837=EDGE_CURVE('',#3663,#3662,#4419,.T.);
#2838=EDGE_CURVE('',#3661,#3663,#4420,.T.);
#2839=EDGE_CURVE('',#3657,#3662,#4421,.T.);
#2840=EDGE_CURVE('',#3659,#3663,#4422,.T.);
#2841=EDGE_CURVE('',#3664,#3665,#4423,.T.);
#2842=EDGE_CURVE('',#3666,#3664,#4424,.T.);
#2843=EDGE_CURVE('',#3666,#3667,#4425,.T.);
#2844=EDGE_CURVE('',#3667,#3665,#4426,.T.);
#2845=EDGE_CURVE('',#3664,#3668,#4427,.T.);
#2846=EDGE_CURVE('',#3669,#3668,#4428,.T.);
#2847=EDGE_CURVE('',#3666,#3669,#4429,.T.);
#2848=EDGE_CURVE('',#3668,#3670,#4430,.T.);
#2849=EDGE_CURVE('',#3671,#3670,#4431,.T.);
#2850=EDGE_CURVE('',#3669,#3671,#4432,.T.);
#2851=EDGE_CURVE('',#3672,#3672,#252,.T.);
#2852=EDGE_CURVE('',#3673,#3673,#253,.T.);
#2853=EDGE_CURVE('',#3665,#3670,#4433,.T.);
#2854=EDGE_CURVE('',#3667,#3671,#4434,.T.);
#2855=EDGE_CURVE('',#3674,#3675,#4435,.T.);
#2856=EDGE_CURVE('',#3674,#3676,#4436,.T.);
#2857=EDGE_CURVE('',#3676,#3677,#4437,.T.);
#2858=EDGE_CURVE('',#3677,#3675,#4438,.T.);
#2859=EDGE_CURVE('',#3678,#3679,#4439,.T.);
#2860=EDGE_CURVE('',#3678,#3674,#4440,.T.);
#2861=EDGE_CURVE('',#3675,#3679,#4441,.T.);
#2862=EDGE_CURVE('',#3680,#3681,#4442,.T.);
#2863=EDGE_CURVE('',#3680,#3678,#4443,.T.);
#2864=EDGE_CURVE('',#3679,#3681,#4444,.T.);
#2865=EDGE_CURVE('',#3676,#3680,#4445,.T.);
#2866=EDGE_CURVE('',#3681,#3677,#4446,.T.);
#2867=EDGE_CURVE('',#3682,#3683,#4447,.T.);
#2868=EDGE_CURVE('',#3683,#3684,#4448,.T.);
#2869=EDGE_CURVE('',#3684,#3685,#4449,.T.);
#2870=EDGE_CURVE('',#3685,#3682,#4450,.T.);
#2871=EDGE_CURVE('',#3686,#3687,#4451,.T.);
#2872=EDGE_CURVE('',#3687,#3688,#4452,.T.);
#2873=EDGE_CURVE('',#3688,#3689,#4453,.T.);
#2874=EDGE_CURVE('',#3689,#3686,#4454,.T.);
#2875=EDGE_CURVE('',#3682,#3678,#4455,.T.);
#2876=EDGE_CURVE('',#3674,#3685,#4456,.T.);
#2877=EDGE_CURVE('',#3676,#3684,#4457,.F.);
#2878=EDGE_CURVE('',#3683,#3680,#4458,.T.);
#2879=EDGE_CURVE('',#3679,#3689,#4459,.T.);
#2880=EDGE_CURVE('',#3686,#3675,#4460,.T.);
#2881=EDGE_CURVE('',#3687,#3677,#4461,.F.);
#2882=EDGE_CURVE('',#3681,#3688,#4462,.T.);
#2883=EDGE_CURVE('',#3690,#3691,#4463,.T.);
#2884=EDGE_CURVE('',#3692,#3690,#4464,.T.);
#2885=EDGE_CURVE('',#3692,#3693,#4465,.T.);
#2886=EDGE_CURVE('',#3693,#3691,#4466,.T.);
#2887=EDGE_CURVE('',#3690,#3694,#4467,.T.);
#2888=EDGE_CURVE('',#3695,#3694,#4468,.T.);
#2889=EDGE_CURVE('',#3692,#3695,#4469,.T.);
#2890=EDGE_CURVE('',#3694,#3696,#4470,.T.);
#2891=EDGE_CURVE('',#3697,#3696,#4471,.T.);
#2892=EDGE_CURVE('',#3695,#3697,#4472,.T.);
#2893=EDGE_CURVE('',#3691,#3696,#4473,.T.);
#2894=EDGE_CURVE('',#3693,#3697,#4474,.T.);
#2895=EDGE_CURVE('',#3698,#3699,#4475,.T.);
#2896=EDGE_CURVE('',#3700,#3698,#4476,.T.);
#2897=EDGE_CURVE('',#3700,#3701,#4477,.T.);
#2898=EDGE_CURVE('',#3701,#3699,#4478,.T.);
#2899=EDGE_CURVE('',#3698,#3702,#4479,.T.);
#2900=EDGE_CURVE('',#3703,#3702,#4480,.T.);
#2901=EDGE_CURVE('',#3700,#3703,#4481,.T.);
#2902=EDGE_CURVE('',#3702,#3704,#4482,.T.);
#2903=EDGE_CURVE('',#3705,#3704,#4483,.T.);
#2904=EDGE_CURVE('',#3703,#3705,#4484,.T.);
#2905=EDGE_CURVE('',#3706,#3706,#254,.T.);
#2906=EDGE_CURVE('',#3707,#3707,#255,.T.);
#2907=EDGE_CURVE('',#3699,#3704,#4485,.T.);
#2908=EDGE_CURVE('',#3701,#3705,#4486,.T.);
#2909=EDGE_CURVE('',#3708,#3709,#4487,.T.);
#2910=EDGE_CURVE('',#3710,#3709,#4488,.T.);
#2911=EDGE_CURVE('',#3711,#3710,#4489,.T.);
#2912=EDGE_CURVE('',#3711,#3708,#4490,.T.);
#2913=EDGE_CURVE('',#3708,#3712,#4491,.T.);
#2914=EDGE_CURVE('',#3711,#3713,#4492,.T.);
#2915=EDGE_CURVE('',#3713,#3712,#4493,.T.);
#2916=EDGE_CURVE('',#3714,#3712,#4494,.T.);
#2917=EDGE_CURVE('',#3715,#3713,#4495,.T.);
#2918=EDGE_CURVE('',#3715,#3714,#4496,.T.);
#2919=EDGE_CURVE('',#3716,#3714,#4497,.T.);
#2920=EDGE_CURVE('',#3717,#3715,#4498,.T.);
#2921=EDGE_CURVE('',#3717,#3716,#4499,.T.);
#2922=EDGE_CURVE('',#3716,#3718,#4500,.T.);
#2923=EDGE_CURVE('',#3717,#3719,#4501,.T.);
#2924=EDGE_CURVE('',#3719,#3718,#4502,.T.);
#2925=EDGE_CURVE('',#3720,#3718,#4503,.T.);
#2926=EDGE_CURVE('',#3721,#3719,#4504,.T.);
#2927=EDGE_CURVE('',#3721,#3720,#4505,.T.);
#2928=EDGE_CURVE('',#3722,#3720,#4506,.T.);
#2929=EDGE_CURVE('',#3723,#3721,#4507,.T.);
#2930=EDGE_CURVE('',#3723,#3722,#4508,.T.);
#2931=EDGE_CURVE('',#3722,#3709,#4509,.T.);
#2932=EDGE_CURVE('',#3723,#3710,#4510,.T.);
#2933=EDGE_CURVE('',#3724,#3725,#4511,.T.);
#2934=EDGE_CURVE('',#3726,#3724,#4512,.T.);
#2935=EDGE_CURVE('',#3726,#3727,#4513,.T.);
#2936=EDGE_CURVE('',#3727,#3725,#4514,.T.);
#2937=EDGE_CURVE('',#3728,#3724,#4515,.T.);
#2938=EDGE_CURVE('',#3729,#3728,#4516,.T.);
#2939=EDGE_CURVE('',#3729,#3726,#4517,.T.);
#2940=EDGE_CURVE('',#3728,#3730,#4518,.T.);
#2941=EDGE_CURVE('',#3731,#3730,#4519,.T.);
#2942=EDGE_CURVE('',#3729,#3731,#4520,.T.);
#2943=EDGE_CURVE('',#3730,#3725,#4521,.T.);
#2944=EDGE_CURVE('',#3731,#3727,#4522,.T.);
#2945=EDGE_CURVE('',#3732,#3733,#4523,.T.);
#2946=EDGE_CURVE('',#3734,#3732,#4524,.T.);
#2947=EDGE_CURVE('',#3734,#3735,#4525,.T.);
#2948=EDGE_CURVE('',#3735,#3733,#4526,.T.);
#2949=EDGE_CURVE('',#3732,#3736,#4527,.T.);
#2950=EDGE_CURVE('',#3737,#3736,#4528,.T.);
#2951=EDGE_CURVE('',#3734,#3737,#4529,.T.);
#2952=EDGE_CURVE('',#3736,#3738,#4530,.T.);
#2953=EDGE_CURVE('',#3739,#3738,#4531,.T.);
#2954=EDGE_CURVE('',#3737,#3739,#4532,.T.);
#2955=EDGE_CURVE('',#3740,#3740,#256,.T.);
#2956=EDGE_CURVE('',#3741,#3741,#257,.T.);
#2957=EDGE_CURVE('',#3733,#3738,#4533,.T.);
#2958=EDGE_CURVE('',#3735,#3739,#4534,.T.);
#2959=EDGE_CURVE('',#3742,#3743,#4535,.T.);
#2960=EDGE_CURVE('',#3742,#3744,#4536,.T.);
#2961=EDGE_CURVE('',#3744,#3745,#4537,.T.);
#2962=EDGE_CURVE('',#3745,#3743,#4538,.T.);
#2963=EDGE_CURVE('',#3746,#3747,#4539,.T.);
#2964=EDGE_CURVE('',#3746,#3742,#4540,.T.);
#2965=EDGE_CURVE('',#3743,#3747,#4541,.T.);
#2966=EDGE_CURVE('',#3748,#3749,#4542,.T.);
#2967=EDGE_CURVE('',#3748,#3746,#4543,.T.);
#2968=EDGE_CURVE('',#3747,#3749,#4544,.T.);
#2969=EDGE_CURVE('',#3744,#3748,#4545,.T.);
#2970=EDGE_CURVE('',#3749,#3745,#4546,.T.);
#2971=EDGE_CURVE('',#3750,#3751,#4547,.T.);
#2972=EDGE_CURVE('',#3751,#3752,#4548,.T.);
#2973=EDGE_CURVE('',#3752,#3753,#4549,.T.);
#2974=EDGE_CURVE('',#3753,#3750,#4550,.T.);
#2975=EDGE_CURVE('',#3754,#3755,#4551,.T.);
#2976=EDGE_CURVE('',#3755,#3756,#4552,.T.);
#2977=EDGE_CURVE('',#3756,#3757,#4553,.T.);
#2978=EDGE_CURVE('',#3757,#3754,#4554,.T.);
#2979=EDGE_CURVE('',#3750,#3746,#4555,.T.);
#2980=EDGE_CURVE('',#3742,#3753,#4556,.T.);
#2981=EDGE_CURVE('',#3744,#3752,#4557,.F.);
#2982=EDGE_CURVE('',#3751,#3748,#4558,.T.);
#2983=EDGE_CURVE('',#3747,#3757,#4559,.T.);
#2984=EDGE_CURVE('',#3754,#3743,#4560,.T.);
#2985=EDGE_CURVE('',#3755,#3745,#4561,.F.);
#2986=EDGE_CURVE('',#3749,#3756,#4562,.T.);
#2987=EDGE_CURVE('',#3758,#3759,#4563,.T.);
#2988=EDGE_CURVE('',#3760,#3758,#4564,.T.);
#2989=EDGE_CURVE('',#3760,#3761,#4565,.T.);
#2990=EDGE_CURVE('',#3761,#3759,#4566,.T.);
#2991=EDGE_CURVE('',#3758,#3762,#4567,.T.);
#2992=EDGE_CURVE('',#3763,#3762,#4568,.T.);
#2993=EDGE_CURVE('',#3760,#3763,#4569,.T.);
#2994=EDGE_CURVE('',#3762,#3764,#4570,.T.);
#2995=EDGE_CURVE('',#3765,#3764,#4571,.T.);
#2996=EDGE_CURVE('',#3763,#3765,#4572,.T.);
#2997=EDGE_CURVE('',#3759,#3764,#4573,.T.);
#2998=EDGE_CURVE('',#3761,#3765,#4574,.T.);
#2999=EDGE_CURVE('',#3766,#3767,#4575,.T.);
#3000=EDGE_CURVE('',#3768,#3767,#4576,.T.);
#3001=EDGE_CURVE('',#3769,#3768,#4577,.T.);
#3002=EDGE_CURVE('',#3769,#3766,#4578,.T.);
#3003=EDGE_CURVE('',#3766,#3770,#4579,.T.);
#3004=EDGE_CURVE('',#3769,#3771,#4580,.T.);
#3005=EDGE_CURVE('',#3771,#3770,#4581,.T.);
#3006=EDGE_CURVE('',#3772,#3770,#4582,.T.);
#3007=EDGE_CURVE('',#3773,#3771,#4583,.T.);
#3008=EDGE_CURVE('',#3773,#3772,#4584,.T.);
#3009=EDGE_CURVE('',#3774,#3772,#4585,.T.);
#3010=EDGE_CURVE('',#3775,#3773,#4586,.T.);
#3011=EDGE_CURVE('',#3775,#3774,#4587,.T.);
#3012=EDGE_CURVE('',#3774,#3776,#4588,.T.);
#3013=EDGE_CURVE('',#3775,#3777,#4589,.T.);
#3014=EDGE_CURVE('',#3777,#3776,#4590,.T.);
#3015=EDGE_CURVE('',#3778,#3776,#4591,.T.);
#3016=EDGE_CURVE('',#3779,#3777,#4592,.T.);
#3017=EDGE_CURVE('',#3779,#3778,#4593,.T.);
#3018=EDGE_CURVE('',#3780,#3778,#4594,.T.);
#3019=EDGE_CURVE('',#3781,#3779,#4595,.T.);
#3020=EDGE_CURVE('',#3781,#3780,#4596,.T.);
#3021=EDGE_CURVE('',#3780,#3767,#4597,.T.);
#3022=EDGE_CURVE('',#3781,#3768,#4598,.T.);
#3023=EDGE_CURVE('',#3782,#3783,#4599,.T.);
#3024=EDGE_CURVE('',#3782,#3784,#4600,.T.);
#3025=EDGE_CURVE('',#3784,#3785,#4601,.T.);
#3026=EDGE_CURVE('',#3785,#3783,#4602,.T.);
#3027=EDGE_CURVE('',#3786,#3787,#4603,.T.);
#3028=EDGE_CURVE('',#3786,#3782,#4604,.T.);
#3029=EDGE_CURVE('',#3783,#3787,#4605,.T.);
#3030=EDGE_CURVE('',#3788,#3789,#4606,.T.);
#3031=EDGE_CURVE('',#3788,#3786,#4607,.T.);
#3032=EDGE_CURVE('',#3787,#3789,#4608,.T.);
#3033=EDGE_CURVE('',#3784,#3788,#4609,.T.);
#3034=EDGE_CURVE('',#3789,#3785,#4610,.T.);
#3035=EDGE_CURVE('',#3790,#3791,#4611,.T.);
#3036=EDGE_CURVE('',#3791,#3792,#4612,.T.);
#3037=EDGE_CURVE('',#3792,#3793,#4613,.T.);
#3038=EDGE_CURVE('',#3793,#3790,#4614,.T.);
#3039=EDGE_CURVE('',#3794,#3795,#4615,.T.);
#3040=EDGE_CURVE('',#3795,#3796,#4616,.T.);
#3041=EDGE_CURVE('',#3796,#3797,#4617,.T.);
#3042=EDGE_CURVE('',#3797,#3794,#4618,.T.);
#3043=EDGE_CURVE('',#3790,#3786,#4619,.T.);
#3044=EDGE_CURVE('',#3782,#3793,#4620,.T.);
#3045=EDGE_CURVE('',#3784,#3792,#4621,.F.);
#3046=EDGE_CURVE('',#3791,#3788,#4622,.T.);
#3047=EDGE_CURVE('',#3787,#3797,#4623,.T.);
#3048=EDGE_CURVE('',#3794,#3783,#4624,.T.);
#3049=EDGE_CURVE('',#3795,#3785,#4625,.F.);
#3050=EDGE_CURVE('',#3789,#3796,#4626,.T.);
#3051=EDGE_CURVE('',#3798,#3799,#4627,.T.);
#3052=EDGE_CURVE('',#3799,#3800,#4628,.T.);
#3053=EDGE_CURVE('',#3800,#3801,#4629,.T.);
#3054=EDGE_CURVE('',#3801,#3802,#4630,.T.);
#3055=EDGE_CURVE('',#3802,#3803,#4631,.T.);
#3056=EDGE_CURVE('',#3803,#3804,#4632,.T.);
#3057=EDGE_CURVE('',#3804,#3805,#4633,.T.);
#3058=EDGE_CURVE('',#3805,#3806,#4634,.T.);
#3059=EDGE_CURVE('',#3806,#3807,#4635,.T.);
#3060=EDGE_CURVE('',#3807,#3808,#258,.F.);
#3061=EDGE_CURVE('',#3808,#3809,#259,.F.);
#3062=EDGE_CURVE('',#3809,#3810,#260,.F.);
#3063=EDGE_CURVE('',#3810,#3811,#261,.F.);
#3064=EDGE_CURVE('',#3811,#3812,#344,.T.);
#3065=EDGE_CURVE('',#3812,#3813,#262,.F.);
#3066=EDGE_CURVE('',#3813,#3798,#4636,.T.);
#3067=EDGE_CURVE('',#3814,#3815,#4637,.T.);
#3068=EDGE_CURVE('',#3814,#3816,#4638,.T.);
#3069=EDGE_CURVE('',#3816,#3817,#4639,.T.);
#3070=EDGE_CURVE('',#3815,#3817,#4640,.T.);
#3071=EDGE_CURVE('',#3818,#3818,#263,.T.);
#3072=EDGE_CURVE('',#3819,#3819,#264,.T.);
#3073=EDGE_CURVE('',#3820,#3820,#265,.T.);
#3074=EDGE_CURVE('',#3821,#3821,#266,.T.);
#3075=EDGE_CURVE('',#3822,#3822,#267,.T.);
#3076=EDGE_CURVE('',#3823,#3824,#268,.F.);
#3077=EDGE_CURVE('',#3824,#3825,#269,.F.);
#3078=EDGE_CURVE('',#3825,#3826,#270,.F.);
#3079=EDGE_CURVE('',#3826,#3827,#271,.F.);
#3080=EDGE_CURVE('',#3827,#3828,#272,.F.);
#3081=EDGE_CURVE('',#3828,#3829,#273,.F.);
#3082=EDGE_CURVE('',#3829,#3830,#274,.F.);
#3083=EDGE_CURVE('',#3830,#3831,#275,.F.);
#3084=EDGE_CURVE('',#3831,#3832,#276,.F.);
#3085=EDGE_CURVE('',#3832,#3833,#345,.T.);
#3086=EDGE_CURVE('',#3833,#3834,#277,.F.);
#3087=EDGE_CURVE('',#3834,#3835,#278,.F.);
#3088=EDGE_CURVE('',#3835,#3836,#279,.F.);
#3089=EDGE_CURVE('',#3836,#3837,#280,.F.);
#3090=EDGE_CURVE('',#3837,#3838,#281,.F.);
#3091=EDGE_CURVE('',#3838,#3823,#282,.F.);
#3092=EDGE_CURVE('',#3839,#3840,#283,.F.);
#3093=EDGE_CURVE('',#3840,#3841,#346,.T.);
#3094=EDGE_CURVE('',#3841,#3842,#284,.F.);
#3095=EDGE_CURVE('',#3842,#3843,#285,.F.);
#3096=EDGE_CURVE('',#3843,#3844,#286,.F.);
#3097=EDGE_CURVE('',#3844,#3845,#287,.F.);
#3098=EDGE_CURVE('',#3845,#3846,#288,.F.);
#3099=EDGE_CURVE('',#3846,#3847,#4641,.T.);
#3100=EDGE_CURVE('',#3847,#3848,#4642,.T.);
#3101=EDGE_CURVE('',#3848,#3849,#4643,.T.);
#3102=EDGE_CURVE('',#3849,#3850,#347,.T.);
#3103=EDGE_CURVE('',#3850,#3851,#289,.F.);
#3104=EDGE_CURVE('',#3851,#3839,#290,.F.);
#3105=EDGE_CURVE('',#3852,#3853,#4644,.T.);
#3106=EDGE_CURVE('',#3853,#3854,#4645,.T.);
#3107=EDGE_CURVE('',#3854,#3855,#4646,.T.);
#3108=EDGE_CURVE('',#3855,#3856,#4647,.T.);
#3109=EDGE_CURVE('',#3856,#3857,#4648,.T.);
#3110=EDGE_CURVE('',#3857,#3858,#4649,.T.);
#3111=EDGE_CURVE('',#3858,#3859,#4650,.T.);
#3112=EDGE_CURVE('',#3859,#3860,#4651,.T.);
#3113=EDGE_CURVE('',#3860,#3861,#4652,.T.);
#3114=EDGE_CURVE('',#3861,#3862,#4653,.T.);
#3115=EDGE_CURVE('',#3862,#3852,#4654,.T.);
#3116=EDGE_CURVE('',#3863,#3864,#348,.T.);
#3117=EDGE_CURVE('',#3865,#3863,#291,.F.);
#3118=EDGE_CURVE('',#3866,#3865,#292,.F.);
#3119=EDGE_CURVE('',#3867,#3866,#293,.F.);
#3120=EDGE_CURVE('',#3868,#3867,#349,.T.);
#3121=EDGE_CURVE('',#3869,#3868,#4655,.T.);
#3122=EDGE_CURVE('',#3870,#3869,#4656,.T.);
#3123=EDGE_CURVE('',#3871,#3870,#4657,.T.);
#3124=EDGE_CURVE('',#3872,#3871,#294,.F.);
#3125=EDGE_CURVE('',#3873,#3872,#295,.F.);
#3126=EDGE_CURVE('',#3874,#3873,#296,.F.);
#3127=EDGE_CURVE('',#3875,#3874,#297,.F.);
#3128=EDGE_CURVE('',#3864,#3875,#298,.F.);
#3129=EDGE_CURVE('',#3876,#3877,#299,.F.);
#3130=EDGE_CURVE('',#3878,#3876,#300,.F.);
#3131=EDGE_CURVE('',#3879,#3878,#301,.F.);
#3132=EDGE_CURVE('',#3880,#3879,#302,.F.);
#3133=EDGE_CURVE('',#3881,#3880,#303,.F.);
#3134=EDGE_CURVE('',#3882,#3881,#304,.F.);
#3135=EDGE_CURVE('',#3883,#3882,#305,.F.);
#3136=EDGE_CURVE('',#3884,#3883,#306,.F.);
#3137=EDGE_CURVE('',#3885,#3884,#350,.T.);
#3138=EDGE_CURVE('',#3886,#3885,#307,.F.);
#3139=EDGE_CURVE('',#3887,#3886,#308,.F.);
#3140=EDGE_CURVE('',#3888,#3887,#309,.F.);
#3141=EDGE_CURVE('',#3889,#3888,#310,.F.);
#3142=EDGE_CURVE('',#3890,#3889,#311,.F.);
#3143=EDGE_CURVE('',#3891,#3890,#312,.F.);
#3144=EDGE_CURVE('',#3877,#3891,#313,.F.);
#3145=EDGE_CURVE('',#3892,#3892,#314,.T.);
#3146=EDGE_CURVE('',#3893,#3893,#315,.T.);
#3147=EDGE_CURVE('',#3894,#3894,#316,.T.);
#3148=EDGE_CURVE('',#3895,#3895,#317,.T.);
#3149=EDGE_CURVE('',#3896,#3896,#318,.T.);
#3150=EDGE_CURVE('',#3897,#3898,#4658,.T.);
#3151=EDGE_CURVE('',#3898,#3899,#4659,.T.);
#3152=EDGE_CURVE('',#3900,#3899,#4660,.T.);
#3153=EDGE_CURVE('',#3897,#3900,#4661,.T.);
#3154=EDGE_CURVE('',#3901,#3902,#4662,.T.);
#3155=EDGE_CURVE('',#3903,#3901,#4663,.T.);
#3156=EDGE_CURVE('',#3904,#3903,#4664,.T.);
#3157=EDGE_CURVE('',#3905,#3904,#319,.F.);
#3158=EDGE_CURVE('',#3906,#3905,#351,.T.);
#3159=EDGE_CURVE('',#3907,#3906,#320,.F.);
#3160=EDGE_CURVE('',#3908,#3907,#321,.F.);
#3161=EDGE_CURVE('',#3909,#3908,#322,.F.);
#3162=EDGE_CURVE('',#3910,#3909,#323,.F.);
#3163=EDGE_CURVE('',#3911,#3910,#4665,.T.);
#3164=EDGE_CURVE('',#3912,#3911,#4666,.T.);
#3165=EDGE_CURVE('',#3913,#3912,#4667,.T.);
#3166=EDGE_CURVE('',#3914,#3913,#4668,.T.);
#3167=EDGE_CURVE('',#3915,#3914,#4669,.T.);
#3168=EDGE_CURVE('',#3916,#3915,#4670,.T.);
#3169=EDGE_CURVE('',#3902,#3916,#4671,.T.);
#3170=EDGE_CURVE('',#3917,#3918,#4672,.T.);
#3171=EDGE_CURVE('',#3919,#3917,#4673,.T.);
#3172=EDGE_CURVE('',#3920,#3919,#4674,.T.);
#3173=EDGE_CURVE('',#3921,#3920,#4675,.T.);
#3174=EDGE_CURVE('',#3922,#3921,#4676,.T.);
#3175=EDGE_CURVE('',#3923,#3922,#4677,.T.);
#3176=EDGE_CURVE('',#3924,#3923,#4678,.T.);
#3177=EDGE_CURVE('',#3925,#3924,#4679,.T.);
#3178=EDGE_CURVE('',#3926,#3925,#4680,.T.);
#3179=EDGE_CURVE('',#3927,#3926,#4681,.T.);
#3180=EDGE_CURVE('',#3918,#3927,#4682,.T.);
#3181=EDGE_CURVE('',#3814,#3897,#4683,.T.);
#3182=EDGE_CURVE('',#3815,#3898,#4684,.T.);
#3183=EDGE_CURVE('',#3816,#3900,#4685,.T.);
#3184=EDGE_CURVE('',#3817,#3899,#4686,.T.);
#3185=EDGE_CURVE('',#3877,#3825,#4687,.T.);
#3186=EDGE_CURVE('',#3876,#3824,#4688,.T.);
#3187=EDGE_CURVE('',#3878,#3823,#4689,.T.);
#3188=EDGE_CURVE('',#3879,#3838,#4690,.T.);
#3189=EDGE_CURVE('',#3880,#3837,#4691,.T.);
#3190=EDGE_CURVE('',#3881,#3836,#4692,.T.);
#3191=EDGE_CURVE('',#3882,#3835,#4693,.T.);
#3192=EDGE_CURVE('',#3883,#3834,#4694,.T.);
#3193=EDGE_CURVE('',#3884,#3833,#4695,.T.);
#3194=EDGE_CURVE('',#3885,#3832,#4696,.T.);
#3195=EDGE_CURVE('',#3886,#3831,#4697,.T.);
#3196=EDGE_CURVE('',#3887,#3830,#4698,.T.);
#3197=EDGE_CURVE('',#3888,#3829,#4699,.T.);
#3198=EDGE_CURVE('',#3889,#3828,#4700,.T.);
#3199=EDGE_CURVE('',#3890,#3827,#4701,.T.);
#3200=EDGE_CURVE('',#3891,#3826,#4702,.T.);
#3201=EDGE_CURVE('',#3902,#3800,#4703,.T.);
#3202=EDGE_CURVE('',#3901,#3799,#4704,.T.);
#3203=EDGE_CURVE('',#3903,#3798,#4705,.T.);
#3204=EDGE_CURVE('',#3904,#3813,#4706,.T.);
#3205=EDGE_CURVE('',#3905,#3812,#4707,.T.);
#3206=EDGE_CURVE('',#3906,#3811,#4708,.T.);
#3207=EDGE_CURVE('',#3907,#3810,#4709,.T.);
#3208=EDGE_CURVE('',#3908,#3809,#4710,.T.);
#3209=EDGE_CURVE('',#3909,#3808,#4711,.T.);
#3210=EDGE_CURVE('',#3910,#3807,#4712,.T.);
#3211=EDGE_CURVE('',#3911,#3806,#4713,.T.);
#3212=EDGE_CURVE('',#3912,#3805,#4714,.T.);
#3213=EDGE_CURVE('',#3913,#3804,#4715,.T.);
#3214=EDGE_CURVE('',#3914,#3803,#4716,.T.);
#3215=EDGE_CURVE('',#3915,#3802,#4717,.T.);
#3216=EDGE_CURVE('',#3916,#3801,#4718,.T.);
#3217=EDGE_CURVE('',#3864,#3841,#4719,.T.);
#3218=EDGE_CURVE('',#3863,#3840,#4720,.T.);
#3219=EDGE_CURVE('',#3865,#3839,#4721,.T.);
#3220=EDGE_CURVE('',#3866,#3851,#4722,.T.);
#3221=EDGE_CURVE('',#3867,#3850,#4723,.T.);
#3222=EDGE_CURVE('',#3868,#3849,#4724,.T.);
#3223=EDGE_CURVE('',#3869,#3848,#4725,.T.);
#3224=EDGE_CURVE('',#3870,#3847,#4726,.T.);
#3225=EDGE_CURVE('',#3871,#3846,#4727,.T.);
#3226=EDGE_CURVE('',#3872,#3845,#4728,.T.);
#3227=EDGE_CURVE('',#3873,#3844,#4729,.T.);
#3228=EDGE_CURVE('',#3874,#3843,#4730,.T.);
#3229=EDGE_CURVE('',#3875,#3842,#4731,.T.);
#3230=EDGE_CURVE('',#3918,#3854,#4732,.T.);
#3231=EDGE_CURVE('',#3917,#3853,#4733,.T.);
#3232=EDGE_CURVE('',#3919,#3852,#4734,.T.);
#3233=EDGE_CURVE('',#3920,#3862,#4735,.T.);
#3234=EDGE_CURVE('',#3921,#3861,#4736,.T.);
#3235=EDGE_CURVE('',#3922,#3860,#4737,.T.);
#3236=EDGE_CURVE('',#3923,#3859,#4738,.T.);
#3237=EDGE_CURVE('',#3924,#3858,#4739,.T.);
#3238=EDGE_CURVE('',#3925,#3857,#4740,.T.);
#3239=EDGE_CURVE('',#3926,#3856,#4741,.T.);
#3240=EDGE_CURVE('',#3927,#3855,#4742,.T.);
#3241=EDGE_CURVE('',#3928,#3929,#4743,.T.);
#3242=EDGE_CURVE('',#3930,#3929,#4744,.T.);
#3243=EDGE_CURVE('',#3931,#3930,#4745,.T.);
#3244=EDGE_CURVE('',#3931,#3928,#4746,.T.);
#3245=EDGE_CURVE('',#3928,#3932,#4747,.T.);
#3246=EDGE_CURVE('',#3931,#3933,#4748,.T.);
#3247=EDGE_CURVE('',#3933,#3932,#4749,.T.);
#3248=EDGE_CURVE('',#3934,#3932,#4750,.T.);
#3249=EDGE_CURVE('',#3935,#3933,#4751,.T.);
#3250=EDGE_CURVE('',#3935,#3934,#4752,.T.);
#3251=EDGE_CURVE('',#3936,#3934,#4753,.T.);
#3252=EDGE_CURVE('',#3937,#3935,#4754,.T.);
#3253=EDGE_CURVE('',#3937,#3936,#4755,.T.);
#3254=EDGE_CURVE('',#3936,#3938,#4756,.T.);
#3255=EDGE_CURVE('',#3937,#3939,#4757,.T.);
#3256=EDGE_CURVE('',#3939,#3938,#4758,.T.);
#3257=EDGE_CURVE('',#3940,#3938,#4759,.T.);
#3258=EDGE_CURVE('',#3941,#3939,#4760,.T.);
#3259=EDGE_CURVE('',#3941,#3940,#4761,.T.);
#3260=EDGE_CURVE('',#3942,#3940,#4762,.T.);
#3261=EDGE_CURVE('',#3943,#3941,#4763,.T.);
#3262=EDGE_CURVE('',#3943,#3942,#4764,.T.);
#3263=EDGE_CURVE('',#3942,#3929,#4765,.T.);
#3264=EDGE_CURVE('',#3943,#3930,#4766,.T.);
#3265=EDGE_CURVE('',#3944,#3945,#4767,.T.);
#3266=EDGE_CURVE('',#3946,#3944,#4768,.T.);
#3267=EDGE_CURVE('',#3946,#3947,#4769,.T.);
#3268=EDGE_CURVE('',#3947,#3945,#4770,.T.);
#3269=EDGE_CURVE('',#3944,#3948,#4771,.T.);
#3270=EDGE_CURVE('',#3949,#3948,#4772,.T.);
#3271=EDGE_CURVE('',#3946,#3949,#4773,.T.);
#3272=EDGE_CURVE('',#3948,#3950,#4774,.T.);
#3273=EDGE_CURVE('',#3951,#3950,#4775,.T.);
#3274=EDGE_CURVE('',#3949,#3951,#4776,.T.);
#3275=EDGE_CURVE('',#3945,#3950,#4777,.T.);
#3276=EDGE_CURVE('',#3947,#3951,#4778,.T.);
#3277=EDGE_CURVE('',#3952,#3953,#352,.T.);
#3278=EDGE_CURVE('',#3954,#3952,#4779,.T.);
#3279=EDGE_CURVE('',#3955,#3954,#4780,.T.);
#3280=EDGE_CURVE('',#3956,#3955,#4781,.T.);
#3281=EDGE_CURVE('',#3957,#3956,#353,.T.);
#3282=EDGE_CURVE('',#3958,#3957,#324,.T.);
#3283=EDGE_CURVE('',#3959,#3958,#325,.T.);
#3284=EDGE_CURVE('',#3960,#3959,#326,.T.);
#3285=EDGE_CURVE('',#3953,#3960,#354,.T.);
#3286=EDGE_CURVE('',#3960,#3961,#4782,.T.);
#3287=EDGE_CURVE('',#3962,#3961,#355,.T.);
#3288=EDGE_CURVE('',#3953,#3962,#4783,.T.);
#3289=EDGE_CURVE('',#3959,#3963,#4784,.T.);
#3290=EDGE_CURVE('',#3961,#3963,#327,.T.);
#3291=EDGE_CURVE('',#3958,#3964,#4785,.T.);
#3292=EDGE_CURVE('',#3963,#3964,#328,.T.);
#3293=EDGE_CURVE('',#3957,#3965,#4786,.T.);
#3294=EDGE_CURVE('',#3964,#3965,#329,.T.);
#3295=EDGE_CURVE('',#3956,#3966,#4787,.T.);
#3296=EDGE_CURVE('',#3965,#3966,#356,.T.);
#3297=EDGE_CURVE('',#3955,#3967,#4788,.T.);
#3298=EDGE_CURVE('',#3966,#3967,#4789,.T.);
#3299=EDGE_CURVE('',#3954,#3968,#4790,.T.);
#3300=EDGE_CURVE('',#3967,#3968,#4791,.T.);
#3301=EDGE_CURVE('',#3952,#3969,#4792,.T.);
#3302=EDGE_CURVE('',#3968,#3969,#4793,.T.);
#3303=EDGE_CURVE('',#3969,#3962,#357,.T.);
#3304=EDGE_CURVE('',#3970,#3971,#4794,.T.);
#3305=EDGE_CURVE('',#3972,#3970,#4795,.T.);
#3306=EDGE_CURVE('',#3972,#3973,#4796,.T.);
#3307=EDGE_CURVE('',#3973,#3971,#4797,.T.);
#3308=EDGE_CURVE('',#3970,#3974,#330,.T.);
#3309=EDGE_CURVE('',#3975,#3974,#4798,.T.);
#3310=EDGE_CURVE('',#3972,#3975,#331,.T.);
#3311=EDGE_CURVE('',#3974,#3976,#4799,.T.);
#3312=EDGE_CURVE('',#3977,#3976,#4800,.T.);
#3313=EDGE_CURVE('',#3975,#3977,#4801,.T.);
#3314=EDGE_CURVE('',#3976,#3978,#332,.T.);
#3315=EDGE_CURVE('',#3979,#3978,#4802,.T.);
#3316=EDGE_CURVE('',#3977,#3979,#333,.T.);
#3317=EDGE_CURVE('',#3978,#3980,#4803,.T.);
#3318=EDGE_CURVE('',#3981,#3980,#4804,.T.);
#3319=EDGE_CURVE('',#3979,#3981,#4805,.T.);
#3320=EDGE_CURVE('',#3980,#3982,#334,.T.);
#3321=EDGE_CURVE('',#3983,#3982,#4806,.T.);
#3322=EDGE_CURVE('',#3981,#3983,#335,.T.);
#3323=EDGE_CURVE('',#3984,#3982,#4807,.T.);
#3324=EDGE_CURVE('',#3985,#3984,#4808,.T.);
#3325=EDGE_CURVE('',#3985,#3983,#4809,.T.);
#3326=EDGE_CURVE('',#3984,#3971,#336,.T.);
#3327=EDGE_CURVE('',#3985,#3973,#337,.T.);
#3328=VERTEX_POINT('',#10717);
#3329=VERTEX_POINT('',#10718);
#3330=VERTEX_POINT('',#10720);
#3331=VERTEX_POINT('',#10722);
#3332=VERTEX_POINT('',#10726);
#3333=VERTEX_POINT('',#10728);
#3334=VERTEX_POINT('',#10730);
#3335=VERTEX_POINT('',#10732);
#3336=VERTEX_POINT('',#10734);
#3337=VERTEX_POINT('',#10736);
#3338=VERTEX_POINT('',#10738);
#3339=VERTEX_POINT('',#10742);
#3340=VERTEX_POINT('',#10744);
#3341=VERTEX_POINT('',#10748);
#3342=VERTEX_POINT('',#10752);
#3343=VERTEX_POINT('',#10756);
#3344=VERTEX_POINT('',#10760);
#3345=VERTEX_POINT('',#10764);
#3346=VERTEX_POINT('',#10768);
#3347=VERTEX_POINT('',#10779);
#3348=VERTEX_POINT('',#10785);
#3349=VERTEX_POINT('',#10789);
#3350=VERTEX_POINT('',#10797);
#3351=VERTEX_POINT('',#10798);
#3352=VERTEX_POINT('',#10800);
#3353=VERTEX_POINT('',#10802);
#3354=VERTEX_POINT('',#10804);
#3355=VERTEX_POINT('',#10806);
#3356=VERTEX_POINT('',#10810);
#3357=VERTEX_POINT('',#10812);
#3358=VERTEX_POINT('',#10814);
#3359=VERTEX_POINT('',#10816);
#3360=VERTEX_POINT('',#10818);
#3361=VERTEX_POINT('',#10820);
#3362=VERTEX_POINT('',#10822);
#3363=VERTEX_POINT('',#10824);
#3364=VERTEX_POINT('',#10828);
#3365=VERTEX_POINT('',#10830);
#3366=VERTEX_POINT('',#10834);
#3367=VERTEX_POINT('',#10836);
#3368=VERTEX_POINT('',#10840);
#3369=VERTEX_POINT('',#10851);
#3370=VERTEX_POINT('',#10857);
#3371=VERTEX_POINT('',#10861);
#3372=VERTEX_POINT('',#10865);
#3373=VERTEX_POINT('',#10869);
#3374=VERTEX_POINT('',#10873);
#3375=VERTEX_POINT('',#10877);
#3376=VERTEX_POINT('',#10881);
#3377=VERTEX_POINT('',#10892);
#3378=VERTEX_POINT('',#10898);
#3379=VERTEX_POINT('',#10902);
#3380=VERTEX_POINT('',#10906);
#3381=VERTEX_POINT('',#10910);
#3382=VERTEX_POINT('',#10918);
#3383=VERTEX_POINT('',#10919);
#3384=VERTEX_POINT('',#10921);
#3385=VERTEX_POINT('',#10923);
#3386=VERTEX_POINT('',#10927);
#3387=VERTEX_POINT('',#10929);
#3388=VERTEX_POINT('',#10933);
#3389=VERTEX_POINT('',#10935);
#3390=VERTEX_POINT('',#10939);
#3391=VERTEX_POINT('',#10941);
#3392=VERTEX_POINT('',#10945);
#3393=VERTEX_POINT('',#10947);
#3394=VERTEX_POINT('',#10951);
#3395=VERTEX_POINT('',#10953);
#3396=VERTEX_POINT('',#10957);
#3397=VERTEX_POINT('',#10959);
#3398=VERTEX_POINT('',#10969);
#3399=VERTEX_POINT('',#10970);
#3400=VERTEX_POINT('',#10972);
#3401=VERTEX_POINT('',#10974);
#3402=VERTEX_POINT('',#10978);
#3403=VERTEX_POINT('',#10979);
#3404=VERTEX_POINT('',#10984);
#3405=VERTEX_POINT('',#10985);
#3406=VERTEX_POINT('',#10993);
#3407=VERTEX_POINT('',#10994);
#3408=VERTEX_POINT('',#10996);
#3409=VERTEX_POINT('',#10998);
#3410=VERTEX_POINT('',#11002);
#3411=VERTEX_POINT('',#11003);
#3412=VERTEX_POINT('',#11005);
#3413=VERTEX_POINT('',#11007);
#3414=VERTEX_POINT('',#11028);
#3415=VERTEX_POINT('',#11029);
#3416=VERTEX_POINT('',#11031);
#3417=VERTEX_POINT('',#11033);
#3418=VERTEX_POINT('',#11037);
#3419=VERTEX_POINT('',#11039);
#3420=VERTEX_POINT('',#11043);
#3421=VERTEX_POINT('',#11045);
#3422=VERTEX_POINT('',#11049);
#3423=VERTEX_POINT('',#11051);
#3424=VERTEX_POINT('',#11055);
#3425=VERTEX_POINT('',#11057);
#3426=VERTEX_POINT('',#11061);
#3427=VERTEX_POINT('',#11063);
#3428=VERTEX_POINT('',#11067);
#3429=VERTEX_POINT('',#11069);
#3430=VERTEX_POINT('',#11079);
#3431=VERTEX_POINT('',#11080);
#3432=VERTEX_POINT('',#11082);
#3433=VERTEX_POINT('',#11084);
#3434=VERTEX_POINT('',#11088);
#3435=VERTEX_POINT('',#11090);
#3436=VERTEX_POINT('',#11094);
#3437=VERTEX_POINT('',#11096);
#3438=VERTEX_POINT('',#11106);
#3439=VERTEX_POINT('',#11107);
#3440=VERTEX_POINT('',#11109);
#3441=VERTEX_POINT('',#11111);
#3442=VERTEX_POINT('',#11115);
#3443=VERTEX_POINT('',#11117);
#3444=VERTEX_POINT('',#11121);
#3445=VERTEX_POINT('',#11123);
#3446=VERTEX_POINT('',#11133);
#3447=VERTEX_POINT('',#11134);
#3448=VERTEX_POINT('',#11136);
#3449=VERTEX_POINT('',#11138);
#3450=VERTEX_POINT('',#11142);
#3451=VERTEX_POINT('',#11144);
#3452=VERTEX_POINT('',#11148);
#3453=VERTEX_POINT('',#11150);
#3454=VERTEX_POINT('',#11160);
#3455=VERTEX_POINT('',#11162);
#3456=VERTEX_POINT('',#11165);
#3457=VERTEX_POINT('',#11167);
#3458=VERTEX_POINT('',#11173);
#3459=VERTEX_POINT('',#11174);
#3460=VERTEX_POINT('',#11176);
#3461=VERTEX_POINT('',#11178);
#3462=VERTEX_POINT('',#11182);
#3463=VERTEX_POINT('',#11184);
#3464=VERTEX_POINT('',#11188);
#3465=VERTEX_POINT('',#11190);
#3466=VERTEX_POINT('',#11200);
#3467=VERTEX_POINT('',#11201);
#3468=VERTEX_POINT('',#11203);
#3469=VERTEX_POINT('',#11205);
#3470=VERTEX_POINT('',#11209);
#3471=VERTEX_POINT('',#11211);
#3472=VERTEX_POINT('',#11215);
#3473=VERTEX_POINT('',#11217);
#3474=VERTEX_POINT('',#11221);
#3475=VERTEX_POINT('',#11223);
#3476=VERTEX_POINT('',#11232);
#3477=VERTEX_POINT('',#11233);
#3478=VERTEX_POINT('',#11235);
#3479=VERTEX_POINT('',#11237);
#3480=VERTEX_POINT('',#11241);
#3481=VERTEX_POINT('',#11243);
#3482=VERTEX_POINT('',#11247);
#3483=VERTEX_POINT('',#11249);
#3484=VERTEX_POINT('',#11253);
#3485=VERTEX_POINT('',#11255);
#3486=VERTEX_POINT('',#11264);
#3487=VERTEX_POINT('',#11265);
#3488=VERTEX_POINT('',#11267);
#3489=VERTEX_POINT('',#11269);
#3490=VERTEX_POINT('',#11273);
#3491=VERTEX_POINT('',#11275);
#3492=VERTEX_POINT('',#11279);
#3493=VERTEX_POINT('',#11281);
#3494=VERTEX_POINT('',#11285);
#3495=VERTEX_POINT('',#11287);
#3496=VERTEX_POINT('',#11296);
#3497=VERTEX_POINT('',#11297);
#3498=VERTEX_POINT('',#11299);
#3499=VERTEX_POINT('',#11301);
#3500=VERTEX_POINT('',#11305);
#3501=VERTEX_POINT('',#11307);
#3502=VERTEX_POINT('',#11311);
#3503=VERTEX_POINT('',#11313);
#3504=VERTEX_POINT('',#11323);
#3505=VERTEX_POINT('',#11324);
#3506=VERTEX_POINT('',#11326);
#3507=VERTEX_POINT('',#11328);
#3508=VERTEX_POINT('',#11332);
#3509=VERTEX_POINT('',#11334);
#3510=VERTEX_POINT('',#11338);
#3511=VERTEX_POINT('',#11340);
#3512=VERTEX_POINT('',#11344);
#3513=VERTEX_POINT('',#11346);
#3514=VERTEX_POINT('',#11355);
#3515=VERTEX_POINT('',#11356);
#3516=VERTEX_POINT('',#11358);
#3517=VERTEX_POINT('',#11360);
#3518=VERTEX_POINT('',#11364);
#3519=VERTEX_POINT('',#11366);
#3520=VERTEX_POINT('',#11370);
#3521=VERTEX_POINT('',#11372);
#3522=VERTEX_POINT('',#11382);
#3523=VERTEX_POINT('',#11383);
#3524=VERTEX_POINT('',#11385);
#3525=VERTEX_POINT('',#11387);
#3526=VERTEX_POINT('',#11391);
#3527=VERTEX_POINT('',#11393);
#3528=VERTEX_POINT('',#11397);
#3529=VERTEX_POINT('',#11399);
#3530=VERTEX_POINT('',#11409);
#3531=VERTEX_POINT('',#11410);
#3532=VERTEX_POINT('',#11412);
#3533=VERTEX_POINT('',#11414);
#3534=VERTEX_POINT('',#11418);
#3535=VERTEX_POINT('',#11420);
#3536=VERTEX_POINT('',#11424);
#3537=VERTEX_POINT('',#11426);
#3538=VERTEX_POINT('',#11436);
#3539=VERTEX_POINT('',#11437);
#3540=VERTEX_POINT('',#11439);
#3541=VERTEX_POINT('',#11441);
#3542=VERTEX_POINT('',#11445);
#3543=VERTEX_POINT('',#11447);
#3544=VERTEX_POINT('',#11451);
#3545=VERTEX_POINT('',#11453);
#3546=VERTEX_POINT('',#11463);
#3547=VERTEX_POINT('',#11464);
#3548=VERTEX_POINT('',#11466);
#3549=VERTEX_POINT('',#11468);
#3550=VERTEX_POINT('',#11472);
#3551=VERTEX_POINT('',#11474);
#3552=VERTEX_POINT('',#11478);
#3553=VERTEX_POINT('',#11480);
#3554=VERTEX_POINT('',#11490);
#3555=VERTEX_POINT('',#11491);
#3556=VERTEX_POINT('',#11493);
#3557=VERTEX_POINT('',#11495);
#3558=VERTEX_POINT('',#11499);
#3559=VERTEX_POINT('',#11501);
#3560=VERTEX_POINT('',#11505);
#3561=VERTEX_POINT('',#11507);
#3562=VERTEX_POINT('',#11517);
#3563=VERTEX_POINT('',#11518);
#3564=VERTEX_POINT('',#11520);
#3565=VERTEX_POINT('',#11522);
#3566=VERTEX_POINT('',#11526);
#3567=VERTEX_POINT('',#11528);
#3568=VERTEX_POINT('',#11532);
#3569=VERTEX_POINT('',#11534);
#3570=VERTEX_POINT('',#11544);
#3571=VERTEX_POINT('',#11545);
#3572=VERTEX_POINT('',#11547);
#3573=VERTEX_POINT('',#11549);
#3574=VERTEX_POINT('',#11553);
#3575=VERTEX_POINT('',#11554);
#3576=VERTEX_POINT('',#11559);
#3577=VERTEX_POINT('',#11560);
#3578=VERTEX_POINT('',#11568);
#3579=VERTEX_POINT('',#11569);
#3580=VERTEX_POINT('',#11571);
#3581=VERTEX_POINT('',#11573);
#3582=VERTEX_POINT('',#11577);
#3583=VERTEX_POINT('',#11578);
#3584=VERTEX_POINT('',#11580);
#3585=VERTEX_POINT('',#11582);
#3586=VERTEX_POINT('',#11603);
#3587=VERTEX_POINT('',#11604);
#3588=VERTEX_POINT('',#11606);
#3589=VERTEX_POINT('',#11608);
#3590=VERTEX_POINT('',#11612);
#3591=VERTEX_POINT('',#11614);
#3592=VERTEX_POINT('',#11618);
#3593=VERTEX_POINT('',#11620);
#3594=VERTEX_POINT('',#11630);
#3595=VERTEX_POINT('',#11631);
#3596=VERTEX_POINT('',#11633);
#3597=VERTEX_POINT('',#11635);
#3598=VERTEX_POINT('',#11639);
#3599=VERTEX_POINT('',#11641);
#3600=VERTEX_POINT('',#11645);
#3601=VERTEX_POINT('',#11647);
#3602=VERTEX_POINT('',#11657);
#3603=VERTEX_POINT('',#11658);
#3604=VERTEX_POINT('',#11660);
#3605=VERTEX_POINT('',#11662);
#3606=VERTEX_POINT('',#11666);
#3607=VERTEX_POINT('',#11668);
#3608=VERTEX_POINT('',#11672);
#3609=VERTEX_POINT('',#11674);
#3610=VERTEX_POINT('',#11684);
#3611=VERTEX_POINT('',#11685);
#3612=VERTEX_POINT('',#11687);
#3613=VERTEX_POINT('',#11689);
#3614=VERTEX_POINT('',#11693);
#3615=VERTEX_POINT('',#11695);
#3616=VERTEX_POINT('',#11699);
#3617=VERTEX_POINT('',#11701);
#3618=VERTEX_POINT('',#11711);
#3619=VERTEX_POINT('',#11712);
#3620=VERTEX_POINT('',#11714);
#3621=VERTEX_POINT('',#11716);
#3622=VERTEX_POINT('',#11720);
#3623=VERTEX_POINT('',#11722);
#3624=VERTEX_POINT('',#11726);
#3625=VERTEX_POINT('',#11728);
#3626=VERTEX_POINT('',#11738);
#3627=VERTEX_POINT('',#11739);
#3628=VERTEX_POINT('',#11741);
#3629=VERTEX_POINT('',#11743);
#3630=VERTEX_POINT('',#11747);
#3631=VERTEX_POINT('',#11749);
#3632=VERTEX_POINT('',#11753);
#3633=VERTEX_POINT('',#11755);
#3634=VERTEX_POINT('',#11765);
#3635=VERTEX_POINT('',#11767);
#3636=VERTEX_POINT('',#11770);
#3637=VERTEX_POINT('',#11772);
#3638=VERTEX_POINT('',#11778);
#3639=VERTEX_POINT('',#11779);
#3640=VERTEX_POINT('',#11781);
#3641=VERTEX_POINT('',#11783);
#3642=VERTEX_POINT('',#11787);
#3643=VERTEX_POINT('',#11789);
#3644=VERTEX_POINT('',#11793);
#3645=VERTEX_POINT('',#11795);
#3646=VERTEX_POINT('',#11805);
#3647=VERTEX_POINT('',#11806);
#3648=VERTEX_POINT('',#11808);
#3649=VERTEX_POINT('',#11810);
#3650=VERTEX_POINT('',#11814);
#3651=VERTEX_POINT('',#11816);
#3652=VERTEX_POINT('',#11820);
#3653=VERTEX_POINT('',#11822);
#3654=VERTEX_POINT('',#11826);
#3655=VERTEX_POINT('',#11828);
#3656=VERTEX_POINT('',#11837);
#3657=VERTEX_POINT('',#11838);
#3658=VERTEX_POINT('',#11840);
#3659=VERTEX_POINT('',#11842);
#3660=VERTEX_POINT('',#11846);
#3661=VERTEX_POINT('',#11848);
#3662=VERTEX_POINT('',#11852);
#3663=VERTEX_POINT('',#11854);
#3664=VERTEX_POINT('',#11864);
#3665=VERTEX_POINT('',#11865);
#3666=VERTEX_POINT('',#11867);
#3667=VERTEX_POINT('',#11869);
#3668=VERTEX_POINT('',#11873);
#3669=VERTEX_POINT('',#11875);
#3670=VERTEX_POINT('',#11879);
#3671=VERTEX_POINT('',#11881);
#3672=VERTEX_POINT('',#11885);
#3673=VERTEX_POINT('',#11887);
#3674=VERTEX_POINT('',#11896);
#3675=VERTEX_POINT('',#11897);
#3676=VERTEX_POINT('',#11899);
#3677=VERTEX_POINT('',#11901);
#3678=VERTEX_POINT('',#11905);
#3679=VERTEX_POINT('',#11906);
#3680=VERTEX_POINT('',#11911);
#3681=VERTEX_POINT('',#11912);
#3682=VERTEX_POINT('',#11920);
#3683=VERTEX_POINT('',#11921);
#3684=VERTEX_POINT('',#11923);
#3685=VERTEX_POINT('',#11925);
#3686=VERTEX_POINT('',#11929);
#3687=VERTEX_POINT('',#11930);
#3688=VERTEX_POINT('',#11932);
#3689=VERTEX_POINT('',#11934);
#3690=VERTEX_POINT('',#11955);
#3691=VERTEX_POINT('',#11956);
#3692=VERTEX_POINT('',#11958);
#3693=VERTEX_POINT('',#11960);
#3694=VERTEX_POINT('',#11964);
#3695=VERTEX_POINT('',#11966);
#3696=VERTEX_POINT('',#11970);
#3697=VERTEX_POINT('',#11972);
#3698=VERTEX_POINT('',#11982);
#3699=VERTEX_POINT('',#11983);
#3700=VERTEX_POINT('',#11985);
#3701=VERTEX_POINT('',#11987);
#3702=VERTEX_POINT('',#11991);
#3703=VERTEX_POINT('',#11993);
#3704=VERTEX_POINT('',#11997);
#3705=VERTEX_POINT('',#11999);
#3706=VERTEX_POINT('',#12003);
#3707=VERTEX_POINT('',#12005);
#3708=VERTEX_POINT('',#12014);
#3709=VERTEX_POINT('',#12015);
#3710=VERTEX_POINT('',#12017);
#3711=VERTEX_POINT('',#12019);
#3712=VERTEX_POINT('',#12023);
#3713=VERTEX_POINT('',#12025);
#3714=VERTEX_POINT('',#12029);
#3715=VERTEX_POINT('',#12031);
#3716=VERTEX_POINT('',#12035);
#3717=VERTEX_POINT('',#12037);
#3718=VERTEX_POINT('',#12041);
#3719=VERTEX_POINT('',#12043);
#3720=VERTEX_POINT('',#12047);
#3721=VERTEX_POINT('',#12049);
#3722=VERTEX_POINT('',#12053);
#3723=VERTEX_POINT('',#12055);
#3724=VERTEX_POINT('',#12065);
#3725=VERTEX_POINT('',#12066);
#3726=VERTEX_POINT('',#12068);
#3727=VERTEX_POINT('',#12070);
#3728=VERTEX_POINT('',#12074);
#3729=VERTEX_POINT('',#12076);
#3730=VERTEX_POINT('',#12080);
#3731=VERTEX_POINT('',#12082);
#3732=VERTEX_POINT('',#12092);
#3733=VERTEX_POINT('',#12093);
#3734=VERTEX_POINT('',#12095);
#3735=VERTEX_POINT('',#12097);
#3736=VERTEX_POINT('',#12101);
#3737=VERTEX_POINT('',#12103);
#3738=VERTEX_POINT('',#12107);
#3739=VERTEX_POINT('',#12109);
#3740=VERTEX_POINT('',#12113);
#3741=VERTEX_POINT('',#12115);
#3742=VERTEX_POINT('',#12124);
#3743=VERTEX_POINT('',#12125);
#3744=VERTEX_POINT('',#12127);
#3745=VERTEX_POINT('',#12129);
#3746=VERTEX_POINT('',#12133);
#3747=VERTEX_POINT('',#12134);
#3748=VERTEX_POINT('',#12139);
#3749=VERTEX_POINT('',#12140);
#3750=VERTEX_POINT('',#12148);
#3751=VERTEX_POINT('',#12149);
#3752=VERTEX_POINT('',#12151);
#3753=VERTEX_POINT('',#12153);
#3754=VERTEX_POINT('',#12157);
#3755=VERTEX_POINT('',#12158);
#3756=VERTEX_POINT('',#12160);
#3757=VERTEX_POINT('',#12162);
#3758=VERTEX_POINT('',#12183);
#3759=VERTEX_POINT('',#12184);
#3760=VERTEX_POINT('',#12186);
#3761=VERTEX_POINT('',#12188);
#3762=VERTEX_POINT('',#12192);
#3763=VERTEX_POINT('',#12194);
#3764=VERTEX_POINT('',#12198);
#3765=VERTEX_POINT('',#12200);
#3766=VERTEX_POINT('',#12210);
#3767=VERTEX_POINT('',#12211);
#3768=VERTEX_POINT('',#12213);
#3769=VERTEX_POINT('',#12215);
#3770=VERTEX_POINT('',#12219);
#3771=VERTEX_POINT('',#12221);
#3772=VERTEX_POINT('',#12225);
#3773=VERTEX_POINT('',#12227);
#3774=VERTEX_POINT('',#12231);
#3775=VERTEX_POINT('',#12233);
#3776=VERTEX_POINT('',#12237);
#3777=VERTEX_POINT('',#12239);
#3778=VERTEX_POINT('',#12243);
#3779=VERTEX_POINT('',#12245);
#3780=VERTEX_POINT('',#12249);
#3781=VERTEX_POINT('',#12251);
#3782=VERTEX_POINT('',#12261);
#3783=VERTEX_POINT('',#12262);
#3784=VERTEX_POINT('',#12264);
#3785=VERTEX_POINT('',#12266);
#3786=VERTEX_POINT('',#12270);
#3787=VERTEX_POINT('',#12271);
#3788=VERTEX_POINT('',#12276);
#3789=VERTEX_POINT('',#12277);
#3790=VERTEX_POINT('',#12285);
#3791=VERTEX_POINT('',#12286);
#3792=VERTEX_POINT('',#12288);
#3793=VERTEX_POINT('',#12290);
#3794=VERTEX_POINT('',#12294);
#3795=VERTEX_POINT('',#12295);
#3796=VERTEX_POINT('',#12297);
#3797=VERTEX_POINT('',#12299);
#3798=VERTEX_POINT('',#12320);
#3799=VERTEX_POINT('',#12321);
#3800=VERTEX_POINT('',#12323);
#3801=VERTEX_POINT('',#12325);
#3802=VERTEX_POINT('',#12327);
#3803=VERTEX_POINT('',#12329);
#3804=VERTEX_POINT('',#12331);
#3805=VERTEX_POINT('',#12333);
#3806=VERTEX_POINT('',#12335);
#3807=VERTEX_POINT('',#12337);
#3808=VERTEX_POINT('',#12339);
#3809=VERTEX_POINT('',#12341);
#3810=VERTEX_POINT('',#12343);
#3811=VERTEX_POINT('',#12345);
#3812=VERTEX_POINT('',#12349);
#3813=VERTEX_POINT('',#12351);
#3814=VERTEX_POINT('',#12354);
#3815=VERTEX_POINT('',#12355);
#3816=VERTEX_POINT('',#12357);
#3817=VERTEX_POINT('',#12359);
#3818=VERTEX_POINT('',#12362);
#3819=VERTEX_POINT('',#12364);
#3820=VERTEX_POINT('',#12366);
#3821=VERTEX_POINT('',#12368);
#3822=VERTEX_POINT('',#12370);
#3823=VERTEX_POINT('',#12372);
#3824=VERTEX_POINT('',#12373);
#3825=VERTEX_POINT('',#12375);
#3826=VERTEX_POINT('',#12377);
#3827=VERTEX_POINT('',#12379);
#3828=VERTEX_POINT('',#12381);
#3829=VERTEX_POINT('',#12383);
#3830=VERTEX_POINT('',#12385);
#3831=VERTEX_POINT('',#12387);
#3832=VERTEX_POINT('',#12389);
#3833=VERTEX_POINT('',#12393);
#3834=VERTEX_POINT('',#12395);
#3835=VERTEX_POINT('',#12397);
#3836=VERTEX_POINT('',#12399);
#3837=VERTEX_POINT('',#12401);
#3838=VERTEX_POINT('',#12403);
#3839=VERTEX_POINT('',#12406);
#3840=VERTEX_POINT('',#12407);
#3841=VERTEX_POINT('',#12411);
#3842=VERTEX_POINT('',#12413);
#3843=VERTEX_POINT('',#12415);
#3844=VERTEX_POINT('',#12417);
#3845=VERTEX_POINT('',#12419);
#3846=VERTEX_POINT('',#12421);
#3847=VERTEX_POINT('',#12423);
#3848=VERTEX_POINT('',#12425);
#3849=VERTEX_POINT('',#12427);
#3850=VERTEX_POINT('',#12431);
#3851=VERTEX_POINT('',#12433);
#3852=VERTEX_POINT('',#12436);
#3853=VERTEX_POINT('',#12437);
#3854=VERTEX_POINT('',#12439);
#3855=VERTEX_POINT('',#12441);
#3856=VERTEX_POINT('',#12443);
#3857=VERTEX_POINT('',#12445);
#3858=VERTEX_POINT('',#12447);
#3859=VERTEX_POINT('',#12449);
#3860=VERTEX_POINT('',#12451);
#3861=VERTEX_POINT('',#12453);
#3862=VERTEX_POINT('',#12455);
#3863=VERTEX_POINT('',#12461);
#3864=VERTEX_POINT('',#12462);
#3865=VERTEX_POINT('',#12464);
#3866=VERTEX_POINT('',#12466);
#3867=VERTEX_POINT('',#12468);
#3868=VERTEX_POINT('',#12472);
#3869=VERTEX_POINT('',#12474);
#3870=VERTEX_POINT('',#12476);
#3871=VERTEX_POINT('',#12478);
#3872=VERTEX_POINT('',#12480);
#3873=VERTEX_POINT('',#12482);
#3874=VERTEX_POINT('',#12484);
#3875=VERTEX_POINT('',#12486);
#3876=VERTEX_POINT('',#12489);
#3877=VERTEX_POINT('',#12490);
#3878=VERTEX_POINT('',#12492);
#3879=VERTEX_POINT('',#12494);
#3880=VERTEX_POINT('',#12496);
#3881=VERTEX_POINT('',#12498);
#3882=VERTEX_POINT('',#12500);
#3883=VERTEX_POINT('',#12502);
#3884=VERTEX_POINT('',#12504);
#3885=VERTEX_POINT('',#12508);
#3886=VERTEX_POINT('',#12510);
#3887=VERTEX_POINT('',#12512);
#3888=VERTEX_POINT('',#12514);
#3889=VERTEX_POINT('',#12516);
#3890=VERTEX_POINT('',#12518);
#3891=VERTEX_POINT('',#12520);
#3892=VERTEX_POINT('',#12523);
#3893=VERTEX_POINT('',#12525);
#3894=VERTEX_POINT('',#12527);
#3895=VERTEX_POINT('',#12529);
#3896=VERTEX_POINT('',#12531);
#3897=VERTEX_POINT('',#12533);
#3898=VERTEX_POINT('',#12534);
#3899=VERTEX_POINT('',#12536);
#3900=VERTEX_POINT('',#12538);
#3901=VERTEX_POINT('',#12541);
#3902=VERTEX_POINT('',#12542);
#3903=VERTEX_POINT('',#12544);
#3904=VERTEX_POINT('',#12546);
#3905=VERTEX_POINT('',#12548);
#3906=VERTEX_POINT('',#12552);
#3907=VERTEX_POINT('',#12554);
#3908=VERTEX_POINT('',#12556);
#3909=VERTEX_POINT('',#12558);
#3910=VERTEX_POINT('',#12560);
#3911=VERTEX_POINT('',#12562);
#3912=VERTEX_POINT('',#12564);
#3913=VERTEX_POINT('',#12566);
#3914=VERTEX_POINT('',#12568);
#3915=VERTEX_POINT('',#12570);
#3916=VERTEX_POINT('',#12572);
#3917=VERTEX_POINT('',#12575);
#3918=VERTEX_POINT('',#12576);
#3919=VERTEX_POINT('',#12578);
#3920=VERTEX_POINT('',#12580);
#3921=VERTEX_POINT('',#12582);
#3922=VERTEX_POINT('',#12584);
#3923=VERTEX_POINT('',#12586);
#3924=VERTEX_POINT('',#12588);
#3925=VERTEX_POINT('',#12590);
#3926=VERTEX_POINT('',#12592);
#3927=VERTEX_POINT('',#12594);
#3928=VERTEX_POINT('',#12752);
#3929=VERTEX_POINT('',#12753);
#3930=VERTEX_POINT('',#12755);
#3931=VERTEX_POINT('',#12757);
#3932=VERTEX_POINT('',#12761);
#3933=VERTEX_POINT('',#12763);
#3934=VERTEX_POINT('',#12767);
#3935=VERTEX_POINT('',#12769);
#3936=VERTEX_POINT('',#12773);
#3937=VERTEX_POINT('',#12775);
#3938=VERTEX_POINT('',#12779);
#3939=VERTEX_POINT('',#12781);
#3940=VERTEX_POINT('',#12785);
#3941=VERTEX_POINT('',#12787);
#3942=VERTEX_POINT('',#12791);
#3943=VERTEX_POINT('',#12793);
#3944=VERTEX_POINT('',#12803);
#3945=VERTEX_POINT('',#12804);
#3946=VERTEX_POINT('',#12806);
#3947=VERTEX_POINT('',#12808);
#3948=VERTEX_POINT('',#12812);
#3949=VERTEX_POINT('',#12814);
#3950=VERTEX_POINT('',#12818);
#3951=VERTEX_POINT('',#12820);
#3952=VERTEX_POINT('',#12832);
#3953=VERTEX_POINT('',#12833);
#3954=VERTEX_POINT('',#12835);
#3955=VERTEX_POINT('',#12837);
#3956=VERTEX_POINT('',#12839);
#3957=VERTEX_POINT('',#12843);
#3958=VERTEX_POINT('',#12845);
#3959=VERTEX_POINT('',#12847);
#3960=VERTEX_POINT('',#12849);
#3961=VERTEX_POINT('',#12862);
#3962=VERTEX_POINT('',#12866);
#3963=VERTEX_POINT('',#12870);
#3964=VERTEX_POINT('',#12874);
#3965=VERTEX_POINT('',#12878);
#3966=VERTEX_POINT('',#12889);
#3967=VERTEX_POINT('',#12895);
#3968=VERTEX_POINT('',#12899);
#3969=VERTEX_POINT('',#12903);
#3970=VERTEX_POINT('',#12920);
#3971=VERTEX_POINT('',#12921);
#3972=VERTEX_POINT('',#12923);
#3973=VERTEX_POINT('',#12925);
#3974=VERTEX_POINT('',#12929);
#3975=VERTEX_POINT('',#12931);
#3976=VERTEX_POINT('',#12935);
#3977=VERTEX_POINT('',#12937);
#3978=VERTEX_POINT('',#12941);
#3979=VERTEX_POINT('',#12943);
#3980=VERTEX_POINT('',#12947);
#3981=VERTEX_POINT('',#12949);
#3982=VERTEX_POINT('',#12953);
#3983=VERTEX_POINT('',#12955);
#3984=VERTEX_POINT('',#12959);
#3985=VERTEX_POINT('',#12961);
#3986=LINE('',#10716,#4810);
#3987=LINE('',#10719,#4811);
#3988=LINE('',#10721,#4812);
#3989=LINE('',#10741,#4813);
#3990=LINE('',#10745,#4814);
#3991=LINE('',#10747,#4815);
#3992=LINE('',#10751,#4816);
#3993=LINE('',#10755,#4817);
#3994=LINE('',#10759,#4818);
#3995=LINE('',#10763,#4819);
#3996=LINE('',#10767,#4820);
#3997=LINE('',#10778,#4821);
#3998=LINE('',#10784,#4822);
#3999=LINE('',#10786,#4823);
#4000=LINE('',#10788,#4824);
#4001=LINE('',#10790,#4825);
#4002=LINE('',#10792,#4826);
#4003=LINE('',#10833,#4827);
#4004=LINE('',#10837,#4828);
#4005=LINE('',#10839,#4829);
#4006=LINE('',#10850,#4830);
#4007=LINE('',#10856,#4831);
#4008=LINE('',#10860,#4832);
#4009=LINE('',#10864,#4833);
#4010=LINE('',#10868,#4834);
#4011=LINE('',#10872,#4835);
#4012=LINE('',#10876,#4836);
#4013=LINE('',#10880,#4837);
#4014=LINE('',#10891,#4838);
#4015=LINE('',#10897,#4839);
#4016=LINE('',#10901,#4840);
#4017=LINE('',#10905,#4841);
#4018=LINE('',#10909,#4842);
#4019=LINE('',#10917,#4843);
#4020=LINE('',#10920,#4844);
#4021=LINE('',#10922,#4845);
#4022=LINE('',#10924,#4846);
#4023=LINE('',#10926,#4847);
#4024=LINE('',#10928,#4848);
#4025=LINE('',#10930,#4849);
#4026=LINE('',#10932,#4850);
#4027=LINE('',#10934,#4851);
#4028=LINE('',#10936,#4852);
#4029=LINE('',#10938,#4853);
#4030=LINE('',#10940,#4854);
#4031=LINE('',#10942,#4855);
#4032=LINE('',#10944,#4856);
#4033=LINE('',#10946,#4857);
#4034=LINE('',#10948,#4858);
#4035=LINE('',#10950,#4859);
#4036=LINE('',#10952,#4860);
#4037=LINE('',#10954,#4861);
#4038=LINE('',#10956,#4862);
#4039=LINE('',#10958,#4863);
#4040=LINE('',#10960,#4864);
#4041=LINE('',#10962,#4865);
#4042=LINE('',#10963,#4866);
#4043=LINE('',#10968,#4867);
#4044=LINE('',#10971,#4868);
#4045=LINE('',#10973,#4869);
#4046=LINE('',#10975,#4870);
#4047=LINE('',#10977,#4871);
#4048=LINE('',#10980,#4872);
#4049=LINE('',#10981,#4873);
#4050=LINE('',#10983,#4874);
#4051=LINE('',#10986,#4875);
#4052=LINE('',#10987,#4876);
#4053=LINE('',#10989,#4877);
#4054=LINE('',#10990,#4878);
#4055=LINE('',#10992,#4879);
#4056=LINE('',#10995,#4880);
#4057=LINE('',#10997,#4881);
#4058=LINE('',#10999,#4882);
#4059=LINE('',#11001,#4883);
#4060=LINE('',#11004,#4884);
#4061=LINE('',#11006,#4885);
#4062=LINE('',#11008,#4886);
#4063=LINE('',#11010,#4887);
#4064=LINE('',#11011,#4888);
#4065=LINE('',#11013,#4889);
#4066=LINE('',#11015,#4890);
#4067=LINE('',#11018,#4891);
#4068=LINE('',#11019,#4892);
#4069=LINE('',#11021,#4893);
#4070=LINE('',#11023,#4894);
#4071=LINE('',#11027,#4895);
#4072=LINE('',#11030,#4896);
#4073=LINE('',#11032,#4897);
#4074=LINE('',#11034,#4898);
#4075=LINE('',#11036,#4899);
#4076=LINE('',#11038,#4900);
#4077=LINE('',#11040,#4901);
#4078=LINE('',#11042,#4902);
#4079=LINE('',#11044,#4903);
#4080=LINE('',#11046,#4904);
#4081=LINE('',#11048,#4905);
#4082=LINE('',#11050,#4906);
#4083=LINE('',#11052,#4907);
#4084=LINE('',#11054,#4908);
#4085=LINE('',#11056,#4909);
#4086=LINE('',#11058,#4910);
#4087=LINE('',#11060,#4911);
#4088=LINE('',#11062,#4912);
#4089=LINE('',#11064,#4913);
#4090=LINE('',#11066,#4914);
#4091=LINE('',#11068,#4915);
#4092=LINE('',#11070,#4916);
#4093=LINE('',#11072,#4917);
#4094=LINE('',#11073,#4918);
#4095=LINE('',#11078,#4919);
#4096=LINE('',#11081,#4920);
#4097=LINE('',#11083,#4921);
#4098=LINE('',#11085,#4922);
#4099=LINE('',#11087,#4923);
#4100=LINE('',#11089,#4924);
#4101=LINE('',#11091,#4925);
#4102=LINE('',#11093,#4926);
#4103=LINE('',#11095,#4927);
#4104=LINE('',#11097,#4928);
#4105=LINE('',#11099,#4929);
#4106=LINE('',#11100,#4930);
#4107=LINE('',#11105,#4931);
#4108=LINE('',#11108,#4932);
#4109=LINE('',#11110,#4933);
#4110=LINE('',#11112,#4934);
#4111=LINE('',#11114,#4935);
#4112=LINE('',#11116,#4936);
#4113=LINE('',#11118,#4937);
#4114=LINE('',#11120,#4938);
#4115=LINE('',#11122,#4939);
#4116=LINE('',#11124,#4940);
#4117=LINE('',#11126,#4941);
#4118=LINE('',#11127,#4942);
#4119=LINE('',#11132,#4943);
#4120=LINE('',#11135,#4944);
#4121=LINE('',#11137,#4945);
#4122=LINE('',#11139,#4946);
#4123=LINE('',#11141,#4947);
#4124=LINE('',#11143,#4948);
#4125=LINE('',#11145,#4949);
#4126=LINE('',#11147,#4950);
#4127=LINE('',#11149,#4951);
#4128=LINE('',#11151,#4952);
#4129=LINE('',#11153,#4953);
#4130=LINE('',#11154,#4954);
#4131=LINE('',#11172,#4955);
#4132=LINE('',#11175,#4956);
#4133=LINE('',#11177,#4957);
#4134=LINE('',#11179,#4958);
#4135=LINE('',#11181,#4959);
#4136=LINE('',#11183,#4960);
#4137=LINE('',#11185,#4961);
#4138=LINE('',#11187,#4962);
#4139=LINE('',#11189,#4963);
#4140=LINE('',#11191,#4964);
#4141=LINE('',#11193,#4965);
#4142=LINE('',#11194,#4966);
#4143=LINE('',#11199,#4967);
#4144=LINE('',#11202,#4968);
#4145=LINE('',#11204,#4969);
#4146=LINE('',#11206,#4970);
#4147=LINE('',#11208,#4971);
#4148=LINE('',#11210,#4972);
#4149=LINE('',#11212,#4973);
#4150=LINE('',#11214,#4974);
#4151=LINE('',#11216,#4975);
#4152=LINE('',#11218,#4976);
#4153=LINE('',#11225,#4977);
#4154=LINE('',#11226,#4978);
#4155=LINE('',#11231,#4979);
#4156=LINE('',#11234,#4980);
#4157=LINE('',#11236,#4981);
#4158=LINE('',#11238,#4982);
#4159=LINE('',#11240,#4983);
#4160=LINE('',#11242,#4984);
#4161=LINE('',#11244,#4985);
#4162=LINE('',#11246,#4986);
#4163=LINE('',#11248,#4987);
#4164=LINE('',#11250,#4988);
#4165=LINE('',#11257,#4989);
#4166=LINE('',#11258,#4990);
#4167=LINE('',#11263,#4991);
#4168=LINE('',#11266,#4992);
#4169=LINE('',#11268,#4993);
#4170=LINE('',#11270,#4994);
#4171=LINE('',#11272,#4995);
#4172=LINE('',#11274,#4996);
#4173=LINE('',#11276,#4997);
#4174=LINE('',#11278,#4998);
#4175=LINE('',#11280,#4999);
#4176=LINE('',#11282,#5000);
#4177=LINE('',#11289,#5001);
#4178=LINE('',#11290,#5002);
#4179=LINE('',#11295,#5003);
#4180=LINE('',#11298,#5004);
#4181=LINE('',#11300,#5005);
#4182=LINE('',#11302,#5006);
#4183=LINE('',#11304,#5007);
#4184=LINE('',#11306,#5008);
#4185=LINE('',#11308,#5009);
#4186=LINE('',#11310,#5010);
#4187=LINE('',#11312,#5011);
#4188=LINE('',#11314,#5012);
#4189=LINE('',#11316,#5013);
#4190=LINE('',#11317,#5014);
#4191=LINE('',#11322,#5015);
#4192=LINE('',#11325,#5016);
#4193=LINE('',#11327,#5017);
#4194=LINE('',#11329,#5018);
#4195=LINE('',#11331,#5019);
#4196=LINE('',#11333,#5020);
#4197=LINE('',#11335,#5021);
#4198=LINE('',#11337,#5022);
#4199=LINE('',#11339,#5023);
#4200=LINE('',#11341,#5024);
#4201=LINE('',#11348,#5025);
#4202=LINE('',#11349,#5026);
#4203=LINE('',#11354,#5027);
#4204=LINE('',#11357,#5028);
#4205=LINE('',#11359,#5029);
#4206=LINE('',#11361,#5030);
#4207=LINE('',#11363,#5031);
#4208=LINE('',#11365,#5032);
#4209=LINE('',#11367,#5033);
#4210=LINE('',#11369,#5034);
#4211=LINE('',#11371,#5035);
#4212=LINE('',#11373,#5036);
#4213=LINE('',#11375,#5037);
#4214=LINE('',#11376,#5038);
#4215=LINE('',#11381,#5039);
#4216=LINE('',#11384,#5040);
#4217=LINE('',#11386,#5041);
#4218=LINE('',#11388,#5042);
#4219=LINE('',#11390,#5043);
#4220=LINE('',#11392,#5044);
#4221=LINE('',#11394,#5045);
#4222=LINE('',#11396,#5046);
#4223=LINE('',#11398,#5047);
#4224=LINE('',#11400,#5048);
#4225=LINE('',#11402,#5049);
#4226=LINE('',#11403,#5050);
#4227=LINE('',#11408,#5051);
#4228=LINE('',#11411,#5052);
#4229=LINE('',#11413,#5053);
#4230=LINE('',#11415,#5054);
#4231=LINE('',#11417,#5055);
#4232=LINE('',#11419,#5056);
#4233=LINE('',#11421,#5057);
#4234=LINE('',#11423,#5058);
#4235=LINE('',#11425,#5059);
#4236=LINE('',#11427,#5060);
#4237=LINE('',#11429,#5061);
#4238=LINE('',#11430,#5062);
#4239=LINE('',#11435,#5063);
#4240=LINE('',#11438,#5064);
#4241=LINE('',#11440,#5065);
#4242=LINE('',#11442,#5066);
#4243=LINE('',#11444,#5067);
#4244=LINE('',#11446,#5068);
#4245=LINE('',#11448,#5069);
#4246=LINE('',#11450,#5070);
#4247=LINE('',#11452,#5071);
#4248=LINE('',#11454,#5072);
#4249=LINE('',#11456,#5073);
#4250=LINE('',#11457,#5074);
#4251=LINE('',#11462,#5075);
#4252=LINE('',#11465,#5076);
#4253=LINE('',#11467,#5077);
#4254=LINE('',#11469,#5078);
#4255=LINE('',#11471,#5079);
#4256=LINE('',#11473,#5080);
#4257=LINE('',#11475,#5081);
#4258=LINE('',#11477,#5082);
#4259=LINE('',#11479,#5083);
#4260=LINE('',#11481,#5084);
#4261=LINE('',#11483,#5085);
#4262=LINE('',#11484,#5086);
#4263=LINE('',#11489,#5087);
#4264=LINE('',#11492,#5088);
#4265=LINE('',#11494,#5089);
#4266=LINE('',#11496,#5090);
#4267=LINE('',#11498,#5091);
#4268=LINE('',#11500,#5092);
#4269=LINE('',#11502,#5093);
#4270=LINE('',#11504,#5094);
#4271=LINE('',#11506,#5095);
#4272=LINE('',#11508,#5096);
#4273=LINE('',#11510,#5097);
#4274=LINE('',#11511,#5098);
#4275=LINE('',#11516,#5099);
#4276=LINE('',#11519,#5100);
#4277=LINE('',#11521,#5101);
#4278=LINE('',#11523,#5102);
#4279=LINE('',#11525,#5103);
#4280=LINE('',#11527,#5104);
#4281=LINE('',#11529,#5105);
#4282=LINE('',#11531,#5106);
#4283=LINE('',#11533,#5107);
#4284=LINE('',#11535,#5108);
#4285=LINE('',#11537,#5109);
#4286=LINE('',#11538,#5110);
#4287=LINE('',#11543,#5111);
#4288=LINE('',#11546,#5112);
#4289=LINE('',#11548,#5113);
#4290=LINE('',#11550,#5114);
#4291=LINE('',#11552,#5115);
#4292=LINE('',#11555,#5116);
#4293=LINE('',#11556,#5117);
#4294=LINE('',#11558,#5118);
#4295=LINE('',#11561,#5119);
#4296=LINE('',#11562,#5120);
#4297=LINE('',#11564,#5121);
#4298=LINE('',#11565,#5122);
#4299=LINE('',#11567,#5123);
#4300=LINE('',#11570,#5124);
#4301=LINE('',#11572,#5125);
#4302=LINE('',#11574,#5126);
#4303=LINE('',#11576,#5127);
#4304=LINE('',#11579,#5128);
#4305=LINE('',#11581,#5129);
#4306=LINE('',#11583,#5130);
#4307=LINE('',#11585,#5131);
#4308=LINE('',#11586,#5132);
#4309=LINE('',#11588,#5133);
#4310=LINE('',#11590,#5134);
#4311=LINE('',#11593,#5135);
#4312=LINE('',#11594,#5136);
#4313=LINE('',#11596,#5137);
#4314=LINE('',#11598,#5138);
#4315=LINE('',#11602,#5139);
#4316=LINE('',#11605,#5140);
#4317=LINE('',#11607,#5141);
#4318=LINE('',#11609,#5142);
#4319=LINE('',#11611,#5143);
#4320=LINE('',#11613,#5144);
#4321=LINE('',#11615,#5145);
#4322=LINE('',#11617,#5146);
#4323=LINE('',#11619,#5147);
#4324=LINE('',#11621,#5148);
#4325=LINE('',#11623,#5149);
#4326=LINE('',#11624,#5150);
#4327=LINE('',#11629,#5151);
#4328=LINE('',#11632,#5152);
#4329=LINE('',#11634,#5153);
#4330=LINE('',#11636,#5154);
#4331=LINE('',#11638,#5155);
#4332=LINE('',#11640,#5156);
#4333=LINE('',#11642,#5157);
#4334=LINE('',#11644,#5158);
#4335=LINE('',#11646,#5159);
#4336=LINE('',#11648,#5160);
#4337=LINE('',#11650,#5161);
#4338=LINE('',#11651,#5162);
#4339=LINE('',#11656,#5163);
#4340=LINE('',#11659,#5164);
#4341=LINE('',#11661,#5165);
#4342=LINE('',#11663,#5166);
#4343=LINE('',#11665,#5167);
#4344=LINE('',#11667,#5168);
#4345=LINE('',#11669,#5169);
#4346=LINE('',#11671,#5170);
#4347=LINE('',#11673,#5171);
#4348=LINE('',#11675,#5172);
#4349=LINE('',#11677,#5173);
#4350=LINE('',#11678,#5174);
#4351=LINE('',#11683,#5175);
#4352=LINE('',#11686,#5176);
#4353=LINE('',#11688,#5177);
#4354=LINE('',#11690,#5178);
#4355=LINE('',#11692,#5179);
#4356=LINE('',#11694,#5180);
#4357=LINE('',#11696,#5181);
#4358=LINE('',#11698,#5182);
#4359=LINE('',#11700,#5183);
#4360=LINE('',#11702,#5184);
#4361=LINE('',#11704,#5185);
#4362=LINE('',#11705,#5186);
#4363=LINE('',#11710,#5187);
#4364=LINE('',#11713,#5188);
#4365=LINE('',#11715,#5189);
#4366=LINE('',#11717,#5190);
#4367=LINE('',#11719,#5191);
#4368=LINE('',#11721,#5192);
#4369=LINE('',#11723,#5193);
#4370=LINE('',#11725,#5194);
#4371=LINE('',#11727,#5195);
#4372=LINE('',#11729,#5196);
#4373=LINE('',#11731,#5197);
#4374=LINE('',#11732,#5198);
#4375=LINE('',#11737,#5199);
#4376=LINE('',#11740,#5200);
#4377=LINE('',#11742,#5201);
#4378=LINE('',#11744,#5202);
#4379=LINE('',#11746,#5203);
#4380=LINE('',#11748,#5204);
#4381=LINE('',#11750,#5205);
#4382=LINE('',#11752,#5206);
#4383=LINE('',#11754,#5207);
#4384=LINE('',#11756,#5208);
#4385=LINE('',#11758,#5209);
#4386=LINE('',#11759,#5210);
#4387=LINE('',#11777,#5211);
#4388=LINE('',#11780,#5212);
#4389=LINE('',#11782,#5213);
#4390=LINE('',#11784,#5214);
#4391=LINE('',#11786,#5215);
#4392=LINE('',#11788,#5216);
#4393=LINE('',#11790,#5217);
#4394=LINE('',#11792,#5218);
#4395=LINE('',#11794,#5219);
#4396=LINE('',#11796,#5220);
#4397=LINE('',#11798,#5221);
#4398=LINE('',#11799,#5222);
#4399=LINE('',#11804,#5223);
#4400=LINE('',#11807,#5224);
#4401=LINE('',#11809,#5225);
#4402=LINE('',#11811,#5226);
#4403=LINE('',#11813,#5227);
#4404=LINE('',#11815,#5228);
#4405=LINE('',#11817,#5229);
#4406=LINE('',#11819,#5230);
#4407=LINE('',#11821,#5231);
#4408=LINE('',#11823,#5232);
#4409=LINE('',#11830,#5233);
#4410=LINE('',#11831,#5234);
#4411=LINE('',#11836,#5235);
#4412=LINE('',#11839,#5236);
#4413=LINE('',#11841,#5237);
#4414=LINE('',#11843,#5238);
#4415=LINE('',#11845,#5239);
#4416=LINE('',#11847,#5240);
#4417=LINE('',#11849,#5241);
#4418=LINE('',#11851,#5242);
#4419=LINE('',#11853,#5243);
#4420=LINE('',#11855,#5244);
#4421=LINE('',#11857,#5245);
#4422=LINE('',#11858,#5246);
#4423=LINE('',#11863,#5247);
#4424=LINE('',#11866,#5248);
#4425=LINE('',#11868,#5249);
#4426=LINE('',#11870,#5250);
#4427=LINE('',#11872,#5251);
#4428=LINE('',#11874,#5252);
#4429=LINE('',#11876,#5253);
#4430=LINE('',#11878,#5254);
#4431=LINE('',#11880,#5255);
#4432=LINE('',#11882,#5256);
#4433=LINE('',#11889,#5257);
#4434=LINE('',#11890,#5258);
#4435=LINE('',#11895,#5259);
#4436=LINE('',#11898,#5260);
#4437=LINE('',#11900,#5261);
#4438=LINE('',#11902,#5262);
#4439=LINE('',#11904,#5263);
#4440=LINE('',#11907,#5264);
#4441=LINE('',#11908,#5265);
#4442=LINE('',#11910,#5266);
#4443=LINE('',#11913,#5267);
#4444=LINE('',#11914,#5268);
#4445=LINE('',#11916,#5269);
#4446=LINE('',#11917,#5270);
#4447=LINE('',#11919,#5271);
#4448=LINE('',#11922,#5272);
#4449=LINE('',#11924,#5273);
#4450=LINE('',#11926,#5274);
#4451=LINE('',#11928,#5275);
#4452=LINE('',#11931,#5276);
#4453=LINE('',#11933,#5277);
#4454=LINE('',#11935,#5278);
#4455=LINE('',#11937,#5279);
#4456=LINE('',#11938,#5280);
#4457=LINE('',#11940,#5281);
#4458=LINE('',#11942,#5282);
#4459=LINE('',#11945,#5283);
#4460=LINE('',#11946,#5284);
#4461=LINE('',#11948,#5285);
#4462=LINE('',#11950,#5286);
#4463=LINE('',#11954,#5287);
#4464=LINE('',#11957,#5288);
#4465=LINE('',#11959,#5289);
#4466=LINE('',#11961,#5290);
#4467=LINE('',#11963,#5291);
#4468=LINE('',#11965,#5292);
#4469=LINE('',#11967,#5293);
#4470=LINE('',#11969,#5294);
#4471=LINE('',#11971,#5295);
#4472=LINE('',#11973,#5296);
#4473=LINE('',#11975,#5297);
#4474=LINE('',#11976,#5298);
#4475=LINE('',#11981,#5299);
#4476=LINE('',#11984,#5300);
#4477=LINE('',#11986,#5301);
#4478=LINE('',#11988,#5302);
#4479=LINE('',#11990,#5303);
#4480=LINE('',#11992,#5304);
#4481=LINE('',#11994,#5305);
#4482=LINE('',#11996,#5306);
#4483=LINE('',#11998,#5307);
#4484=LINE('',#12000,#5308);
#4485=LINE('',#12007,#5309);
#4486=LINE('',#12008,#5310);
#4487=LINE('',#12013,#5311);
#4488=LINE('',#12016,#5312);
#4489=LINE('',#12018,#5313);
#4490=LINE('',#12020,#5314);
#4491=LINE('',#12022,#5315);
#4492=LINE('',#12024,#5316);
#4493=LINE('',#12026,#5317);
#4494=LINE('',#12028,#5318);
#4495=LINE('',#12030,#5319);
#4496=LINE('',#12032,#5320);
#4497=LINE('',#12034,#5321);
#4498=LINE('',#12036,#5322);
#4499=LINE('',#12038,#5323);
#4500=LINE('',#12040,#5324);
#4501=LINE('',#12042,#5325);
#4502=LINE('',#12044,#5326);
#4503=LINE('',#12046,#5327);
#4504=LINE('',#12048,#5328);
#4505=LINE('',#12050,#5329);
#4506=LINE('',#12052,#5330);
#4507=LINE('',#12054,#5331);
#4508=LINE('',#12056,#5332);
#4509=LINE('',#12058,#5333);
#4510=LINE('',#12059,#5334);
#4511=LINE('',#12064,#5335);
#4512=LINE('',#12067,#5336);
#4513=LINE('',#12069,#5337);
#4514=LINE('',#12071,#5338);
#4515=LINE('',#12073,#5339);
#4516=LINE('',#12075,#5340);
#4517=LINE('',#12077,#5341);
#4518=LINE('',#12079,#5342);
#4519=LINE('',#12081,#5343);
#4520=LINE('',#12083,#5344);
#4521=LINE('',#12085,#5345);
#4522=LINE('',#12086,#5346);
#4523=LINE('',#12091,#5347);
#4524=LINE('',#12094,#5348);
#4525=LINE('',#12096,#5349);
#4526=LINE('',#12098,#5350);
#4527=LINE('',#12100,#5351);
#4528=LINE('',#12102,#5352);
#4529=LINE('',#12104,#5353);
#4530=LINE('',#12106,#5354);
#4531=LINE('',#12108,#5355);
#4532=LINE('',#12110,#5356);
#4533=LINE('',#12117,#5357);
#4534=LINE('',#12118,#5358);
#4535=LINE('',#12123,#5359);
#4536=LINE('',#12126,#5360);
#4537=LINE('',#12128,#5361);
#4538=LINE('',#12130,#5362);
#4539=LINE('',#12132,#5363);
#4540=LINE('',#12135,#5364);
#4541=LINE('',#12136,#5365);
#4542=LINE('',#12138,#5366);
#4543=LINE('',#12141,#5367);
#4544=LINE('',#12142,#5368);
#4545=LINE('',#12144,#5369);
#4546=LINE('',#12145,#5370);
#4547=LINE('',#12147,#5371);
#4548=LINE('',#12150,#5372);
#4549=LINE('',#12152,#5373);
#4550=LINE('',#12154,#5374);
#4551=LINE('',#12156,#5375);
#4552=LINE('',#12159,#5376);
#4553=LINE('',#12161,#5377);
#4554=LINE('',#12163,#5378);
#4555=LINE('',#12165,#5379);
#4556=LINE('',#12166,#5380);
#4557=LINE('',#12168,#5381);
#4558=LINE('',#12170,#5382);
#4559=LINE('',#12173,#5383);
#4560=LINE('',#12174,#5384);
#4561=LINE('',#12176,#5385);
#4562=LINE('',#12178,#5386);
#4563=LINE('',#12182,#5387);
#4564=LINE('',#12185,#5388);
#4565=LINE('',#12187,#5389);
#4566=LINE('',#12189,#5390);
#4567=LINE('',#12191,#5391);
#4568=LINE('',#12193,#5392);
#4569=LINE('',#12195,#5393);
#4570=LINE('',#12197,#5394);
#4571=LINE('',#12199,#5395);
#4572=LINE('',#12201,#5396);
#4573=LINE('',#12203,#5397);
#4574=LINE('',#12204,#5398);
#4575=LINE('',#12209,#5399);
#4576=LINE('',#12212,#5400);
#4577=LINE('',#12214,#5401);
#4578=LINE('',#12216,#5402);
#4579=LINE('',#12218,#5403);
#4580=LINE('',#12220,#5404);
#4581=LINE('',#12222,#5405);
#4582=LINE('',#12224,#5406);
#4583=LINE('',#12226,#5407);
#4584=LINE('',#12228,#5408);
#4585=LINE('',#12230,#5409);
#4586=LINE('',#12232,#5410);
#4587=LINE('',#12234,#5411);
#4588=LINE('',#12236,#5412);
#4589=LINE('',#12238,#5413);
#4590=LINE('',#12240,#5414);
#4591=LINE('',#12242,#5415);
#4592=LINE('',#12244,#5416);
#4593=LINE('',#12246,#5417);
#4594=LINE('',#12248,#5418);
#4595=LINE('',#12250,#5419);
#4596=LINE('',#12252,#5420);
#4597=LINE('',#12254,#5421);
#4598=LINE('',#12255,#5422);
#4599=LINE('',#12260,#5423);
#4600=LINE('',#12263,#5424);
#4601=LINE('',#12265,#5425);
#4602=LINE('',#12267,#5426);
#4603=LINE('',#12269,#5427);
#4604=LINE('',#12272,#5428);
#4605=LINE('',#12273,#5429);
#4606=LINE('',#12275,#5430);
#4607=LINE('',#12278,#5431);
#4608=LINE('',#12279,#5432);
#4609=LINE('',#12281,#5433);
#4610=LINE('',#12282,#5434);
#4611=LINE('',#12284,#5435);
#4612=LINE('',#12287,#5436);
#4613=LINE('',#12289,#5437);
#4614=LINE('',#12291,#5438);
#4615=LINE('',#12293,#5439);
#4616=LINE('',#12296,#5440);
#4617=LINE('',#12298,#5441);
#4618=LINE('',#12300,#5442);
#4619=LINE('',#12302,#5443);
#4620=LINE('',#12303,#5444);
#4621=LINE('',#12305,#5445);
#4622=LINE('',#12307,#5446);
#4623=LINE('',#12310,#5447);
#4624=LINE('',#12311,#5448);
#4625=LINE('',#12313,#5449);
#4626=LINE('',#12315,#5450);
#4627=LINE('',#12319,#5451);
#4628=LINE('',#12322,#5452);
#4629=LINE('',#12324,#5453);
#4630=LINE('',#12326,#5454);
#4631=LINE('',#12328,#5455);
#4632=LINE('',#12330,#5456);
#4633=LINE('',#12332,#5457);
#4634=LINE('',#12334,#5458);
#4635=LINE('',#12336,#5459);
#4636=LINE('',#12352,#5460);
#4637=LINE('',#12353,#5461);
#4638=LINE('',#12356,#5462);
#4639=LINE('',#12358,#5463);
#4640=LINE('',#12360,#5464);
#4641=LINE('',#12422,#5465);
#4642=LINE('',#12424,#5466);
#4643=LINE('',#12426,#5467);
#4644=LINE('',#12435,#5468);
#4645=LINE('',#12438,#5469);
#4646=LINE('',#12440,#5470);
#4647=LINE('',#12442,#5471);
#4648=LINE('',#12444,#5472);
#4649=LINE('',#12446,#5473);
#4650=LINE('',#12448,#5474);
#4651=LINE('',#12450,#5475);
#4652=LINE('',#12452,#5476);
#4653=LINE('',#12454,#5477);
#4654=LINE('',#12456,#5478);
#4655=LINE('',#12473,#5479);
#4656=LINE('',#12475,#5480);
#4657=LINE('',#12477,#5481);
#4658=LINE('',#12532,#5482);
#4659=LINE('',#12535,#5483);
#4660=LINE('',#12537,#5484);
#4661=LINE('',#12539,#5485);
#4662=LINE('',#12540,#5486);
#4663=LINE('',#12543,#5487);
#4664=LINE('',#12545,#5488);
#4665=LINE('',#12561,#5489);
#4666=LINE('',#12563,#5490);
#4667=LINE('',#12565,#5491);
#4668=LINE('',#12567,#5492);
#4669=LINE('',#12569,#5493);
#4670=LINE('',#12571,#5494);
#4671=LINE('',#12573,#5495);
#4672=LINE('',#12574,#5496);
#4673=LINE('',#12577,#5497);
#4674=LINE('',#12579,#5498);
#4675=LINE('',#12581,#5499);
#4676=LINE('',#12583,#5500);
#4677=LINE('',#12585,#5501);
#4678=LINE('',#12587,#5502);
#4679=LINE('',#12589,#5503);
#4680=LINE('',#12591,#5504);
#4681=LINE('',#12593,#5505);
#4682=LINE('',#12595,#5506);
#4683=LINE('',#12597,#5507);
#4684=LINE('',#12598,#5508);
#4685=LINE('',#12600,#5509);
#4686=LINE('',#12602,#5510);
#4687=LINE('',#12610,#5511);
#4688=LINE('',#12611,#5512);
#4689=LINE('',#12613,#5513);
#4690=LINE('',#12615,#5514);
#4691=LINE('',#12617,#5515);
#4692=LINE('',#12619,#5516);
#4693=LINE('',#12621,#5517);
#4694=LINE('',#12623,#5518);
#4695=LINE('',#12625,#5519);
#4696=LINE('',#12634,#5520);
#4697=LINE('',#12636,#5521);
#4698=LINE('',#12638,#5522);
#4699=LINE('',#12640,#5523);
#4700=LINE('',#12642,#5524);
#4701=LINE('',#12644,#5525);
#4702=LINE('',#12646,#5526);
#4703=LINE('',#12649,#5527);
#4704=LINE('',#12650,#5528);
#4705=LINE('',#12652,#5529);
#4706=LINE('',#12654,#5530);
#4707=LINE('',#12656,#5531);
#4708=LINE('',#12665,#5532);
#4709=LINE('',#12667,#5533);
#4710=LINE('',#12669,#5534);
#4711=LINE('',#12671,#5535);
#4712=LINE('',#12673,#5536);
#4713=LINE('',#12675,#5537);
#4714=LINE('',#12677,#5538);
#4715=LINE('',#12679,#5539);
#4716=LINE('',#12681,#5540);
#4717=LINE('',#12683,#5541);
#4718=LINE('',#12685,#5542);
#4719=LINE('',#12695,#5543);
#4720=LINE('',#12696,#5544);
#4721=LINE('',#12698,#5545);
#4722=LINE('',#12700,#5546);
#4723=LINE('',#12702,#5547);
#4724=LINE('',#12711,#5548);
#4725=LINE('',#12713,#5549);
#4726=LINE('',#12715,#5550);
#4727=LINE('',#12717,#5551);
#4728=LINE('',#12719,#5552);
#4729=LINE('',#12721,#5553);
#4730=LINE('',#12723,#5554);
#4731=LINE('',#12725,#5555);
#4732=LINE('',#12728,#5556);
#4733=LINE('',#12729,#5557);
#4734=LINE('',#12731,#5558);
#4735=LINE('',#12733,#5559);
#4736=LINE('',#12735,#5560);
#4737=LINE('',#12737,#5561);
#4738=LINE('',#12739,#5562);
#4739=LINE('',#12741,#5563);
#4740=LINE('',#12743,#5564);
#4741=LINE('',#12745,#5565);
#4742=LINE('',#12747,#5566);
#4743=LINE('',#12751,#5567);
#4744=LINE('',#12754,#5568);
#4745=LINE('',#12756,#5569);
#4746=LINE('',#12758,#5570);
#4747=LINE('',#12760,#5571);
#4748=LINE('',#12762,#5572);
#4749=LINE('',#12764,#5573);
#4750=LINE('',#12766,#5574);
#4751=LINE('',#12768,#5575);
#4752=LINE('',#12770,#5576);
#4753=LINE('',#12772,#5577);
#4754=LINE('',#12774,#5578);
#4755=LINE('',#12776,#5579);
#4756=LINE('',#12778,#5580);
#4757=LINE('',#12780,#5581);
#4758=LINE('',#12782,#5582);
#4759=LINE('',#12784,#5583);
#4760=LINE('',#12786,#5584);
#4761=LINE('',#12788,#5585);
#4762=LINE('',#12790,#5586);
#4763=LINE('',#12792,#5587);
#4764=LINE('',#12794,#5588);
#4765=LINE('',#12796,#5589);
#4766=LINE('',#12797,#5590);
#4767=LINE('',#12802,#5591);
#4768=LINE('',#12805,#5592);
#4769=LINE('',#12807,#5593);
#4770=LINE('',#12809,#5594);
#4771=LINE('',#12811,#5595);
#4772=LINE('',#12813,#5596);
#4773=LINE('',#12815,#5597);
#4774=LINE('',#12817,#5598);
#4775=LINE('',#12819,#5599);
#4776=LINE('',#12821,#5600);
#4777=LINE('',#12823,#5601);
#4778=LINE('',#12824,#5602);
#4779=LINE('',#12834,#5603);
#4780=LINE('',#12836,#5604);
#4781=LINE('',#12838,#5605);
#4782=LINE('',#12861,#5606);
#4783=LINE('',#12867,#5607);
#4784=LINE('',#12869,#5608);
#4785=LINE('',#12873,#5609);
#4786=LINE('',#12877,#5610);
#4787=LINE('',#12888,#5611);
#4788=LINE('',#12894,#5612);
#4789=LINE('',#12896,#5613);
#4790=LINE('',#12898,#5614);
#4791=LINE('',#12900,#5615);
#4792=LINE('',#12902,#5616);
#4793=LINE('',#12904,#5617);
#4794=LINE('',#12919,#5618);
#4795=LINE('',#12922,#5619);
#4796=LINE('',#12924,#5620);
#4797=LINE('',#12926,#5621);
#4798=LINE('',#12930,#5622);
#4799=LINE('',#12934,#5623);
#4800=LINE('',#12936,#5624);
#4801=LINE('',#12938,#5625);
#4802=LINE('',#12942,#5626);
#4803=LINE('',#12946,#5627);
#4804=LINE('',#12948,#5628);
#4805=LINE('',#12950,#5629);
#4806=LINE('',#12954,#5630);
#4807=LINE('',#12958,#5631);
#4808=LINE('',#12960,#5632);
#4809=LINE('',#12962,#5633);
#4810=VECTOR('',#8630,1.);
#4811=VECTOR('',#8631,1.);
#4812=VECTOR('',#8632,1.);
#4813=VECTOR('',#8649,1.);
#4814=VECTOR('',#8652,1.);
#4815=VECTOR('',#8655,1.);
#4816=VECTOR('',#8660,1.);
#4817=VECTOR('',#8665,1.);
#4818=VECTOR('',#8670,1.);
#4819=VECTOR('',#8675,1.);
#4820=VECTOR('',#8680,1.);
#4821=VECTOR('',#8683,1.);
#4822=VECTOR('',#8686,1.);
#4823=VECTOR('',#8687,1.);
#4824=VECTOR('',#8690,1.);
#4825=VECTOR('',#8691,1.);
#4826=VECTOR('',#8694,1.);
#4827=VECTOR('',#8731,1.);
#4828=VECTOR('',#8734,1.);
#4829=VECTOR('',#8737,1.);
#4830=VECTOR('',#8740,1.);
#4831=VECTOR('',#8743,1.);
#4832=VECTOR('',#8748,1.);
#4833=VECTOR('',#8753,1.);
#4834=VECTOR('',#8758,1.);
#4835=VECTOR('',#8763,1.);
#4836=VECTOR('',#8768,1.);
#4837=VECTOR('',#8773,1.);
#4838=VECTOR('',#8776,1.);
#4839=VECTOR('',#8779,1.);
#4840=VECTOR('',#8784,1.);
#4841=VECTOR('',#8789,1.);
#4842=VECTOR('',#8794,1.);
#4843=VECTOR('',#8807,1.);
#4844=VECTOR('',#8808,1.);
#4845=VECTOR('',#8809,1.);
#4846=VECTOR('',#8810,1.);
#4847=VECTOR('',#8813,1.);
#4848=VECTOR('',#8814,1.);
#4849=VECTOR('',#8815,1.);
#4850=VECTOR('',#8818,1.);
#4851=VECTOR('',#8819,1.);
#4852=VECTOR('',#8820,1.);
#4853=VECTOR('',#8823,1.);
#4854=VECTOR('',#8824,1.);
#4855=VECTOR('',#8825,1.);
#4856=VECTOR('',#8828,1.);
#4857=VECTOR('',#8829,1.);
#4858=VECTOR('',#8830,1.);
#4859=VECTOR('',#8833,1.);
#4860=VECTOR('',#8834,1.);
#4861=VECTOR('',#8835,1.);
#4862=VECTOR('',#8838,1.);
#4863=VECTOR('',#8839,1.);
#4864=VECTOR('',#8840,1.);
#4865=VECTOR('',#8843,1.);
#4866=VECTOR('',#8844,1.);
#4867=VECTOR('',#8853,1.);
#4868=VECTOR('',#8854,1.);
#4869=VECTOR('',#8855,1.);
#4870=VECTOR('',#8856,1.);
#4871=VECTOR('',#8859,1.);
#4872=VECTOR('',#8860,1.);
#4873=VECTOR('',#8861,1.);
#4874=VECTOR('',#8864,1.);
#4875=VECTOR('',#8865,1.);
#4876=VECTOR('',#8866,1.);
#4877=VECTOR('',#8869,1.);
#4878=VECTOR('',#8870,1.);
#4879=VECTOR('',#8873,1.);
#4880=VECTOR('',#8874,1.);
#4881=VECTOR('',#8875,1.);
#4882=VECTOR('',#8876,1.);
#4883=VECTOR('',#8879,1.);
#4884=VECTOR('',#8880,1.);
#4885=VECTOR('',#8881,1.);
#4886=VECTOR('',#8882,1.);
#4887=VECTOR('',#8885,1.);
#4888=VECTOR('',#8886,1.);
#4889=VECTOR('',#8889,1.);
#4890=VECTOR('',#8892,1.);
#4891=VECTOR('',#8897,1.);
#4892=VECTOR('',#8898,1.);
#4893=VECTOR('',#8901,1.);
#4894=VECTOR('',#8904,1.);
#4895=VECTOR('',#8911,1.);
#4896=VECTOR('',#8912,1.);
#4897=VECTOR('',#8913,1.);
#4898=VECTOR('',#8914,1.);
#4899=VECTOR('',#8917,1.);
#4900=VECTOR('',#8918,1.);
#4901=VECTOR('',#8919,1.);
#4902=VECTOR('',#8922,1.);
#4903=VECTOR('',#8923,1.);
#4904=VECTOR('',#8924,1.);
#4905=VECTOR('',#8927,1.);
#4906=VECTOR('',#8928,1.);
#4907=VECTOR('',#8929,1.);
#4908=VECTOR('',#8932,1.);
#4909=VECTOR('',#8933,1.);
#4910=VECTOR('',#8934,1.);
#4911=VECTOR('',#8937,1.);
#4912=VECTOR('',#8938,1.);
#4913=VECTOR('',#8939,1.);
#4914=VECTOR('',#8942,1.);
#4915=VECTOR('',#8943,1.);
#4916=VECTOR('',#8944,1.);
#4917=VECTOR('',#8947,1.);
#4918=VECTOR('',#8948,1.);
#4919=VECTOR('',#8957,1.);
#4920=VECTOR('',#8958,1.);
#4921=VECTOR('',#8959,1.);
#4922=VECTOR('',#8960,1.);
#4923=VECTOR('',#8963,1.);
#4924=VECTOR('',#8964,1.);
#4925=VECTOR('',#8965,1.);
#4926=VECTOR('',#8968,1.);
#4927=VECTOR('',#8969,1.);
#4928=VECTOR('',#8970,1.);
#4929=VECTOR('',#8973,1.);
#4930=VECTOR('',#8974,1.);
#4931=VECTOR('',#8983,1.);
#4932=VECTOR('',#8984,1.);
#4933=VECTOR('',#8985,1.);
#4934=VECTOR('',#8986,1.);
#4935=VECTOR('',#8989,1.);
#4936=VECTOR('',#8990,1.);
#4937=VECTOR('',#8991,1.);
#4938=VECTOR('',#8994,1.);
#4939=VECTOR('',#8995,1.);
#4940=VECTOR('',#8996,1.);
#4941=VECTOR('',#8999,1.);
#4942=VECTOR('',#9000,1.);
#4943=VECTOR('',#9009,1.);
#4944=VECTOR('',#9010,1.);
#4945=VECTOR('',#9011,1.);
#4946=VECTOR('',#9012,1.);
#4947=VECTOR('',#9015,1.);
#4948=VECTOR('',#9016,1.);
#4949=VECTOR('',#9017,1.);
#4950=VECTOR('',#9020,1.);
#4951=VECTOR('',#9021,1.);
#4952=VECTOR('',#9022,1.);
#4953=VECTOR('',#9025,1.);
#4954=VECTOR('',#9026,1.);
#4955=VECTOR('',#9053,1.);
#4956=VECTOR('',#9054,1.);
#4957=VECTOR('',#9055,1.);
#4958=VECTOR('',#9056,1.);
#4959=VECTOR('',#9059,1.);
#4960=VECTOR('',#9060,1.);
#4961=VECTOR('',#9061,1.);
#4962=VECTOR('',#9064,1.);
#4963=VECTOR('',#9065,1.);
#4964=VECTOR('',#9066,1.);
#4965=VECTOR('',#9069,1.);
#4966=VECTOR('',#9070,1.);
#4967=VECTOR('',#9079,1.);
#4968=VECTOR('',#9080,1.);
#4969=VECTOR('',#9081,1.);
#4970=VECTOR('',#9082,1.);
#4971=VECTOR('',#9085,1.);
#4972=VECTOR('',#9086,1.);
#4973=VECTOR('',#9087,1.);
#4974=VECTOR('',#9090,1.);
#4975=VECTOR('',#9091,1.);
#4976=VECTOR('',#9092,1.);
#4977=VECTOR('',#9101,1.);
#4978=VECTOR('',#9102,1.);
#4979=VECTOR('',#9111,1.);
#4980=VECTOR('',#9112,1.);
#4981=VECTOR('',#9113,1.);
#4982=VECTOR('',#9114,1.);
#4983=VECTOR('',#9117,1.);
#4984=VECTOR('',#9118,1.);
#4985=VECTOR('',#9119,1.);
#4986=VECTOR('',#9122,1.);
#4987=VECTOR('',#9123,1.);
#4988=VECTOR('',#9124,1.);
#4989=VECTOR('',#9133,1.);
#4990=VECTOR('',#9134,1.);
#4991=VECTOR('',#9143,1.);
#4992=VECTOR('',#9144,1.);
#4993=VECTOR('',#9145,1.);
#4994=VECTOR('',#9146,1.);
#4995=VECTOR('',#9149,1.);
#4996=VECTOR('',#9150,1.);
#4997=VECTOR('',#9151,1.);
#4998=VECTOR('',#9154,1.);
#4999=VECTOR('',#9155,1.);
#5000=VECTOR('',#9156,1.);
#5001=VECTOR('',#9165,1.);
#5002=VECTOR('',#9166,1.);
#5003=VECTOR('',#9175,1.);
#5004=VECTOR('',#9176,1.);
#5005=VECTOR('',#9177,1.);
#5006=VECTOR('',#9178,1.);
#5007=VECTOR('',#9181,1.);
#5008=VECTOR('',#9182,1.);
#5009=VECTOR('',#9183,1.);
#5010=VECTOR('',#9186,1.);
#5011=VECTOR('',#9187,1.);
#5012=VECTOR('',#9188,1.);
#5013=VECTOR('',#9191,1.);
#5014=VECTOR('',#9192,1.);
#5015=VECTOR('',#9201,1.);
#5016=VECTOR('',#9202,1.);
#5017=VECTOR('',#9203,1.);
#5018=VECTOR('',#9204,1.);
#5019=VECTOR('',#9207,1.);
#5020=VECTOR('',#9208,1.);
#5021=VECTOR('',#9209,1.);
#5022=VECTOR('',#9212,1.);
#5023=VECTOR('',#9213,1.);
#5024=VECTOR('',#9214,1.);
#5025=VECTOR('',#9223,1.);
#5026=VECTOR('',#9224,1.);
#5027=VECTOR('',#9233,1.);
#5028=VECTOR('',#9234,1.);
#5029=VECTOR('',#9235,1.);
#5030=VECTOR('',#9236,1.);
#5031=VECTOR('',#9239,1.);
#5032=VECTOR('',#9240,1.);
#5033=VECTOR('',#9241,1.);
#5034=VECTOR('',#9244,1.);
#5035=VECTOR('',#9245,1.);
#5036=VECTOR('',#9246,1.);
#5037=VECTOR('',#9249,1.);
#5038=VECTOR('',#9250,1.);
#5039=VECTOR('',#9259,1.);
#5040=VECTOR('',#9260,1.);
#5041=VECTOR('',#9261,1.);
#5042=VECTOR('',#9262,1.);
#5043=VECTOR('',#9265,1.);
#5044=VECTOR('',#9266,1.);
#5045=VECTOR('',#9267,1.);
#5046=VECTOR('',#9270,1.);
#5047=VECTOR('',#9271,1.);
#5048=VECTOR('',#9272,1.);
#5049=VECTOR('',#9275,1.);
#5050=VECTOR('',#9276,1.);
#5051=VECTOR('',#9285,1.);
#5052=VECTOR('',#9286,1.);
#5053=VECTOR('',#9287,1.);
#5054=VECTOR('',#9288,1.);
#5055=VECTOR('',#9291,1.);
#5056=VECTOR('',#9292,1.);
#5057=VECTOR('',#9293,1.);
#5058=VECTOR('',#9296,1.);
#5059=VECTOR('',#9297,1.);
#5060=VECTOR('',#9298,1.);
#5061=VECTOR('',#9301,1.);
#5062=VECTOR('',#9302,1.);
#5063=VECTOR('',#9311,1.);
#5064=VECTOR('',#9312,1.);
#5065=VECTOR('',#9313,1.);
#5066=VECTOR('',#9314,1.);
#5067=VECTOR('',#9317,1.);
#5068=VECTOR('',#9318,1.);
#5069=VECTOR('',#9319,1.);
#5070=VECTOR('',#9322,1.);
#5071=VECTOR('',#9323,1.);
#5072=VECTOR('',#9324,1.);
#5073=VECTOR('',#9327,1.);
#5074=VECTOR('',#9328,1.);
#5075=VECTOR('',#9337,1.);
#5076=VECTOR('',#9338,1.);
#5077=VECTOR('',#9339,1.);
#5078=VECTOR('',#9340,1.);
#5079=VECTOR('',#9343,1.);
#5080=VECTOR('',#9344,1.);
#5081=VECTOR('',#9345,1.);
#5082=VECTOR('',#9348,1.);
#5083=VECTOR('',#9349,1.);
#5084=VECTOR('',#9350,1.);
#5085=VECTOR('',#9353,1.);
#5086=VECTOR('',#9354,1.);
#5087=VECTOR('',#9363,1.);
#5088=VECTOR('',#9364,1.);
#5089=VECTOR('',#9365,1.);
#5090=VECTOR('',#9366,1.);
#5091=VECTOR('',#9369,1.);
#5092=VECTOR('',#9370,1.);
#5093=VECTOR('',#9371,1.);
#5094=VECTOR('',#9374,1.);
#5095=VECTOR('',#9375,1.);
#5096=VECTOR('',#9376,1.);
#5097=VECTOR('',#9379,1.);
#5098=VECTOR('',#9380,1.);
#5099=VECTOR('',#9389,1.);
#5100=VECTOR('',#9390,1.);
#5101=VECTOR('',#9391,1.);
#5102=VECTOR('',#9392,1.);
#5103=VECTOR('',#9395,1.);
#5104=VECTOR('',#9396,1.);
#5105=VECTOR('',#9397,1.);
#5106=VECTOR('',#9400,1.);
#5107=VECTOR('',#9401,1.);
#5108=VECTOR('',#9402,1.);
#5109=VECTOR('',#9405,1.);
#5110=VECTOR('',#9406,1.);
#5111=VECTOR('',#9415,1.);
#5112=VECTOR('',#9416,1.);
#5113=VECTOR('',#9417,1.);
#5114=VECTOR('',#9418,1.);
#5115=VECTOR('',#9421,1.);
#5116=VECTOR('',#9422,1.);
#5117=VECTOR('',#9423,1.);
#5118=VECTOR('',#9426,1.);
#5119=VECTOR('',#9427,1.);
#5120=VECTOR('',#9428,1.);
#5121=VECTOR('',#9431,1.);
#5122=VECTOR('',#9432,1.);
#5123=VECTOR('',#9435,1.);
#5124=VECTOR('',#9436,1.);
#5125=VECTOR('',#9437,1.);
#5126=VECTOR('',#9438,1.);
#5127=VECTOR('',#9441,1.);
#5128=VECTOR('',#9442,1.);
#5129=VECTOR('',#9443,1.);
#5130=VECTOR('',#9444,1.);
#5131=VECTOR('',#9447,1.);
#5132=VECTOR('',#9448,1.);
#5133=VECTOR('',#9451,1.);
#5134=VECTOR('',#9454,1.);
#5135=VECTOR('',#9459,1.);
#5136=VECTOR('',#9460,1.);
#5137=VECTOR('',#9463,1.);
#5138=VECTOR('',#9466,1.);
#5139=VECTOR('',#9473,1.);
#5140=VECTOR('',#9474,1.);
#5141=VECTOR('',#9475,1.);
#5142=VECTOR('',#9476,1.);
#5143=VECTOR('',#9479,1.);
#5144=VECTOR('',#9480,1.);
#5145=VECTOR('',#9481,1.);
#5146=VECTOR('',#9484,1.);
#5147=VECTOR('',#9485,1.);
#5148=VECTOR('',#9486,1.);
#5149=VECTOR('',#9489,1.);
#5150=VECTOR('',#9490,1.);
#5151=VECTOR('',#9499,1.);
#5152=VECTOR('',#9500,1.);
#5153=VECTOR('',#9501,1.);
#5154=VECTOR('',#9502,1.);
#5155=VECTOR('',#9505,1.);
#5156=VECTOR('',#9506,1.);
#5157=VECTOR('',#9507,1.);
#5158=VECTOR('',#9510,1.);
#5159=VECTOR('',#9511,1.);
#5160=VECTOR('',#9512,1.);
#5161=VECTOR('',#9515,1.);
#5162=VECTOR('',#9516,1.);
#5163=VECTOR('',#9525,1.);
#5164=VECTOR('',#9526,1.);
#5165=VECTOR('',#9527,1.);
#5166=VECTOR('',#9528,1.);
#5167=VECTOR('',#9531,1.);
#5168=VECTOR('',#9532,1.);
#5169=VECTOR('',#9533,1.);
#5170=VECTOR('',#9536,1.);
#5171=VECTOR('',#9537,1.);
#5172=VECTOR('',#9538,1.);
#5173=VECTOR('',#9541,1.);
#5174=VECTOR('',#9542,1.);
#5175=VECTOR('',#9551,1.);
#5176=VECTOR('',#9552,1.);
#5177=VECTOR('',#9553,1.);
#5178=VECTOR('',#9554,1.);
#5179=VECTOR('',#9557,1.);
#5180=VECTOR('',#9558,1.);
#5181=VECTOR('',#9559,1.);
#5182=VECTOR('',#9562,1.);
#5183=VECTOR('',#9563,1.);
#5184=VECTOR('',#9564,1.);
#5185=VECTOR('',#9567,1.);
#5186=VECTOR('',#9568,1.);
#5187=VECTOR('',#9577,1.);
#5188=VECTOR('',#9578,1.);
#5189=VECTOR('',#9579,1.);
#5190=VECTOR('',#9580,1.);
#5191=VECTOR('',#9583,1.);
#5192=VECTOR('',#9584,1.);
#5193=VECTOR('',#9585,1.);
#5194=VECTOR('',#9588,1.);
#5195=VECTOR('',#9589,1.);
#5196=VECTOR('',#9590,1.);
#5197=VECTOR('',#9593,1.);
#5198=VECTOR('',#9594,1.);
#5199=VECTOR('',#9603,1.);
#5200=VECTOR('',#9604,1.);
#5201=VECTOR('',#9605,1.);
#5202=VECTOR('',#9606,1.);
#5203=VECTOR('',#9609,1.);
#5204=VECTOR('',#9610,1.);
#5205=VECTOR('',#9611,1.);
#5206=VECTOR('',#9614,1.);
#5207=VECTOR('',#9615,1.);
#5208=VECTOR('',#9616,1.);
#5209=VECTOR('',#9619,1.);
#5210=VECTOR('',#9620,1.);
#5211=VECTOR('',#9647,1.);
#5212=VECTOR('',#9648,1.);
#5213=VECTOR('',#9649,1.);
#5214=VECTOR('',#9650,1.);
#5215=VECTOR('',#9653,1.);
#5216=VECTOR('',#9654,1.);
#5217=VECTOR('',#9655,1.);
#5218=VECTOR('',#9658,1.);
#5219=VECTOR('',#9659,1.);
#5220=VECTOR('',#9660,1.);
#5221=VECTOR('',#9663,1.);
#5222=VECTOR('',#9664,1.);
#5223=VECTOR('',#9673,1.);
#5224=VECTOR('',#9674,1.);
#5225=VECTOR('',#9675,1.);
#5226=VECTOR('',#9676,1.);
#5227=VECTOR('',#9679,1.);
#5228=VECTOR('',#9680,1.);
#5229=VECTOR('',#9681,1.);
#5230=VECTOR('',#9684,1.);
#5231=VECTOR('',#9685,1.);
#5232=VECTOR('',#9686,1.);
#5233=VECTOR('',#9695,1.);
#5234=VECTOR('',#9696,1.);
#5235=VECTOR('',#9705,1.);
#5236=VECTOR('',#9706,1.);
#5237=VECTOR('',#9707,1.);
#5238=VECTOR('',#9708,1.);
#5239=VECTOR('',#9711,1.);
#5240=VECTOR('',#9712,1.);
#5241=VECTOR('',#9713,1.);
#5242=VECTOR('',#9716,1.);
#5243=VECTOR('',#9717,1.);
#5244=VECTOR('',#9718,1.);
#5245=VECTOR('',#9721,1.);
#5246=VECTOR('',#9722,1.);
#5247=VECTOR('',#9731,1.);
#5248=VECTOR('',#9732,1.);
#5249=VECTOR('',#9733,1.);
#5250=VECTOR('',#9734,1.);
#5251=VECTOR('',#9737,1.);
#5252=VECTOR('',#9738,1.);
#5253=VECTOR('',#9739,1.);
#5254=VECTOR('',#9742,1.);
#5255=VECTOR('',#9743,1.);
#5256=VECTOR('',#9744,1.);
#5257=VECTOR('',#9753,1.);
#5258=VECTOR('',#9754,1.);
#5259=VECTOR('',#9763,1.);
#5260=VECTOR('',#9764,1.);
#5261=VECTOR('',#9765,1.);
#5262=VECTOR('',#9766,1.);
#5263=VECTOR('',#9769,1.);
#5264=VECTOR('',#9770,1.);
#5265=VECTOR('',#9771,1.);
#5266=VECTOR('',#9774,1.);
#5267=VECTOR('',#9775,1.);
#5268=VECTOR('',#9776,1.);
#5269=VECTOR('',#9779,1.);
#5270=VECTOR('',#9780,1.);
#5271=VECTOR('',#9783,1.);
#5272=VECTOR('',#9784,1.);
#5273=VECTOR('',#9785,1.);
#5274=VECTOR('',#9786,1.);
#5275=VECTOR('',#9789,1.);
#5276=VECTOR('',#9790,1.);
#5277=VECTOR('',#9791,1.);
#5278=VECTOR('',#9792,1.);
#5279=VECTOR('',#9795,1.);
#5280=VECTOR('',#9796,1.);
#5281=VECTOR('',#9799,1.);
#5282=VECTOR('',#9802,1.);
#5283=VECTOR('',#9807,1.);
#5284=VECTOR('',#9808,1.);
#5285=VECTOR('',#9811,1.);
#5286=VECTOR('',#9814,1.);
#5287=VECTOR('',#9821,1.);
#5288=VECTOR('',#9822,1.);
#5289=VECTOR('',#9823,1.);
#5290=VECTOR('',#9824,1.);
#5291=VECTOR('',#9827,1.);
#5292=VECTOR('',#9828,1.);
#5293=VECTOR('',#9829,1.);
#5294=VECTOR('',#9832,1.);
#5295=VECTOR('',#9833,1.);
#5296=VECTOR('',#9834,1.);
#5297=VECTOR('',#9837,1.);
#5298=VECTOR('',#9838,1.);
#5299=VECTOR('',#9847,1.);
#5300=VECTOR('',#9848,1.);
#5301=VECTOR('',#9849,1.);
#5302=VECTOR('',#9850,1.);
#5303=VECTOR('',#9853,1.);
#5304=VECTOR('',#9854,1.);
#5305=VECTOR('',#9855,1.);
#5306=VECTOR('',#9858,1.);
#5307=VECTOR('',#9859,1.);
#5308=VECTOR('',#9860,1.);
#5309=VECTOR('',#9869,1.);
#5310=VECTOR('',#9870,1.);
#5311=VECTOR('',#9879,1.);
#5312=VECTOR('',#9880,1.);
#5313=VECTOR('',#9881,1.);
#5314=VECTOR('',#9882,1.);
#5315=VECTOR('',#9885,1.);
#5316=VECTOR('',#9886,1.);
#5317=VECTOR('',#9887,1.);
#5318=VECTOR('',#9890,1.);
#5319=VECTOR('',#9891,1.);
#5320=VECTOR('',#9892,1.);
#5321=VECTOR('',#9895,1.);
#5322=VECTOR('',#9896,1.);
#5323=VECTOR('',#9897,1.);
#5324=VECTOR('',#9900,1.);
#5325=VECTOR('',#9901,1.);
#5326=VECTOR('',#9902,1.);
#5327=VECTOR('',#9905,1.);
#5328=VECTOR('',#9906,1.);
#5329=VECTOR('',#9907,1.);
#5330=VECTOR('',#9910,1.);
#5331=VECTOR('',#9911,1.);
#5332=VECTOR('',#9912,1.);
#5333=VECTOR('',#9915,1.);
#5334=VECTOR('',#9916,1.);
#5335=VECTOR('',#9925,1.);
#5336=VECTOR('',#9926,1.);
#5337=VECTOR('',#9927,1.);
#5338=VECTOR('',#9928,1.);
#5339=VECTOR('',#9931,1.);
#5340=VECTOR('',#9932,1.);
#5341=VECTOR('',#9933,1.);
#5342=VECTOR('',#9936,1.);
#5343=VECTOR('',#9937,1.);
#5344=VECTOR('',#9938,1.);
#5345=VECTOR('',#9941,1.);
#5346=VECTOR('',#9942,1.);
#5347=VECTOR('',#9951,1.);
#5348=VECTOR('',#9952,1.);
#5349=VECTOR('',#9953,1.);
#5350=VECTOR('',#9954,1.);
#5351=VECTOR('',#9957,1.);
#5352=VECTOR('',#9958,1.);
#5353=VECTOR('',#9959,1.);
#5354=VECTOR('',#9962,1.);
#5355=VECTOR('',#9963,1.);
#5356=VECTOR('',#9964,1.);
#5357=VECTOR('',#9973,1.);
#5358=VECTOR('',#9974,1.);
#5359=VECTOR('',#9983,1.);
#5360=VECTOR('',#9984,1.);
#5361=VECTOR('',#9985,1.);
#5362=VECTOR('',#9986,1.);
#5363=VECTOR('',#9989,1.);
#5364=VECTOR('',#9990,1.);
#5365=VECTOR('',#9991,1.);
#5366=VECTOR('',#9994,1.);
#5367=VECTOR('',#9995,1.);
#5368=VECTOR('',#9996,1.);
#5369=VECTOR('',#9999,1.);
#5370=VECTOR('',#10000,1.);
#5371=VECTOR('',#10003,1.);
#5372=VECTOR('',#10004,1.);
#5373=VECTOR('',#10005,1.);
#5374=VECTOR('',#10006,1.);
#5375=VECTOR('',#10009,1.);
#5376=VECTOR('',#10010,1.);
#5377=VECTOR('',#10011,1.);
#5378=VECTOR('',#10012,1.);
#5379=VECTOR('',#10015,1.);
#5380=VECTOR('',#10016,1.);
#5381=VECTOR('',#10019,1.);
#5382=VECTOR('',#10022,1.);
#5383=VECTOR('',#10027,1.);
#5384=VECTOR('',#10028,1.);
#5385=VECTOR('',#10031,1.);
#5386=VECTOR('',#10034,1.);
#5387=VECTOR('',#10041,1.);
#5388=VECTOR('',#10042,1.);
#5389=VECTOR('',#10043,1.);
#5390=VECTOR('',#10044,1.);
#5391=VECTOR('',#10047,1.);
#5392=VECTOR('',#10048,1.);
#5393=VECTOR('',#10049,1.);
#5394=VECTOR('',#10052,1.);
#5395=VECTOR('',#10053,1.);
#5396=VECTOR('',#10054,1.);
#5397=VECTOR('',#10057,1.);
#5398=VECTOR('',#10058,1.);
#5399=VECTOR('',#10067,1.);
#5400=VECTOR('',#10068,1.);
#5401=VECTOR('',#10069,1.);
#5402=VECTOR('',#10070,1.);
#5403=VECTOR('',#10073,1.);
#5404=VECTOR('',#10074,1.);
#5405=VECTOR('',#10075,1.);
#5406=VECTOR('',#10078,1.);
#5407=VECTOR('',#10079,1.);
#5408=VECTOR('',#10080,1.);
#5409=VECTOR('',#10083,1.);
#5410=VECTOR('',#10084,1.);
#5411=VECTOR('',#10085,1.);
#5412=VECTOR('',#10088,1.);
#5413=VECTOR('',#10089,1.);
#5414=VECTOR('',#10090,1.);
#5415=VECTOR('',#10093,1.);
#5416=VECTOR('',#10094,1.);
#5417=VECTOR('',#10095,1.);
#5418=VECTOR('',#10098,1.);
#5419=VECTOR('',#10099,1.);
#5420=VECTOR('',#10100,1.);
#5421=VECTOR('',#10103,1.);
#5422=VECTOR('',#10104,1.);
#5423=VECTOR('',#10113,1.);
#5424=VECTOR('',#10114,1.);
#5425=VECTOR('',#10115,1.);
#5426=VECTOR('',#10116,1.);
#5427=VECTOR('',#10119,1.);
#5428=VECTOR('',#10120,1.);
#5429=VECTOR('',#10121,1.);
#5430=VECTOR('',#10124,1.);
#5431=VECTOR('',#10125,1.);
#5432=VECTOR('',#10126,1.);
#5433=VECTOR('',#10129,1.);
#5434=VECTOR('',#10130,1.);
#5435=VECTOR('',#10133,1.);
#5436=VECTOR('',#10134,1.);
#5437=VECTOR('',#10135,1.);
#5438=VECTOR('',#10136,1.);
#5439=VECTOR('',#10139,1.);
#5440=VECTOR('',#10140,1.);
#5441=VECTOR('',#10141,1.);
#5442=VECTOR('',#10142,1.);
#5443=VECTOR('',#10145,1.);
#5444=VECTOR('',#10146,1.);
#5445=VECTOR('',#10149,1.);
#5446=VECTOR('',#10152,1.);
#5447=VECTOR('',#10157,1.);
#5448=VECTOR('',#10158,1.);
#5449=VECTOR('',#10161,1.);
#5450=VECTOR('',#10164,1.);
#5451=VECTOR('',#10171,1.);
#5452=VECTOR('',#10172,1.);
#5453=VECTOR('',#10173,1.);
#5454=VECTOR('',#10174,1.);
#5455=VECTOR('',#10175,1.);
#5456=VECTOR('',#10176,1.);
#5457=VECTOR('',#10177,1.);
#5458=VECTOR('',#10178,1.);
#5459=VECTOR('',#10179,1.);
#5460=VECTOR('',#10190,1.);
#5461=VECTOR('',#10191,1.);
#5462=VECTOR('',#10192,1.);
#5463=VECTOR('',#10193,1.);
#5464=VECTOR('',#10194,1.);
#5465=VECTOR('',#10247,1.);
#5466=VECTOR('',#10248,1.);
#5467=VECTOR('',#10249,1.);
#5468=VECTOR('',#10254,1.);
#5469=VECTOR('',#10255,1.);
#5470=VECTOR('',#10256,1.);
#5471=VECTOR('',#10257,1.);
#5472=VECTOR('',#10258,1.);
#5473=VECTOR('',#10259,1.);
#5474=VECTOR('',#10260,1.);
#5475=VECTOR('',#10261,1.);
#5476=VECTOR('',#10262,1.);
#5477=VECTOR('',#10263,1.);
#5478=VECTOR('',#10264,1.);
#5479=VECTOR('',#10273,1.);
#5480=VECTOR('',#10274,1.);
#5481=VECTOR('',#10275,1.);
#5482=VECTOR('',#10326,1.);
#5483=VECTOR('',#10327,1.);
#5484=VECTOR('',#10328,1.);
#5485=VECTOR('',#10329,1.);
#5486=VECTOR('',#10330,1.);
#5487=VECTOR('',#10331,1.);
#5488=VECTOR('',#10332,1.);
#5489=VECTOR('',#10343,1.);
#5490=VECTOR('',#10344,1.);
#5491=VECTOR('',#10345,1.);
#5492=VECTOR('',#10346,1.);
#5493=VECTOR('',#10347,1.);
#5494=VECTOR('',#10348,1.);
#5495=VECTOR('',#10349,1.);
#5496=VECTOR('',#10350,1.);
#5497=VECTOR('',#10351,1.);
#5498=VECTOR('',#10352,1.);
#5499=VECTOR('',#10353,1.);
#5500=VECTOR('',#10354,1.);
#5501=VECTOR('',#10355,1.);
#5502=VECTOR('',#10356,1.);
#5503=VECTOR('',#10357,1.);
#5504=VECTOR('',#10358,1.);
#5505=VECTOR('',#10359,1.);
#5506=VECTOR('',#10360,1.);
#5507=VECTOR('',#10363,1.);
#5508=VECTOR('',#10364,1.);
#5509=VECTOR('',#10367,1.);
#5510=VECTOR('',#10370,1.);
#5511=VECTOR('',#10385,1.);
#5512=VECTOR('',#10386,1.);
#5513=VECTOR('',#10389,1.);
#5514=VECTOR('',#10392,1.);
#5515=VECTOR('',#10395,1.);
#5516=VECTOR('',#10398,1.);
#5517=VECTOR('',#10401,1.);
#5518=VECTOR('',#10404,1.);
#5519=VECTOR('',#10407,1.);
#5520=VECTOR('',#10408,1.);
#5521=VECTOR('',#10411,1.);
#5522=VECTOR('',#10414,1.);
#5523=VECTOR('',#10417,1.);
#5524=VECTOR('',#10420,1.);
#5525=VECTOR('',#10423,1.);
#5526=VECTOR('',#10426,1.);
#5527=VECTOR('',#10431,1.);
#5528=VECTOR('',#10432,1.);
#5529=VECTOR('',#10435,1.);
#5530=VECTOR('',#10438,1.);
#5531=VECTOR('',#10441,1.);
#5532=VECTOR('',#10442,1.);
#5533=VECTOR('',#10445,1.);
#5534=VECTOR('',#10448,1.);
#5535=VECTOR('',#10451,1.);
#5536=VECTOR('',#10454,1.);
#5537=VECTOR('',#10457,1.);
#5538=VECTOR('',#10460,1.);
#5539=VECTOR('',#10463,1.);
#5540=VECTOR('',#10466,1.);
#5541=VECTOR('',#10469,1.);
#5542=VECTOR('',#10472,1.);
#5543=VECTOR('',#10475,1.);
#5544=VECTOR('',#10476,1.);
#5545=VECTOR('',#10479,1.);
#5546=VECTOR('',#10482,1.);
#5547=VECTOR('',#10485,1.);
#5548=VECTOR('',#10486,1.);
#5549=VECTOR('',#10489,1.);
#5550=VECTOR('',#10492,1.);
#5551=VECTOR('',#10495,1.);
#5552=VECTOR('',#10498,1.);
#5553=VECTOR('',#10501,1.);
#5554=VECTOR('',#10504,1.);
#5555=VECTOR('',#10507,1.);
#5556=VECTOR('',#10512,1.);
#5557=VECTOR('',#10513,1.);
#5558=VECTOR('',#10516,1.);
#5559=VECTOR('',#10519,1.);
#5560=VECTOR('',#10522,1.);
#5561=VECTOR('',#10525,1.);
#5562=VECTOR('',#10528,1.);
#5563=VECTOR('',#10531,1.);
#5564=VECTOR('',#10534,1.);
#5565=VECTOR('',#10537,1.);
#5566=VECTOR('',#10540,1.);
#5567=VECTOR('',#10547,1.);
#5568=VECTOR('',#10548,1.);
#5569=VECTOR('',#10549,1.);
#5570=VECTOR('',#10550,1.);
#5571=VECTOR('',#10553,1.);
#5572=VECTOR('',#10554,1.);
#5573=VECTOR('',#10555,1.);
#5574=VECTOR('',#10558,1.);
#5575=VECTOR('',#10559,1.);
#5576=VECTOR('',#10560,1.);
#5577=VECTOR('',#10563,1.);
#5578=VECTOR('',#10564,1.);
#5579=VECTOR('',#10565,1.);
#5580=VECTOR('',#10568,1.);
#5581=VECTOR('',#10569,1.);
#5582=VECTOR('',#10570,1.);
#5583=VECTOR('',#10573,1.);
#5584=VECTOR('',#10574,1.);
#5585=VECTOR('',#10575,1.);
#5586=VECTOR('',#10578,1.);
#5587=VECTOR('',#10579,1.);
#5588=VECTOR('',#10580,1.);
#5589=VECTOR('',#10583,1.);
#5590=VECTOR('',#10584,1.);
#5591=VECTOR('',#10593,1.);
#5592=VECTOR('',#10594,1.);
#5593=VECTOR('',#10595,1.);
#5594=VECTOR('',#10596,1.);
#5595=VECTOR('',#10599,1.);
#5596=VECTOR('',#10600,1.);
#5597=VECTOR('',#10601,1.);
#5598=VECTOR('',#10604,1.);
#5599=VECTOR('',#10605,1.);
#5600=VECTOR('',#10606,1.);
#5601=VECTOR('',#10609,1.);
#5602=VECTOR('',#10610,1.);
#5603=VECTOR('',#10619,1.);
#5604=VECTOR('',#10620,1.);
#5605=VECTOR('',#10621,1.);
#5606=VECTOR('',#10628,1.);
#5607=VECTOR('',#10629,1.);
#5608=VECTOR('',#10632,1.);
#5609=VECTOR('',#10637,1.);
#5610=VECTOR('',#10642,1.);
#5611=VECTOR('',#10645,1.);
#5612=VECTOR('',#10648,1.);
#5613=VECTOR('',#10649,1.);
#5614=VECTOR('',#10652,1.);
#5615=VECTOR('',#10653,1.);
#5616=VECTOR('',#10656,1.);
#5617=VECTOR('',#10657,1.);
#5618=VECTOR('',#10664,1.);
#5619=VECTOR('',#10665,1.);
#5620=VECTOR('',#10666,1.);
#5621=VECTOR('',#10667,1.);
#5622=VECTOR('',#10672,1.);
#5623=VECTOR('',#10677,1.);
#5624=VECTOR('',#10678,1.);
#5625=VECTOR('',#10679,1.);
#5626=VECTOR('',#10684,1.);
#5627=VECTOR('',#10689,1.);
#5628=VECTOR('',#10690,1.);
#5629=VECTOR('',#10691,1.);
#5630=VECTOR('',#10696,1.);
#5631=VECTOR('',#10701,1.);
#5632=VECTOR('',#10702,1.);
#5633=VECTOR('',#10703,1.);
#5634=EDGE_LOOP('',(#358,#359,#360,#361,#362,#363,#364,#365,#366,#367,#368));
#5635=EDGE_LOOP('',(#369,#370,#371,#372));
#5636=EDGE_LOOP('',(#373,#374,#375,#376));
#5637=EDGE_LOOP('',(#377,#378,#379,#380));
#5638=EDGE_LOOP('',(#381,#382,#383,#384));
#5639=EDGE_LOOP('',(#385,#386,#387,#388));
#5640=EDGE_LOOP('',(#389,#390,#391,#392));
#5641=EDGE_LOOP('',(#393,#394,#395,#396));
#5642=EDGE_LOOP('',(#397,#398,#399,#400));
#5643=EDGE_LOOP('',(#401,#402,#403,#404));
#5644=EDGE_LOOP('',(#405,#406,#407,#408));
#5645=EDGE_LOOP('',(#409,#410,#411,#412));
#5646=EDGE_LOOP('',(#413,#414,#415,#416,#417,#418,#419,#420,#421,#422,#423));
#5647=EDGE_LOOP('',(#424,#425,#426,#427,#428,#429,#430,#431,#432,#433,#434,
#435,#436,#437,#438,#439));
#5648=EDGE_LOOP('',(#440,#441,#442,#443));
#5649=EDGE_LOOP('',(#444,#445,#446,#447));
#5650=EDGE_LOOP('',(#448,#449,#450,#451));
#5651=EDGE_LOOP('',(#452,#453,#454,#455));
#5652=EDGE_LOOP('',(#456,#457,#458,#459));
#5653=EDGE_LOOP('',(#460,#461,#462,#463));
#5654=EDGE_LOOP('',(#464,#465,#466,#467));
#5655=EDGE_LOOP('',(#468,#469,#470,#471));
#5656=EDGE_LOOP('',(#472,#473,#474,#475));
#5657=EDGE_LOOP('',(#476,#477,#478,#479));
#5658=EDGE_LOOP('',(#480,#481,#482,#483));
#5659=EDGE_LOOP('',(#484,#485,#486,#487));
#5660=EDGE_LOOP('',(#488,#489,#490,#491));
#5661=EDGE_LOOP('',(#492,#493,#494,#495));
#5662=EDGE_LOOP('',(#496,#497,#498,#499));
#5663=EDGE_LOOP('',(#500,#501,#502,#503));
#5664=EDGE_LOOP('',(#504,#505,#506,#507,#508,#509,#510,#511,#512,#513,#514,
#515,#516,#517,#518,#519));
#5665=EDGE_LOOP('',(#520,#521,#522,#523));
#5666=EDGE_LOOP('',(#524,#525,#526,#527));
#5667=EDGE_LOOP('',(#528,#529,#530,#531));
#5668=EDGE_LOOP('',(#532,#533,#534,#535));
#5669=EDGE_LOOP('',(#536,#537,#538,#539));
#5670=EDGE_LOOP('',(#540,#541,#542,#543));
#5671=EDGE_LOOP('',(#544,#545,#546,#547));
#5672=EDGE_LOOP('',(#548,#549,#550,#551));
#5673=EDGE_LOOP('',(#552,#553,#554,#555,#556,#557,#558,#559));
#5674=EDGE_LOOP('',(#560,#561,#562,#563,#564,#565,#566,#567));
#5675=EDGE_LOOP('',(#568,#569,#570,#571));
#5676=EDGE_LOOP('',(#572,#573,#574,#575));
#5677=EDGE_LOOP('',(#576,#577,#578,#579));
#5678=EDGE_LOOP('',(#580,#581,#582,#583));
#5679=EDGE_LOOP('',(#584,#585,#586,#587));
#5680=EDGE_LOOP('',(#588,#589,#590,#591));
#5681=EDGE_LOOP('',(#592,#593,#594,#595));
#5682=EDGE_LOOP('',(#596,#597,#598,#599));
#5683=EDGE_LOOP('',(#600,#601,#602,#603));
#5684=EDGE_LOOP('',(#604,#605,#606,#607));
#5685=EDGE_LOOP('',(#608,#609,#610,#611));
#5686=EDGE_LOOP('',(#612,#613,#614,#615));
#5687=EDGE_LOOP('',(#616,#617,#618,#619));
#5688=EDGE_LOOP('',(#620,#621,#622,#623));
#5689=EDGE_LOOP('',(#624,#625,#626,#627));
#5690=EDGE_LOOP('',(#628,#629,#630,#631));
#5691=EDGE_LOOP('',(#632,#633,#634,#635));
#5692=EDGE_LOOP('',(#636,#637,#638,#639));
#5693=EDGE_LOOP('',(#640,#641,#642,#643));
#5694=EDGE_LOOP('',(#644,#645,#646,#647));
#5695=EDGE_LOOP('',(#648,#649,#650,#651));
#5696=EDGE_LOOP('',(#652,#653,#654,#655));
#5697=EDGE_LOOP('',(#656,#657,#658,#659,#660,#661,#662,#663));
#5698=EDGE_LOOP('',(#664,#665,#666,#667,#668,#669,#670,#671));
#5699=EDGE_LOOP('',(#672,#673,#674,#675));
#5700=EDGE_LOOP('',(#676,#677,#678,#679));
#5701=EDGE_LOOP('',(#680,#681,#682,#683));
#5702=EDGE_LOOP('',(#684,#685,#686,#687));
#5703=EDGE_LOOP('',(#688,#689,#690,#691));
#5704=EDGE_LOOP('',(#692,#693,#694,#695));
#5705=EDGE_LOOP('',(#696,#697,#698,#699));
#5706=EDGE_LOOP('',(#700,#701,#702,#703));
#5707=EDGE_LOOP('',(#704,#705,#706,#707));
#5708=EDGE_LOOP('',(#708,#709,#710,#711));
#5709=EDGE_LOOP('',(#712,#713,#714,#715));
#5710=EDGE_LOOP('',(#716,#717,#718,#719));
#5711=EDGE_LOOP('',(#720,#721,#722,#723));
#5712=EDGE_LOOP('',(#724,#725,#726,#727));
#5713=EDGE_LOOP('',(#728,#729,#730,#731));
#5714=EDGE_LOOP('',(#732,#733,#734,#735));
#5715=EDGE_LOOP('',(#736,#737,#738,#739));
#5716=EDGE_LOOP('',(#740,#741,#742,#743));
#5717=EDGE_LOOP('',(#744));
#5718=EDGE_LOOP('',(#745));
#5719=EDGE_LOOP('',(#746));
#5720=EDGE_LOOP('',(#747));
#5721=EDGE_LOOP('',(#748));
#5722=EDGE_LOOP('',(#749));
#5723=EDGE_LOOP('',(#750));
#5724=EDGE_LOOP('',(#751));
#5725=EDGE_LOOP('',(#752,#753,#754,#755));
#5726=EDGE_LOOP('',(#756,#757,#758,#759));
#5727=EDGE_LOOP('',(#760,#761,#762,#763));
#5728=EDGE_LOOP('',(#764,#765,#766,#767));
#5729=EDGE_LOOP('',(#768,#769,#770,#771));
#5730=EDGE_LOOP('',(#772,#773,#774,#775));
#5731=EDGE_LOOP('',(#776,#777,#778,#779));
#5732=EDGE_LOOP('',(#780,#781,#782,#783));
#5733=EDGE_LOOP('',(#784,#785,#786,#787));
#5734=EDGE_LOOP('',(#788));
#5735=EDGE_LOOP('',(#789));
#5736=EDGE_LOOP('',(#790,#791,#792,#793));
#5737=EDGE_LOOP('',(#794));
#5738=EDGE_LOOP('',(#795,#796,#797,#798));
#5739=EDGE_LOOP('',(#799));
#5740=EDGE_LOOP('',(#800,#801,#802,#803));
#5741=EDGE_LOOP('',(#804,#805,#806,#807));
#5742=EDGE_LOOP('',(#808,#809,#810,#811));
#5743=EDGE_LOOP('',(#812,#813,#814,#815));
#5744=EDGE_LOOP('',(#816));
#5745=EDGE_LOOP('',(#817));
#5746=EDGE_LOOP('',(#818,#819,#820,#821));
#5747=EDGE_LOOP('',(#822));
#5748=EDGE_LOOP('',(#823,#824,#825,#826));
#5749=EDGE_LOOP('',(#827));
#5750=EDGE_LOOP('',(#828,#829,#830,#831));
#5751=EDGE_LOOP('',(#832,#833,#834,#835));
#5752=EDGE_LOOP('',(#836,#837,#838,#839));
#5753=EDGE_LOOP('',(#840,#841,#842,#843));
#5754=EDGE_LOOP('',(#844));
#5755=EDGE_LOOP('',(#845));
#5756=EDGE_LOOP('',(#846,#847,#848,#849));
#5757=EDGE_LOOP('',(#850));
#5758=EDGE_LOOP('',(#851,#852,#853,#854));
#5759=EDGE_LOOP('',(#855));
#5760=EDGE_LOOP('',(#856,#857,#858,#859));
#5761=EDGE_LOOP('',(#860,#861,#862,#863));
#5762=EDGE_LOOP('',(#864,#865,#866,#867));
#5763=EDGE_LOOP('',(#868,#869,#870,#871));
#5764=EDGE_LOOP('',(#872,#873,#874,#875));
#5765=EDGE_LOOP('',(#876,#877,#878,#879));
#5766=EDGE_LOOP('',(#880,#881,#882,#883));
#5767=EDGE_LOOP('',(#884,#885,#886,#887));
#5768=EDGE_LOOP('',(#888,#889,#890,#891));
#5769=EDGE_LOOP('',(#892,#893,#894,#895));
#5770=EDGE_LOOP('',(#896));
#5771=EDGE_LOOP('',(#897));
#5772=EDGE_LOOP('',(#898,#899,#900,#901));
#5773=EDGE_LOOP('',(#902));
#5774=EDGE_LOOP('',(#903,#904,#905,#906));
#5775=EDGE_LOOP('',(#907));
#5776=EDGE_LOOP('',(#908,#909,#910,#911));
#5777=EDGE_LOOP('',(#912,#913,#914,#915));
#5778=EDGE_LOOP('',(#916,#917,#918,#919));
#5779=EDGE_LOOP('',(#920,#921,#922,#923));
#5780=EDGE_LOOP('',(#924,#925,#926,#927));
#5781=EDGE_LOOP('',(#928,#929,#930,#931));
#5782=EDGE_LOOP('',(#932,#933,#934,#935));
#5783=EDGE_LOOP('',(#936,#937,#938,#939));
#5784=EDGE_LOOP('',(#940,#941,#942,#943));
#5785=EDGE_LOOP('',(#944,#945,#946,#947));
#5786=EDGE_LOOP('',(#948,#949,#950,#951));
#5787=EDGE_LOOP('',(#952,#953,#954,#955));
#5788=EDGE_LOOP('',(#956,#957,#958,#959));
#5789=EDGE_LOOP('',(#960,#961,#962,#963));
#5790=EDGE_LOOP('',(#964,#965,#966,#967));
#5791=EDGE_LOOP('',(#968,#969,#970,#971));
#5792=EDGE_LOOP('',(#972,#973,#974,#975));
#5793=EDGE_LOOP('',(#976,#977,#978,#979));
#5794=EDGE_LOOP('',(#980,#981,#982,#983));
#5795=EDGE_LOOP('',(#984,#985,#986,#987));
#5796=EDGE_LOOP('',(#988,#989,#990,#991));
#5797=EDGE_LOOP('',(#992,#993,#994,#995));
#5798=EDGE_LOOP('',(#996,#997,#998,#999));
#5799=EDGE_LOOP('',(#1000,#1001,#1002,#1003));
#5800=EDGE_LOOP('',(#1004,#1005,#1006,#1007));
#5801=EDGE_LOOP('',(#1008,#1009,#1010,#1011));
#5802=EDGE_LOOP('',(#1012,#1013,#1014,#1015));
#5803=EDGE_LOOP('',(#1016,#1017,#1018,#1019));
#5804=EDGE_LOOP('',(#1020,#1021,#1022,#1023));
#5805=EDGE_LOOP('',(#1024,#1025,#1026,#1027));
#5806=EDGE_LOOP('',(#1028,#1029,#1030,#1031));
#5807=EDGE_LOOP('',(#1032,#1033,#1034,#1035));
#5808=EDGE_LOOP('',(#1036,#1037,#1038,#1039));
#5809=EDGE_LOOP('',(#1040,#1041,#1042,#1043));
#5810=EDGE_LOOP('',(#1044,#1045,#1046,#1047));
#5811=EDGE_LOOP('',(#1048,#1049,#1050,#1051));
#5812=EDGE_LOOP('',(#1052,#1053,#1054,#1055));
#5813=EDGE_LOOP('',(#1056,#1057,#1058,#1059));
#5814=EDGE_LOOP('',(#1060,#1061,#1062,#1063));
#5815=EDGE_LOOP('',(#1064,#1065,#1066,#1067));
#5816=EDGE_LOOP('',(#1068,#1069,#1070,#1071));
#5817=EDGE_LOOP('',(#1072,#1073,#1074,#1075));
#5818=EDGE_LOOP('',(#1076,#1077,#1078,#1079));
#5819=EDGE_LOOP('',(#1080,#1081,#1082,#1083));
#5820=EDGE_LOOP('',(#1084,#1085,#1086,#1087));
#5821=EDGE_LOOP('',(#1088,#1089,#1090,#1091));
#5822=EDGE_LOOP('',(#1092,#1093,#1094,#1095));
#5823=EDGE_LOOP('',(#1096,#1097,#1098,#1099));
#5824=EDGE_LOOP('',(#1100,#1101,#1102,#1103));
#5825=EDGE_LOOP('',(#1104,#1105,#1106,#1107));
#5826=EDGE_LOOP('',(#1108,#1109,#1110,#1111));
#5827=EDGE_LOOP('',(#1112,#1113,#1114,#1115));
#5828=EDGE_LOOP('',(#1116,#1117,#1118,#1119));
#5829=EDGE_LOOP('',(#1120,#1121,#1122,#1123));
#5830=EDGE_LOOP('',(#1124,#1125,#1126,#1127));
#5831=EDGE_LOOP('',(#1128,#1129,#1130,#1131));
#5832=EDGE_LOOP('',(#1132,#1133,#1134,#1135));
#5833=EDGE_LOOP('',(#1136,#1137,#1138,#1139));
#5834=EDGE_LOOP('',(#1140,#1141,#1142,#1143));
#5835=EDGE_LOOP('',(#1144,#1145,#1146,#1147));
#5836=EDGE_LOOP('',(#1148,#1149,#1150,#1151));
#5837=EDGE_LOOP('',(#1152,#1153,#1154,#1155));
#5838=EDGE_LOOP('',(#1156,#1157,#1158,#1159));
#5839=EDGE_LOOP('',(#1160,#1161,#1162,#1163));
#5840=EDGE_LOOP('',(#1164,#1165,#1166,#1167));
#5841=EDGE_LOOP('',(#1168,#1169,#1170,#1171));
#5842=EDGE_LOOP('',(#1172,#1173,#1174,#1175));
#5843=EDGE_LOOP('',(#1176,#1177,#1178,#1179));
#5844=EDGE_LOOP('',(#1180,#1181,#1182,#1183));
#5845=EDGE_LOOP('',(#1184,#1185,#1186,#1187));
#5846=EDGE_LOOP('',(#1188,#1189,#1190,#1191));
#5847=EDGE_LOOP('',(#1192,#1193,#1194,#1195));
#5848=EDGE_LOOP('',(#1196,#1197,#1198,#1199));
#5849=EDGE_LOOP('',(#1200,#1201,#1202,#1203));
#5850=EDGE_LOOP('',(#1204,#1205,#1206,#1207));
#5851=EDGE_LOOP('',(#1208,#1209,#1210,#1211));
#5852=EDGE_LOOP('',(#1212,#1213,#1214,#1215));
#5853=EDGE_LOOP('',(#1216,#1217,#1218,#1219));
#5854=EDGE_LOOP('',(#1220,#1221,#1222,#1223));
#5855=EDGE_LOOP('',(#1224,#1225,#1226,#1227));
#5856=EDGE_LOOP('',(#1228,#1229,#1230,#1231));
#5857=EDGE_LOOP('',(#1232,#1233,#1234,#1235));
#5858=EDGE_LOOP('',(#1236,#1237,#1238,#1239));
#5859=EDGE_LOOP('',(#1240,#1241,#1242,#1243));
#5860=EDGE_LOOP('',(#1244,#1245,#1246,#1247));
#5861=EDGE_LOOP('',(#1248,#1249,#1250,#1251));
#5862=EDGE_LOOP('',(#1252,#1253,#1254,#1255));
#5863=EDGE_LOOP('',(#1256,#1257,#1258,#1259));
#5864=EDGE_LOOP('',(#1260,#1261,#1262,#1263));
#5865=EDGE_LOOP('',(#1264,#1265,#1266,#1267));
#5866=EDGE_LOOP('',(#1268,#1269,#1270,#1271));
#5867=EDGE_LOOP('',(#1272,#1273,#1274,#1275));
#5868=EDGE_LOOP('',(#1276,#1277,#1278,#1279));
#5869=EDGE_LOOP('',(#1280));
#5870=EDGE_LOOP('',(#1281));
#5871=EDGE_LOOP('',(#1282));
#5872=EDGE_LOOP('',(#1283));
#5873=EDGE_LOOP('',(#1284));
#5874=EDGE_LOOP('',(#1285));
#5875=EDGE_LOOP('',(#1286));
#5876=EDGE_LOOP('',(#1287));
#5877=EDGE_LOOP('',(#1288,#1289,#1290,#1291));
#5878=EDGE_LOOP('',(#1292,#1293,#1294,#1295));
#5879=EDGE_LOOP('',(#1296,#1297,#1298,#1299));
#5880=EDGE_LOOP('',(#1300,#1301,#1302,#1303));
#5881=EDGE_LOOP('',(#1304,#1305,#1306,#1307));
#5882=EDGE_LOOP('',(#1308,#1309,#1310,#1311));
#5883=EDGE_LOOP('',(#1312,#1313,#1314,#1315));
#5884=EDGE_LOOP('',(#1316,#1317,#1318,#1319));
#5885=EDGE_LOOP('',(#1320,#1321,#1322,#1323));
#5886=EDGE_LOOP('',(#1324));
#5887=EDGE_LOOP('',(#1325));
#5888=EDGE_LOOP('',(#1326,#1327,#1328,#1329));
#5889=EDGE_LOOP('',(#1330));
#5890=EDGE_LOOP('',(#1331,#1332,#1333,#1334));
#5891=EDGE_LOOP('',(#1335));
#5892=EDGE_LOOP('',(#1336,#1337,#1338,#1339));
#5893=EDGE_LOOP('',(#1340,#1341,#1342,#1343));
#5894=EDGE_LOOP('',(#1344,#1345,#1346,#1347));
#5895=EDGE_LOOP('',(#1348,#1349,#1350,#1351));
#5896=EDGE_LOOP('',(#1352,#1353,#1354,#1355));
#5897=EDGE_LOOP('',(#1356,#1357,#1358,#1359));
#5898=EDGE_LOOP('',(#1360,#1361,#1362,#1363));
#5899=EDGE_LOOP('',(#1364,#1365,#1366,#1367));
#5900=EDGE_LOOP('',(#1368,#1369,#1370,#1371));
#5901=EDGE_LOOP('',(#1372,#1373,#1374,#1375));
#5902=EDGE_LOOP('',(#1376));
#5903=EDGE_LOOP('',(#1377));
#5904=EDGE_LOOP('',(#1378,#1379,#1380,#1381));
#5905=EDGE_LOOP('',(#1382));
#5906=EDGE_LOOP('',(#1383,#1384,#1385,#1386));
#5907=EDGE_LOOP('',(#1387));
#5908=EDGE_LOOP('',(#1388,#1389,#1390,#1391));
#5909=EDGE_LOOP('',(#1392,#1393,#1394,#1395));
#5910=EDGE_LOOP('',(#1396,#1397,#1398,#1399));
#5911=EDGE_LOOP('',(#1400,#1401,#1402,#1403));
#5912=EDGE_LOOP('',(#1404,#1405,#1406,#1407));
#5913=EDGE_LOOP('',(#1408,#1409,#1410,#1411));
#5914=EDGE_LOOP('',(#1412,#1413,#1414,#1415));
#5915=EDGE_LOOP('',(#1416,#1417,#1418,#1419));
#5916=EDGE_LOOP('',(#1420,#1421,#1422,#1423));
#5917=EDGE_LOOP('',(#1424,#1425,#1426,#1427));
#5918=EDGE_LOOP('',(#1428,#1429,#1430,#1431));
#5919=EDGE_LOOP('',(#1432,#1433,#1434,#1435));
#5920=EDGE_LOOP('',(#1436,#1437,#1438,#1439));
#5921=EDGE_LOOP('',(#1440,#1441,#1442,#1443));
#5922=EDGE_LOOP('',(#1444,#1445,#1446,#1447));
#5923=EDGE_LOOP('',(#1448,#1449,#1450,#1451));
#5924=EDGE_LOOP('',(#1452,#1453,#1454,#1455));
#5925=EDGE_LOOP('',(#1456,#1457,#1458,#1459));
#5926=EDGE_LOOP('',(#1460,#1461,#1462,#1463));
#5927=EDGE_LOOP('',(#1464,#1465,#1466,#1467));
#5928=EDGE_LOOP('',(#1468,#1469,#1470,#1471));
#5929=EDGE_LOOP('',(#1472,#1473,#1474,#1475));
#5930=EDGE_LOOP('',(#1476,#1477,#1478,#1479));
#5931=EDGE_LOOP('',(#1480,#1481,#1482,#1483));
#5932=EDGE_LOOP('',(#1484));
#5933=EDGE_LOOP('',(#1485));
#5934=EDGE_LOOP('',(#1486,#1487,#1488,#1489));
#5935=EDGE_LOOP('',(#1490));
#5936=EDGE_LOOP('',(#1491,#1492,#1493,#1494));
#5937=EDGE_LOOP('',(#1495));
#5938=EDGE_LOOP('',(#1496,#1497,#1498,#1499));
#5939=EDGE_LOOP('',(#1500,#1501,#1502,#1503));
#5940=EDGE_LOOP('',(#1504,#1505,#1506,#1507));
#5941=EDGE_LOOP('',(#1508,#1509,#1510,#1511));
#5942=EDGE_LOOP('',(#1512,#1513,#1514,#1515));
#5943=EDGE_LOOP('',(#1516,#1517,#1518,#1519));
#5944=EDGE_LOOP('',(#1520,#1521,#1522,#1523));
#5945=EDGE_LOOP('',(#1524,#1525,#1526,#1527));
#5946=EDGE_LOOP('',(#1528,#1529,#1530,#1531));
#5947=EDGE_LOOP('',(#1532,#1533,#1534,#1535,#1536,#1537,#1538,#1539));
#5948=EDGE_LOOP('',(#1540,#1541,#1542,#1543,#1544,#1545,#1546,#1547));
#5949=EDGE_LOOP('',(#1548,#1549,#1550,#1551));
#5950=EDGE_LOOP('',(#1552,#1553,#1554,#1555));
#5951=EDGE_LOOP('',(#1556,#1557,#1558,#1559));
#5952=EDGE_LOOP('',(#1560,#1561,#1562,#1563));
#5953=EDGE_LOOP('',(#1564,#1565,#1566,#1567));
#5954=EDGE_LOOP('',(#1568,#1569,#1570,#1571));
#5955=EDGE_LOOP('',(#1572,#1573,#1574,#1575));
#5956=EDGE_LOOP('',(#1576,#1577,#1578,#1579));
#5957=EDGE_LOOP('',(#1580,#1581,#1582,#1583));
#5958=EDGE_LOOP('',(#1584));
#5959=EDGE_LOOP('',(#1585));
#5960=EDGE_LOOP('',(#1586,#1587,#1588,#1589));
#5961=EDGE_LOOP('',(#1590));
#5962=EDGE_LOOP('',(#1591,#1592,#1593,#1594));
#5963=EDGE_LOOP('',(#1595));
#5964=EDGE_LOOP('',(#1596,#1597,#1598,#1599));
#5965=EDGE_LOOP('',(#1600,#1601,#1602,#1603));
#5966=EDGE_LOOP('',(#1604,#1605,#1606,#1607));
#5967=EDGE_LOOP('',(#1608,#1609,#1610,#1611));
#5968=EDGE_LOOP('',(#1612,#1613,#1614,#1615));
#5969=EDGE_LOOP('',(#1616,#1617,#1618,#1619));
#5970=EDGE_LOOP('',(#1620,#1621,#1622,#1623));
#5971=EDGE_LOOP('',(#1624,#1625,#1626,#1627));
#5972=EDGE_LOOP('',(#1628,#1629,#1630,#1631));
#5973=EDGE_LOOP('',(#1632,#1633,#1634,#1635));
#5974=EDGE_LOOP('',(#1636,#1637,#1638,#1639));
#5975=EDGE_LOOP('',(#1640,#1641,#1642,#1643));
#5976=EDGE_LOOP('',(#1644,#1645,#1646,#1647));
#5977=EDGE_LOOP('',(#1648,#1649,#1650,#1651));
#5978=EDGE_LOOP('',(#1652,#1653,#1654,#1655));
#5979=EDGE_LOOP('',(#1656,#1657,#1658,#1659));
#5980=EDGE_LOOP('',(#1660,#1661,#1662,#1663));
#5981=EDGE_LOOP('',(#1664,#1665,#1666,#1667));
#5982=EDGE_LOOP('',(#1668,#1669,#1670,#1671));
#5983=EDGE_LOOP('',(#1672,#1673,#1674,#1675));
#5984=EDGE_LOOP('',(#1676,#1677,#1678,#1679));
#5985=EDGE_LOOP('',(#1680,#1681,#1682,#1683));
#5986=EDGE_LOOP('',(#1684,#1685,#1686,#1687));
#5987=EDGE_LOOP('',(#1688,#1689,#1690,#1691));
#5988=EDGE_LOOP('',(#1692,#1693,#1694,#1695));
#5989=EDGE_LOOP('',(#1696,#1697,#1698,#1699));
#5990=EDGE_LOOP('',(#1700,#1701,#1702,#1703));
#5991=EDGE_LOOP('',(#1704,#1705,#1706,#1707));
#5992=EDGE_LOOP('',(#1708,#1709,#1710,#1711));
#5993=EDGE_LOOP('',(#1712,#1713,#1714,#1715,#1716,#1717,#1718,#1719));
#5994=EDGE_LOOP('',(#1720,#1721,#1722,#1723,#1724,#1725,#1726,#1727));
#5995=EDGE_LOOP('',(#1728,#1729,#1730,#1731));
#5996=EDGE_LOOP('',(#1732,#1733,#1734,#1735));
#5997=EDGE_LOOP('',(#1736,#1737,#1738,#1739));
#5998=EDGE_LOOP('',(#1740,#1741,#1742,#1743));
#5999=EDGE_LOOP('',(#1744,#1745,#1746,#1747));
#6000=EDGE_LOOP('',(#1748,#1749,#1750,#1751));
#6001=EDGE_LOOP('',(#1752,#1753,#1754,#1755));
#6002=EDGE_LOOP('',(#1756,#1757,#1758,#1759));
#6003=EDGE_LOOP('',(#1760,#1761,#1762,#1763));
#6004=EDGE_LOOP('',(#1764,#1765,#1766,#1767));
#6005=EDGE_LOOP('',(#1768,#1769,#1770,#1771));
#6006=EDGE_LOOP('',(#1772,#1773,#1774,#1775));
#6007=EDGE_LOOP('',(#1776,#1777,#1778,#1779));
#6008=EDGE_LOOP('',(#1780,#1781,#1782,#1783));
#6009=EDGE_LOOP('',(#1784,#1785,#1786,#1787,#1788,#1789,#1790,#1791,#1792,
#1793,#1794,#1795,#1796,#1797,#1798,#1799));
#6010=EDGE_LOOP('',(#1800,#1801,#1802,#1803));
#6011=EDGE_LOOP('',(#1804));
#6012=EDGE_LOOP('',(#1805));
#6013=EDGE_LOOP('',(#1806));
#6014=EDGE_LOOP('',(#1807));
#6015=EDGE_LOOP('',(#1808));
#6016=EDGE_LOOP('',(#1809,#1810,#1811,#1812,#1813,#1814,#1815,#1816,#1817,
#1818,#1819,#1820,#1821,#1822,#1823,#1824));
#6017=EDGE_LOOP('',(#1825,#1826,#1827,#1828,#1829,#1830,#1831,#1832,#1833,
#1834,#1835,#1836,#1837));
#6018=EDGE_LOOP('',(#1838,#1839,#1840,#1841,#1842,#1843,#1844,#1845,#1846,
#1847,#1848));
#6019=EDGE_LOOP('',(#1849,#1850,#1851,#1852,#1853,#1854,#1855,#1856,#1857,
#1858,#1859,#1860,#1861));
#6020=EDGE_LOOP('',(#1862,#1863,#1864,#1865,#1866,#1867,#1868,#1869,#1870,
#1871,#1872,#1873,#1874,#1875,#1876,#1877));
#6021=EDGE_LOOP('',(#1878));
#6022=EDGE_LOOP('',(#1879));
#6023=EDGE_LOOP('',(#1880));
#6024=EDGE_LOOP('',(#1881));
#6025=EDGE_LOOP('',(#1882));
#6026=EDGE_LOOP('',(#1883,#1884,#1885,#1886));
#6027=EDGE_LOOP('',(#1887,#1888,#1889,#1890,#1891,#1892,#1893,#1894,#1895,
#1896,#1897,#1898,#1899,#1900,#1901,#1902));
#6028=EDGE_LOOP('',(#1903,#1904,#1905,#1906,#1907,#1908,#1909,#1910,#1911,
#1912,#1913));
#6029=EDGE_LOOP('',(#1914,#1915,#1916,#1917));
#6030=EDGE_LOOP('',(#1918,#1919,#1920,#1921));
#6031=EDGE_LOOP('',(#1922,#1923,#1924,#1925));
#6032=EDGE_LOOP('',(#1926,#1927,#1928,#1929));
#6033=EDGE_LOOP('',(#1930));
#6034=EDGE_LOOP('',(#1931));
#6035=EDGE_LOOP('',(#1932));
#6036=EDGE_LOOP('',(#1933));
#6037=EDGE_LOOP('',(#1934));
#6038=EDGE_LOOP('',(#1935));
#6039=EDGE_LOOP('',(#1936));
#6040=EDGE_LOOP('',(#1937));
#6041=EDGE_LOOP('',(#1938));
#6042=EDGE_LOOP('',(#1939));
#6043=EDGE_LOOP('',(#1940,#1941,#1942,#1943));
#6044=EDGE_LOOP('',(#1944,#1945,#1946,#1947));
#6045=EDGE_LOOP('',(#1948,#1949,#1950,#1951));
#6046=EDGE_LOOP('',(#1952,#1953,#1954,#1955));
#6047=EDGE_LOOP('',(#1956,#1957,#1958,#1959));
#6048=EDGE_LOOP('',(#1960,#1961,#1962,#1963));
#6049=EDGE_LOOP('',(#1964,#1965,#1966,#1967));
#6050=EDGE_LOOP('',(#1968,#1969,#1970,#1971));
#6051=EDGE_LOOP('',(#1972,#1973,#1974,#1975));
#6052=EDGE_LOOP('',(#1976,#1977,#1978,#1979));
#6053=EDGE_LOOP('',(#1980,#1981,#1982,#1983));
#6054=EDGE_LOOP('',(#1984,#1985,#1986,#1987));
#6055=EDGE_LOOP('',(#1988,#1989,#1990,#1991));
#6056=EDGE_LOOP('',(#1992,#1993,#1994,#1995));
#6057=EDGE_LOOP('',(#1996,#1997,#1998,#1999));
#6058=EDGE_LOOP('',(#2000,#2001,#2002,#2003));
#6059=EDGE_LOOP('',(#2004,#2005,#2006,#2007));
#6060=EDGE_LOOP('',(#2008,#2009,#2010,#2011));
#6061=EDGE_LOOP('',(#2012,#2013,#2014,#2015));
#6062=EDGE_LOOP('',(#2016,#2017,#2018,#2019));
#6063=EDGE_LOOP('',(#2020,#2021,#2022,#2023));
#6064=EDGE_LOOP('',(#2024,#2025,#2026,#2027));
#6065=EDGE_LOOP('',(#2028,#2029,#2030,#2031));
#6066=EDGE_LOOP('',(#2032,#2033,#2034,#2035));
#6067=EDGE_LOOP('',(#2036,#2037,#2038,#2039));
#6068=EDGE_LOOP('',(#2040,#2041,#2042,#2043));
#6069=EDGE_LOOP('',(#2044,#2045,#2046,#2047));
#6070=EDGE_LOOP('',(#2048,#2049,#2050,#2051));
#6071=EDGE_LOOP('',(#2052,#2053,#2054,#2055));
#6072=EDGE_LOOP('',(#2056,#2057,#2058,#2059));
#6073=EDGE_LOOP('',(#2060,#2061,#2062,#2063));
#6074=EDGE_LOOP('',(#2064,#2065,#2066,#2067));
#6075=EDGE_LOOP('',(#2068,#2069,#2070,#2071));
#6076=EDGE_LOOP('',(#2072,#2073,#2074,#2075));
#6077=EDGE_LOOP('',(#2076,#2077,#2078,#2079));
#6078=EDGE_LOOP('',(#2080,#2081,#2082,#2083));
#6079=EDGE_LOOP('',(#2084,#2085,#2086,#2087));
#6080=EDGE_LOOP('',(#2088,#2089,#2090,#2091));
#6081=EDGE_LOOP('',(#2092,#2093,#2094,#2095));
#6082=EDGE_LOOP('',(#2096,#2097,#2098,#2099));
#6083=EDGE_LOOP('',(#2100,#2101,#2102,#2103));
#6084=EDGE_LOOP('',(#2104,#2105,#2106,#2107));
#6085=EDGE_LOOP('',(#2108,#2109,#2110,#2111));
#6086=EDGE_LOOP('',(#2112,#2113,#2114,#2115));
#6087=EDGE_LOOP('',(#2116,#2117,#2118,#2119));
#6088=EDGE_LOOP('',(#2120,#2121,#2122,#2123));
#6089=EDGE_LOOP('',(#2124,#2125,#2126,#2127));
#6090=EDGE_LOOP('',(#2128,#2129,#2130,#2131));
#6091=EDGE_LOOP('',(#2132,#2133,#2134,#2135));
#6092=EDGE_LOOP('',(#2136,#2137,#2138,#2139));
#6093=EDGE_LOOP('',(#2140,#2141,#2142,#2143));
#6094=EDGE_LOOP('',(#2144,#2145,#2146,#2147));
#6095=EDGE_LOOP('',(#2148,#2149,#2150,#2151));
#6096=EDGE_LOOP('',(#2152,#2153,#2154,#2155));
#6097=EDGE_LOOP('',(#2156,#2157,#2158,#2159));
#6098=EDGE_LOOP('',(#2160,#2161,#2162,#2163));
#6099=EDGE_LOOP('',(#2164,#2165,#2166,#2167));
#6100=EDGE_LOOP('',(#2168,#2169,#2170,#2171));
#6101=EDGE_LOOP('',(#2172,#2173,#2174,#2175));
#6102=EDGE_LOOP('',(#2176,#2177,#2178,#2179));
#6103=EDGE_LOOP('',(#2180,#2181,#2182,#2183));
#6104=EDGE_LOOP('',(#2184,#2185,#2186,#2187));
#6105=EDGE_LOOP('',(#2188,#2189,#2190,#2191));
#6106=EDGE_LOOP('',(#2192,#2193,#2194,#2195));
#6107=EDGE_LOOP('',(#2196,#2197,#2198,#2199,#2200,#2201,#2202,#2203));
#6108=EDGE_LOOP('',(#2204,#2205,#2206,#2207,#2208,#2209,#2210,#2211));
#6109=EDGE_LOOP('',(#2212,#2213,#2214,#2215));
#6110=EDGE_LOOP('',(#2216,#2217,#2218,#2219));
#6111=EDGE_LOOP('',(#2220,#2221,#2222,#2223));
#6112=EDGE_LOOP('',(#2224,#2225,#2226,#2227));
#6113=EDGE_LOOP('',(#2228,#2229,#2230,#2231));
#6114=EDGE_LOOP('',(#2232,#2233,#2234,#2235));
#6115=EDGE_LOOP('',(#2236,#2237,#2238,#2239,#2240,#2241,#2242,#2243,#2244));
#6116=EDGE_LOOP('',(#2245,#2246,#2247,#2248));
#6117=EDGE_LOOP('',(#2249,#2250,#2251,#2252));
#6118=EDGE_LOOP('',(#2253,#2254,#2255,#2256));
#6119=EDGE_LOOP('',(#2257,#2258,#2259,#2260));
#6120=EDGE_LOOP('',(#2261,#2262,#2263,#2264));
#6121=EDGE_LOOP('',(#2265,#2266,#2267,#2268));
#6122=EDGE_LOOP('',(#2269,#2270,#2271,#2272));
#6123=EDGE_LOOP('',(#2273,#2274,#2275,#2276));
#6124=EDGE_LOOP('',(#2277,#2278,#2279,#2280));
#6125=EDGE_LOOP('',(#2281,#2282,#2283,#2284,#2285,#2286,#2287,#2288,#2289));
#6126=EDGE_LOOP('',(#2290,#2291,#2292,#2293));
#6127=EDGE_LOOP('',(#2294,#2295,#2296,#2297));
#6128=EDGE_LOOP('',(#2298,#2299,#2300,#2301));
#6129=EDGE_LOOP('',(#2302,#2303,#2304,#2305));
#6130=EDGE_LOOP('',(#2306,#2307,#2308,#2309));
#6131=EDGE_LOOP('',(#2310,#2311,#2312,#2313));
#6132=EDGE_LOOP('',(#2314,#2315,#2316,#2317));
#6133=EDGE_LOOP('',(#2318,#2319,#2320,#2321));
#6134=EDGE_LOOP('',(#2322,#2323,#2324,#2325,#2326,#2327,#2328,#2329));
#6135=EDGE_LOOP('',(#2330,#2331,#2332,#2333,#2334,#2335,#2336,#2337));
#6136=FACE_BOUND('',#5634,.T.);
#6137=FACE_BOUND('',#5635,.T.);
#6138=FACE_BOUND('',#5636,.T.);
#6139=FACE_BOUND('',#5637,.T.);
#6140=FACE_BOUND('',#5638,.T.);
#6141=FACE_BOUND('',#5639,.T.);
#6142=FACE_BOUND('',#5640,.T.);
#6143=FACE_BOUND('',#5641,.T.);
#6144=FACE_BOUND('',#5642,.T.);
#6145=FACE_BOUND('',#5643,.T.);
#6146=FACE_BOUND('',#5644,.T.);
#6147=FACE_BOUND('',#5645,.T.);
#6148=FACE_BOUND('',#5646,.T.);
#6149=FACE_BOUND('',#5647,.T.);
#6150=FACE_BOUND('',#5648,.T.);
#6151=FACE_BOUND('',#5649,.T.);
#6152=FACE_BOUND('',#5650,.T.);
#6153=FACE_BOUND('',#5651,.T.);
#6154=FACE_BOUND('',#5652,.T.);
#6155=FACE_BOUND('',#5653,.T.);
#6156=FACE_BOUND('',#5654,.T.);
#6157=FACE_BOUND('',#5655,.T.);
#6158=FACE_BOUND('',#5656,.T.);
#6159=FACE_BOUND('',#5657,.T.);
#6160=FACE_BOUND('',#5658,.T.);
#6161=FACE_BOUND('',#5659,.T.);
#6162=FACE_BOUND('',#5660,.T.);
#6163=FACE_BOUND('',#5661,.T.);
#6164=FACE_BOUND('',#5662,.T.);
#6165=FACE_BOUND('',#5663,.T.);
#6166=FACE_BOUND('',#5664,.T.);
#6167=FACE_BOUND('',#5665,.T.);
#6168=FACE_BOUND('',#5666,.T.);
#6169=FACE_BOUND('',#5667,.T.);
#6170=FACE_BOUND('',#5668,.T.);
#6171=FACE_BOUND('',#5669,.T.);
#6172=FACE_BOUND('',#5670,.T.);
#6173=FACE_BOUND('',#5671,.T.);
#6174=FACE_BOUND('',#5672,.T.);
#6175=FACE_BOUND('',#5673,.T.);
#6176=FACE_BOUND('',#5674,.T.);
#6177=FACE_BOUND('',#5675,.T.);
#6178=FACE_BOUND('',#5676,.T.);
#6179=FACE_BOUND('',#5677,.T.);
#6180=FACE_BOUND('',#5678,.T.);
#6181=FACE_BOUND('',#5679,.T.);
#6182=FACE_BOUND('',#5680,.T.);
#6183=FACE_BOUND('',#5681,.T.);
#6184=FACE_BOUND('',#5682,.T.);
#6185=FACE_BOUND('',#5683,.T.);
#6186=FACE_BOUND('',#5684,.T.);
#6187=FACE_BOUND('',#5685,.T.);
#6188=FACE_BOUND('',#5686,.T.);
#6189=FACE_BOUND('',#5687,.T.);
#6190=FACE_BOUND('',#5688,.T.);
#6191=FACE_BOUND('',#5689,.T.);
#6192=FACE_BOUND('',#5690,.T.);
#6193=FACE_BOUND('',#5691,.T.);
#6194=FACE_BOUND('',#5692,.T.);
#6195=FACE_BOUND('',#5693,.T.);
#6196=FACE_BOUND('',#5694,.T.);
#6197=FACE_BOUND('',#5695,.T.);
#6198=FACE_BOUND('',#5696,.T.);
#6199=FACE_BOUND('',#5697,.T.);
#6200=FACE_BOUND('',#5698,.T.);
#6201=FACE_BOUND('',#5699,.T.);
#6202=FACE_BOUND('',#5700,.T.);
#6203=FACE_BOUND('',#5701,.T.);
#6204=FACE_BOUND('',#5702,.T.);
#6205=FACE_BOUND('',#5703,.T.);
#6206=FACE_BOUND('',#5704,.T.);
#6207=FACE_BOUND('',#5705,.T.);
#6208=FACE_BOUND('',#5706,.T.);
#6209=FACE_BOUND('',#5707,.T.);
#6210=FACE_BOUND('',#5708,.T.);
#6211=FACE_BOUND('',#5709,.T.);
#6212=FACE_BOUND('',#5710,.T.);
#6213=FACE_BOUND('',#5711,.T.);
#6214=FACE_BOUND('',#5712,.T.);
#6215=FACE_BOUND('',#5713,.T.);
#6216=FACE_BOUND('',#5714,.T.);
#6217=FACE_BOUND('',#5715,.T.);
#6218=FACE_BOUND('',#5716,.T.);
#6219=FACE_BOUND('',#5717,.T.);
#6220=FACE_BOUND('',#5718,.T.);
#6221=FACE_BOUND('',#5719,.T.);
#6222=FACE_BOUND('',#5720,.T.);
#6223=FACE_BOUND('',#5721,.T.);
#6224=FACE_BOUND('',#5722,.T.);
#6225=FACE_BOUND('',#5723,.T.);
#6226=FACE_BOUND('',#5724,.T.);
#6227=FACE_BOUND('',#5725,.T.);
#6228=FACE_BOUND('',#5726,.T.);
#6229=FACE_BOUND('',#5727,.T.);
#6230=FACE_BOUND('',#5728,.T.);
#6231=FACE_BOUND('',#5729,.T.);
#6232=FACE_BOUND('',#5730,.T.);
#6233=FACE_BOUND('',#5731,.T.);
#6234=FACE_BOUND('',#5732,.T.);
#6235=FACE_BOUND('',#5733,.T.);
#6236=FACE_BOUND('',#5734,.T.);
#6237=FACE_BOUND('',#5735,.T.);
#6238=FACE_BOUND('',#5736,.T.);
#6239=FACE_BOUND('',#5737,.T.);
#6240=FACE_BOUND('',#5738,.T.);
#6241=FACE_BOUND('',#5739,.T.);
#6242=FACE_BOUND('',#5740,.T.);
#6243=FACE_BOUND('',#5741,.T.);
#6244=FACE_BOUND('',#5742,.T.);
#6245=FACE_BOUND('',#5743,.T.);
#6246=FACE_BOUND('',#5744,.T.);
#6247=FACE_BOUND('',#5745,.T.);
#6248=FACE_BOUND('',#5746,.T.);
#6249=FACE_BOUND('',#5747,.T.);
#6250=FACE_BOUND('',#5748,.T.);
#6251=FACE_BOUND('',#5749,.T.);
#6252=FACE_BOUND('',#5750,.T.);
#6253=FACE_BOUND('',#5751,.T.);
#6254=FACE_BOUND('',#5752,.T.);
#6255=FACE_BOUND('',#5753,.T.);
#6256=FACE_BOUND('',#5754,.T.);
#6257=FACE_BOUND('',#5755,.T.);
#6258=FACE_BOUND('',#5756,.T.);
#6259=FACE_BOUND('',#5757,.T.);
#6260=FACE_BOUND('',#5758,.T.);
#6261=FACE_BOUND('',#5759,.T.);
#6262=FACE_BOUND('',#5760,.T.);
#6263=FACE_BOUND('',#5761,.T.);
#6264=FACE_BOUND('',#5762,.T.);
#6265=FACE_BOUND('',#5763,.T.);
#6266=FACE_BOUND('',#5764,.T.);
#6267=FACE_BOUND('',#5765,.T.);
#6268=FACE_BOUND('',#5766,.T.);
#6269=FACE_BOUND('',#5767,.T.);
#6270=FACE_BOUND('',#5768,.T.);
#6271=FACE_BOUND('',#5769,.T.);
#6272=FACE_BOUND('',#5770,.T.);
#6273=FACE_BOUND('',#5771,.T.);
#6274=FACE_BOUND('',#5772,.T.);
#6275=FACE_BOUND('',#5773,.T.);
#6276=FACE_BOUND('',#5774,.T.);
#6277=FACE_BOUND('',#5775,.T.);
#6278=FACE_BOUND('',#5776,.T.);
#6279=FACE_BOUND('',#5777,.T.);
#6280=FACE_BOUND('',#5778,.T.);
#6281=FACE_BOUND('',#5779,.T.);
#6282=FACE_BOUND('',#5780,.T.);
#6283=FACE_BOUND('',#5781,.T.);
#6284=FACE_BOUND('',#5782,.T.);
#6285=FACE_BOUND('',#5783,.T.);
#6286=FACE_BOUND('',#5784,.T.);
#6287=FACE_BOUND('',#5785,.T.);
#6288=FACE_BOUND('',#5786,.T.);
#6289=FACE_BOUND('',#5787,.T.);
#6290=FACE_BOUND('',#5788,.T.);
#6291=FACE_BOUND('',#5789,.T.);
#6292=FACE_BOUND('',#5790,.T.);
#6293=FACE_BOUND('',#5791,.T.);
#6294=FACE_BOUND('',#5792,.T.);
#6295=FACE_BOUND('',#5793,.T.);
#6296=FACE_BOUND('',#5794,.T.);
#6297=FACE_BOUND('',#5795,.T.);
#6298=FACE_BOUND('',#5796,.T.);
#6299=FACE_BOUND('',#5797,.T.);
#6300=FACE_BOUND('',#5798,.T.);
#6301=FACE_BOUND('',#5799,.T.);
#6302=FACE_BOUND('',#5800,.T.);
#6303=FACE_BOUND('',#5801,.T.);
#6304=FACE_BOUND('',#5802,.T.);
#6305=FACE_BOUND('',#5803,.T.);
#6306=FACE_BOUND('',#5804,.T.);
#6307=FACE_BOUND('',#5805,.T.);
#6308=FACE_BOUND('',#5806,.T.);
#6309=FACE_BOUND('',#5807,.T.);
#6310=FACE_BOUND('',#5808,.T.);
#6311=FACE_BOUND('',#5809,.T.);
#6312=FACE_BOUND('',#5810,.T.);
#6313=FACE_BOUND('',#5811,.T.);
#6314=FACE_BOUND('',#5812,.T.);
#6315=FACE_BOUND('',#5813,.T.);
#6316=FACE_BOUND('',#5814,.T.);
#6317=FACE_BOUND('',#5815,.T.);
#6318=FACE_BOUND('',#5816,.T.);
#6319=FACE_BOUND('',#5817,.T.);
#6320=FACE_BOUND('',#5818,.T.);
#6321=FACE_BOUND('',#5819,.T.);
#6322=FACE_BOUND('',#5820,.T.);
#6323=FACE_BOUND('',#5821,.T.);
#6324=FACE_BOUND('',#5822,.T.);
#6325=FACE_BOUND('',#5823,.T.);
#6326=FACE_BOUND('',#5824,.T.);
#6327=FACE_BOUND('',#5825,.T.);
#6328=FACE_BOUND('',#5826,.T.);
#6329=FACE_BOUND('',#5827,.T.);
#6330=FACE_BOUND('',#5828,.T.);
#6331=FACE_BOUND('',#5829,.T.);
#6332=FACE_BOUND('',#5830,.T.);
#6333=FACE_BOUND('',#5831,.T.);
#6334=FACE_BOUND('',#5832,.T.);
#6335=FACE_BOUND('',#5833,.T.);
#6336=FACE_BOUND('',#5834,.T.);
#6337=FACE_BOUND('',#5835,.T.);
#6338=FACE_BOUND('',#5836,.T.);
#6339=FACE_BOUND('',#5837,.T.);
#6340=FACE_BOUND('',#5838,.T.);
#6341=FACE_BOUND('',#5839,.T.);
#6342=FACE_BOUND('',#5840,.T.);
#6343=FACE_BOUND('',#5841,.T.);
#6344=FACE_BOUND('',#5842,.T.);
#6345=FACE_BOUND('',#5843,.T.);
#6346=FACE_BOUND('',#5844,.T.);
#6347=FACE_BOUND('',#5845,.T.);
#6348=FACE_BOUND('',#5846,.T.);
#6349=FACE_BOUND('',#5847,.T.);
#6350=FACE_BOUND('',#5848,.T.);
#6351=FACE_BOUND('',#5849,.T.);
#6352=FACE_BOUND('',#5850,.T.);
#6353=FACE_BOUND('',#5851,.T.);
#6354=FACE_BOUND('',#5852,.T.);
#6355=FACE_BOUND('',#5853,.T.);
#6356=FACE_BOUND('',#5854,.T.);
#6357=FACE_BOUND('',#5855,.T.);
#6358=FACE_BOUND('',#5856,.T.);
#6359=FACE_BOUND('',#5857,.T.);
#6360=FACE_BOUND('',#5858,.T.);
#6361=FACE_BOUND('',#5859,.T.);
#6362=FACE_BOUND('',#5860,.T.);
#6363=FACE_BOUND('',#5861,.T.);
#6364=FACE_BOUND('',#5862,.T.);
#6365=FACE_BOUND('',#5863,.T.);
#6366=FACE_BOUND('',#5864,.T.);
#6367=FACE_BOUND('',#5865,.T.);
#6368=FACE_BOUND('',#5866,.T.);
#6369=FACE_BOUND('',#5867,.T.);
#6370=FACE_BOUND('',#5868,.T.);
#6371=FACE_BOUND('',#5869,.T.);
#6372=FACE_BOUND('',#5870,.T.);
#6373=FACE_BOUND('',#5871,.T.);
#6374=FACE_BOUND('',#5872,.T.);
#6375=FACE_BOUND('',#5873,.T.);
#6376=FACE_BOUND('',#5874,.T.);
#6377=FACE_BOUND('',#5875,.T.);
#6378=FACE_BOUND('',#5876,.T.);
#6379=FACE_BOUND('',#5877,.T.);
#6380=FACE_BOUND('',#5878,.T.);
#6381=FACE_BOUND('',#5879,.T.);
#6382=FACE_BOUND('',#5880,.T.);
#6383=FACE_BOUND('',#5881,.T.);
#6384=FACE_BOUND('',#5882,.T.);
#6385=FACE_BOUND('',#5883,.T.);
#6386=FACE_BOUND('',#5884,.T.);
#6387=FACE_BOUND('',#5885,.T.);
#6388=FACE_BOUND('',#5886,.T.);
#6389=FACE_BOUND('',#5887,.T.);
#6390=FACE_BOUND('',#5888,.T.);
#6391=FACE_BOUND('',#5889,.T.);
#6392=FACE_BOUND('',#5890,.T.);
#6393=FACE_BOUND('',#5891,.T.);
#6394=FACE_BOUND('',#5892,.T.);
#6395=FACE_BOUND('',#5893,.T.);
#6396=FACE_BOUND('',#5894,.T.);
#6397=FACE_BOUND('',#5895,.T.);
#6398=FACE_BOUND('',#5896,.T.);
#6399=FACE_BOUND('',#5897,.T.);
#6400=FACE_BOUND('',#5898,.T.);
#6401=FACE_BOUND('',#5899,.T.);
#6402=FACE_BOUND('',#5900,.T.);
#6403=FACE_BOUND('',#5901,.T.);
#6404=FACE_BOUND('',#5902,.T.);
#6405=FACE_BOUND('',#5903,.T.);
#6406=FACE_BOUND('',#5904,.T.);
#6407=FACE_BOUND('',#5905,.T.);
#6408=FACE_BOUND('',#5906,.T.);
#6409=FACE_BOUND('',#5907,.T.);
#6410=FACE_BOUND('',#5908,.T.);
#6411=FACE_BOUND('',#5909,.T.);
#6412=FACE_BOUND('',#5910,.T.);
#6413=FACE_BOUND('',#5911,.T.);
#6414=FACE_BOUND('',#5912,.T.);
#6415=FACE_BOUND('',#5913,.T.);
#6416=FACE_BOUND('',#5914,.T.);
#6417=FACE_BOUND('',#5915,.T.);
#6418=FACE_BOUND('',#5916,.T.);
#6419=FACE_BOUND('',#5917,.T.);
#6420=FACE_BOUND('',#5918,.T.);
#6421=FACE_BOUND('',#5919,.T.);
#6422=FACE_BOUND('',#5920,.T.);
#6423=FACE_BOUND('',#5921,.T.);
#6424=FACE_BOUND('',#5922,.T.);
#6425=FACE_BOUND('',#5923,.T.);
#6426=FACE_BOUND('',#5924,.T.);
#6427=FACE_BOUND('',#5925,.T.);
#6428=FACE_BOUND('',#5926,.T.);
#6429=FACE_BOUND('',#5927,.T.);
#6430=FACE_BOUND('',#5928,.T.);
#6431=FACE_BOUND('',#5929,.T.);
#6432=FACE_BOUND('',#5930,.T.);
#6433=FACE_BOUND('',#5931,.T.);
#6434=FACE_BOUND('',#5932,.T.);
#6435=FACE_BOUND('',#5933,.T.);
#6436=FACE_BOUND('',#5934,.T.);
#6437=FACE_BOUND('',#5935,.T.);
#6438=FACE_BOUND('',#5936,.T.);
#6439=FACE_BOUND('',#5937,.T.);
#6440=FACE_BOUND('',#5938,.T.);
#6441=FACE_BOUND('',#5939,.T.);
#6442=FACE_BOUND('',#5940,.T.);
#6443=FACE_BOUND('',#5941,.T.);
#6444=FACE_BOUND('',#5942,.T.);
#6445=FACE_BOUND('',#5943,.T.);
#6446=FACE_BOUND('',#5944,.T.);
#6447=FACE_BOUND('',#5945,.T.);
#6448=FACE_BOUND('',#5946,.T.);
#6449=FACE_BOUND('',#5947,.T.);
#6450=FACE_BOUND('',#5948,.T.);
#6451=FACE_BOUND('',#5949,.T.);
#6452=FACE_BOUND('',#5950,.T.);
#6453=FACE_BOUND('',#5951,.T.);
#6454=FACE_BOUND('',#5952,.T.);
#6455=FACE_BOUND('',#5953,.T.);
#6456=FACE_BOUND('',#5954,.T.);
#6457=FACE_BOUND('',#5955,.T.);
#6458=FACE_BOUND('',#5956,.T.);
#6459=FACE_BOUND('',#5957,.T.);
#6460=FACE_BOUND('',#5958,.T.);
#6461=FACE_BOUND('',#5959,.T.);
#6462=FACE_BOUND('',#5960,.T.);
#6463=FACE_BOUND('',#5961,.T.);
#6464=FACE_BOUND('',#5962,.T.);
#6465=FACE_BOUND('',#5963,.T.);
#6466=FACE_BOUND('',#5964,.T.);
#6467=FACE_BOUND('',#5965,.T.);
#6468=FACE_BOUND('',#5966,.T.);
#6469=FACE_BOUND('',#5967,.T.);
#6470=FACE_BOUND('',#5968,.T.);
#6471=FACE_BOUND('',#5969,.T.);
#6472=FACE_BOUND('',#5970,.T.);
#6473=FACE_BOUND('',#5971,.T.);
#6474=FACE_BOUND('',#5972,.T.);
#6475=FACE_BOUND('',#5973,.T.);
#6476=FACE_BOUND('',#5974,.T.);
#6477=FACE_BOUND('',#5975,.T.);
#6478=FACE_BOUND('',#5976,.T.);
#6479=FACE_BOUND('',#5977,.T.);
#6480=FACE_BOUND('',#5978,.T.);
#6481=FACE_BOUND('',#5979,.T.);
#6482=FACE_BOUND('',#5980,.T.);
#6483=FACE_BOUND('',#5981,.T.);
#6484=FACE_BOUND('',#5982,.T.);
#6485=FACE_BOUND('',#5983,.T.);
#6486=FACE_BOUND('',#5984,.T.);
#6487=FACE_BOUND('',#5985,.T.);
#6488=FACE_BOUND('',#5986,.T.);
#6489=FACE_BOUND('',#5987,.T.);
#6490=FACE_BOUND('',#5988,.T.);
#6491=FACE_BOUND('',#5989,.T.);
#6492=FACE_BOUND('',#5990,.T.);
#6493=FACE_BOUND('',#5991,.T.);
#6494=FACE_BOUND('',#5992,.T.);
#6495=FACE_BOUND('',#5993,.T.);
#6496=FACE_BOUND('',#5994,.T.);
#6497=FACE_BOUND('',#5995,.T.);
#6498=FACE_BOUND('',#5996,.T.);
#6499=FACE_BOUND('',#5997,.T.);
#6500=FACE_BOUND('',#5998,.T.);
#6501=FACE_BOUND('',#5999,.T.);
#6502=FACE_BOUND('',#6000,.T.);
#6503=FACE_BOUND('',#6001,.T.);
#6504=FACE_BOUND('',#6002,.T.);
#6505=FACE_BOUND('',#6003,.T.);
#6506=FACE_BOUND('',#6004,.T.);
#6507=FACE_BOUND('',#6005,.T.);
#6508=FACE_BOUND('',#6006,.T.);
#6509=FACE_BOUND('',#6007,.T.);
#6510=FACE_BOUND('',#6008,.T.);
#6511=FACE_BOUND('',#6009,.T.);
#6512=FACE_BOUND('',#6010,.T.);
#6513=FACE_BOUND('',#6011,.T.);
#6514=FACE_BOUND('',#6012,.T.);
#6515=FACE_BOUND('',#6013,.T.);
#6516=FACE_BOUND('',#6014,.T.);
#6517=FACE_BOUND('',#6015,.T.);
#6518=FACE_BOUND('',#6016,.T.);
#6519=FACE_BOUND('',#6017,.T.);
#6520=FACE_BOUND('',#6018,.T.);
#6521=FACE_BOUND('',#6019,.T.);
#6522=FACE_BOUND('',#6020,.T.);
#6523=FACE_BOUND('',#6021,.T.);
#6524=FACE_BOUND('',#6022,.T.);
#6525=FACE_BOUND('',#6023,.T.);
#6526=FACE_BOUND('',#6024,.T.);
#6527=FACE_BOUND('',#6025,.T.);
#6528=FACE_BOUND('',#6026,.T.);
#6529=FACE_BOUND('',#6027,.T.);
#6530=FACE_BOUND('',#6028,.T.);
#6531=FACE_BOUND('',#6029,.T.);
#6532=FACE_BOUND('',#6030,.T.);
#6533=FACE_BOUND('',#6031,.T.);
#6534=FACE_BOUND('',#6032,.T.);
#6535=FACE_BOUND('',#6033,.T.);
#6536=FACE_BOUND('',#6034,.T.);
#6537=FACE_BOUND('',#6035,.T.);
#6538=FACE_BOUND('',#6036,.T.);
#6539=FACE_BOUND('',#6037,.T.);
#6540=FACE_BOUND('',#6038,.T.);
#6541=FACE_BOUND('',#6039,.T.);
#6542=FACE_BOUND('',#6040,.T.);
#6543=FACE_BOUND('',#6041,.T.);
#6544=FACE_BOUND('',#6042,.T.);
#6545=FACE_BOUND('',#6043,.T.);
#6546=FACE_BOUND('',#6044,.T.);
#6547=FACE_BOUND('',#6045,.T.);
#6548=FACE_BOUND('',#6046,.T.);
#6549=FACE_BOUND('',#6047,.T.);
#6550=FACE_BOUND('',#6048,.T.);
#6551=FACE_BOUND('',#6049,.T.);
#6552=FACE_BOUND('',#6050,.T.);
#6553=FACE_BOUND('',#6051,.T.);
#6554=FACE_BOUND('',#6052,.T.);
#6555=FACE_BOUND('',#6053,.T.);
#6556=FACE_BOUND('',#6054,.T.);
#6557=FACE_BOUND('',#6055,.T.);
#6558=FACE_BOUND('',#6056,.T.);
#6559=FACE_BOUND('',#6057,.T.);
#6560=FACE_BOUND('',#6058,.T.);
#6561=FACE_BOUND('',#6059,.T.);
#6562=FACE_BOUND('',#6060,.T.);
#6563=FACE_BOUND('',#6061,.T.);
#6564=FACE_BOUND('',#6062,.T.);
#6565=FACE_BOUND('',#6063,.T.);
#6566=FACE_BOUND('',#6064,.T.);
#6567=FACE_BOUND('',#6065,.T.);
#6568=FACE_BOUND('',#6066,.T.);
#6569=FACE_BOUND('',#6067,.T.);
#6570=FACE_BOUND('',#6068,.T.);
#6571=FACE_BOUND('',#6069,.T.);
#6572=FACE_BOUND('',#6070,.T.);
#6573=FACE_BOUND('',#6071,.T.);
#6574=FACE_BOUND('',#6072,.T.);
#6575=FACE_BOUND('',#6073,.T.);
#6576=FACE_BOUND('',#6074,.T.);
#6577=FACE_BOUND('',#6075,.T.);
#6578=FACE_BOUND('',#6076,.T.);
#6579=FACE_BOUND('',#6077,.T.);
#6580=FACE_BOUND('',#6078,.T.);
#6581=FACE_BOUND('',#6079,.T.);
#6582=FACE_BOUND('',#6080,.T.);
#6583=FACE_BOUND('',#6081,.T.);
#6584=FACE_BOUND('',#6082,.T.);
#6585=FACE_BOUND('',#6083,.T.);
#6586=FACE_BOUND('',#6084,.T.);
#6587=FACE_BOUND('',#6085,.T.);
#6588=FACE_BOUND('',#6086,.T.);
#6589=FACE_BOUND('',#6087,.T.);
#6590=FACE_BOUND('',#6088,.T.);
#6591=FACE_BOUND('',#6089,.T.);
#6592=FACE_BOUND('',#6090,.T.);
#6593=FACE_BOUND('',#6091,.T.);
#6594=FACE_BOUND('',#6092,.T.);
#6595=FACE_BOUND('',#6093,.T.);
#6596=FACE_BOUND('',#6094,.T.);
#6597=FACE_BOUND('',#6095,.T.);
#6598=FACE_BOUND('',#6096,.T.);
#6599=FACE_BOUND('',#6097,.T.);
#6600=FACE_BOUND('',#6098,.T.);
#6601=FACE_BOUND('',#6099,.T.);
#6602=FACE_BOUND('',#6100,.T.);
#6603=FACE_BOUND('',#6101,.T.);
#6604=FACE_BOUND('',#6102,.T.);
#6605=FACE_BOUND('',#6103,.T.);
#6606=FACE_BOUND('',#6104,.T.);
#6607=FACE_BOUND('',#6105,.T.);
#6608=FACE_BOUND('',#6106,.T.);
#6609=FACE_BOUND('',#6107,.T.);
#6610=FACE_BOUND('',#6108,.T.);
#6611=FACE_BOUND('',#6109,.T.);
#6612=FACE_BOUND('',#6110,.T.);
#6613=FACE_BOUND('',#6111,.T.);
#6614=FACE_BOUND('',#6112,.T.);
#6615=FACE_BOUND('',#6113,.T.);
#6616=FACE_BOUND('',#6114,.T.);
#6617=FACE_BOUND('',#6115,.T.);
#6618=FACE_BOUND('',#6116,.T.);
#6619=FACE_BOUND('',#6117,.T.);
#6620=FACE_BOUND('',#6118,.T.);
#6621=FACE_BOUND('',#6119,.T.);
#6622=FACE_BOUND('',#6120,.T.);
#6623=FACE_BOUND('',#6121,.T.);
#6624=FACE_BOUND('',#6122,.T.);
#6625=FACE_BOUND('',#6123,.T.);
#6626=FACE_BOUND('',#6124,.T.);
#6627=FACE_BOUND('',#6125,.T.);
#6628=FACE_BOUND('',#6126,.T.);
#6629=FACE_BOUND('',#6127,.T.);
#6630=FACE_BOUND('',#6128,.T.);
#6631=FACE_BOUND('',#6129,.T.);
#6632=FACE_BOUND('',#6130,.T.);
#6633=FACE_BOUND('',#6131,.T.);
#6634=FACE_BOUND('',#6132,.T.);
#6635=FACE_BOUND('',#6133,.T.);
#6636=FACE_BOUND('',#6134,.T.);
#6637=FACE_BOUND('',#6135,.T.);
#6638=PLANE('',#7995);
#6639=PLANE('',#8017);
#6640=PLANE('',#8018);
#6641=PLANE('',#8019);
#6642=PLANE('',#8020);
#6643=PLANE('',#8022);
#6644=PLANE('',#8065);
#6645=PLANE('',#8067);
#6646=PLANE('',#8068);
#6647=PLANE('',#8069);
#6648=PLANE('',#8070);
#6649=PLANE('',#8071);
#6650=PLANE('',#8072);
#6651=PLANE('',#8073);
#6652=PLANE('',#8074);
#6653=PLANE('',#8075);
#6654=PLANE('',#8076);
#6655=PLANE('',#8078);
#6656=PLANE('',#8079);
#6657=PLANE('',#8080);
#6658=PLANE('',#8081);
#6659=PLANE('',#8082);
#6660=PLANE('',#8083);
#6661=PLANE('',#8084);
#6662=PLANE('',#8085);
#6663=PLANE('',#8086);
#6664=PLANE('',#8087);
#6665=PLANE('',#8088);
#6666=PLANE('',#8089);
#6667=PLANE('',#8090);
#6668=PLANE('',#8091);
#6669=PLANE('',#8093);
#6670=PLANE('',#8094);
#6671=PLANE('',#8095);
#6672=PLANE('',#8096);
#6673=PLANE('',#8097);
#6674=PLANE('',#8098);
#6675=PLANE('',#8099);
#6676=PLANE('',#8100);
#6677=PLANE('',#8101);
#6678=PLANE('',#8102);
#6679=PLANE('',#8104);
#6680=PLANE('',#8105);
#6681=PLANE('',#8106);
#6682=PLANE('',#8107);
#6683=PLANE('',#8108);
#6684=PLANE('',#8109);
#6685=PLANE('',#8111);
#6686=PLANE('',#8112);
#6687=PLANE('',#8113);
#6688=PLANE('',#8114);
#6689=PLANE('',#8115);
#6690=PLANE('',#8116);
#6691=PLANE('',#8118);
#6692=PLANE('',#8119);
#6693=PLANE('',#8120);
#6694=PLANE('',#8121);
#6695=PLANE('',#8122);
#6696=PLANE('',#8123);
#6697=PLANE('',#8131);
#6698=PLANE('',#8132);
#6699=PLANE('',#8134);
#6700=PLANE('',#8135);
#6701=PLANE('',#8136);
#6702=PLANE('',#8137);
#6703=PLANE('',#8138);
#6704=PLANE('',#8139);
#6705=PLANE('',#8141);
#6706=PLANE('',#8142);
#6707=PLANE('',#8143);
#6708=PLANE('',#8147);
#6709=PLANE('',#8148);
#6710=PLANE('',#8149);
#6711=PLANE('',#8151);
#6712=PLANE('',#8152);
#6713=PLANE('',#8153);
#6714=PLANE('',#8157);
#6715=PLANE('',#8158);
#6716=PLANE('',#8159);
#6717=PLANE('',#8161);
#6718=PLANE('',#8162);
#6719=PLANE('',#8163);
#6720=PLANE('',#8167);
#6721=PLANE('',#8168);
#6722=PLANE('',#8169);
#6723=PLANE('',#8171);
#6724=PLANE('',#8172);
#6725=PLANE('',#8173);
#6726=PLANE('',#8174);
#6727=PLANE('',#8175);
#6728=PLANE('',#8176);
#6729=PLANE('',#8178);
#6730=PLANE('',#8179);
#6731=PLANE('',#8180);
#6732=PLANE('',#8184);
#6733=PLANE('',#8185);
#6734=PLANE('',#8186);
#6735=PLANE('',#8188);
#6736=PLANE('',#8189);
#6737=PLANE('',#8190);
#6738=PLANE('',#8191);
#6739=PLANE('',#8192);
#6740=PLANE('',#8193);
#6741=PLANE('',#8195);
#6742=PLANE('',#8196);
#6743=PLANE('',#8197);
#6744=PLANE('',#8198);
#6745=PLANE('',#8199);
#6746=PLANE('',#8200);
#6747=PLANE('',#8202);
#6748=PLANE('',#8203);
#6749=PLANE('',#8204);
#6750=PLANE('',#8205);
#6751=PLANE('',#8206);
#6752=PLANE('',#8207);
#6753=PLANE('',#8209);
#6754=PLANE('',#8210);
#6755=PLANE('',#8211);
#6756=PLANE('',#8212);
#6757=PLANE('',#8213);
#6758=PLANE('',#8214);
#6759=PLANE('',#8216);
#6760=PLANE('',#8217);
#6761=PLANE('',#8218);
#6762=PLANE('',#8219);
#6763=PLANE('',#8220);
#6764=PLANE('',#8221);
#6765=PLANE('',#8223);
#6766=PLANE('',#8224);
#6767=PLANE('',#8225);
#6768=PLANE('',#8226);
#6769=PLANE('',#8227);
#6770=PLANE('',#8228);
#6771=PLANE('',#8230);
#6772=PLANE('',#8231);
#6773=PLANE('',#8232);
#6774=PLANE('',#8233);
#6775=PLANE('',#8234);
#6776=PLANE('',#8235);
#6777=PLANE('',#8237);
#6778=PLANE('',#8238);
#6779=PLANE('',#8239);
#6780=PLANE('',#8240);
#6781=PLANE('',#8241);
#6782=PLANE('',#8242);
#6783=PLANE('',#8243);
#6784=PLANE('',#8244);
#6785=PLANE('',#8245);
#6786=PLANE('',#8246);
#6787=PLANE('',#8247);
#6788=PLANE('',#8248);
#6789=PLANE('',#8249);
#6790=PLANE('',#8250);
#6791=PLANE('',#8252);
#6792=PLANE('',#8253);
#6793=PLANE('',#8254);
#6794=PLANE('',#8255);
#6795=PLANE('',#8256);
#6796=PLANE('',#8257);
#6797=PLANE('',#8259);
#6798=PLANE('',#8260);
#6799=PLANE('',#8261);
#6800=PLANE('',#8262);
#6801=PLANE('',#8263);
#6802=PLANE('',#8264);
#6803=PLANE('',#8266);
#6804=PLANE('',#8267);
#6805=PLANE('',#8268);
#6806=PLANE('',#8269);
#6807=PLANE('',#8270);
#6808=PLANE('',#8271);
#6809=PLANE('',#8273);
#6810=PLANE('',#8274);
#6811=PLANE('',#8275);
#6812=PLANE('',#8276);
#6813=PLANE('',#8277);
#6814=PLANE('',#8278);
#6815=PLANE('',#8280);
#6816=PLANE('',#8281);
#6817=PLANE('',#8282);
#6818=PLANE('',#8283);
#6819=PLANE('',#8284);
#6820=PLANE('',#8285);
#6821=PLANE('',#8287);
#6822=PLANE('',#8288);
#6823=PLANE('',#8289);
#6824=PLANE('',#8290);
#6825=PLANE('',#8291);
#6826=PLANE('',#8292);
#6827=PLANE('',#8300);
#6828=PLANE('',#8301);
#6829=PLANE('',#8303);
#6830=PLANE('',#8304);
#6831=PLANE('',#8305);
#6832=PLANE('',#8306);
#6833=PLANE('',#8307);
#6834=PLANE('',#8308);
#6835=PLANE('',#8310);
#6836=PLANE('',#8311);
#6837=PLANE('',#8312);
#6838=PLANE('',#8316);
#6839=PLANE('',#8317);
#6840=PLANE('',#8318);
#6841=PLANE('',#8320);
#6842=PLANE('',#8321);
#6843=PLANE('',#8322);
#6844=PLANE('',#8323);
#6845=PLANE('',#8324);
#6846=PLANE('',#8325);
#6847=PLANE('',#8327);
#6848=PLANE('',#8328);
#6849=PLANE('',#8329);
#6850=PLANE('',#8333);
#6851=PLANE('',#8334);
#6852=PLANE('',#8335);
#6853=PLANE('',#8337);
#6854=PLANE('',#8338);
#6855=PLANE('',#8339);
#6856=PLANE('',#8340);
#6857=PLANE('',#8341);
#6858=PLANE('',#8342);
#6859=PLANE('',#8343);
#6860=PLANE('',#8344);
#6861=PLANE('',#8345);
#6862=PLANE('',#8346);
#6863=PLANE('',#8347);
#6864=PLANE('',#8348);
#6865=PLANE('',#8349);
#6866=PLANE('',#8350);
#6867=PLANE('',#8352);
#6868=PLANE('',#8353);
#6869=PLANE('',#8354);
#6870=PLANE('',#8355);
#6871=PLANE('',#8356);
#6872=PLANE('',#8357);
#6873=PLANE('',#8359);
#6874=PLANE('',#8360);
#6875=PLANE('',#8361);
#6876=PLANE('',#8365);
#6877=PLANE('',#8366);
#6878=PLANE('',#8367);
#6879=PLANE('',#8369);
#6880=PLANE('',#8370);
#6881=PLANE('',#8371);
#6882=PLANE('',#8372);
#6883=PLANE('',#8373);
#6884=PLANE('',#8374);
#6885=PLANE('',#8375);
#6886=PLANE('',#8376);
#6887=PLANE('',#8377);
#6888=PLANE('',#8378);
#6889=PLANE('',#8380);
#6890=PLANE('',#8381);
#6891=PLANE('',#8382);
#6892=PLANE('',#8383);
#6893=PLANE('',#8384);
#6894=PLANE('',#8385);
#6895=PLANE('',#8387);
#6896=PLANE('',#8388);
#6897=PLANE('',#8389);
#6898=PLANE('',#8393);
#6899=PLANE('',#8394);
#6900=PLANE('',#8395);
#6901=PLANE('',#8397);
#6902=PLANE('',#8398);
#6903=PLANE('',#8399);
#6904=PLANE('',#8400);
#6905=PLANE('',#8401);
#6906=PLANE('',#8402);
#6907=PLANE('',#8403);
#6908=PLANE('',#8404);
#6909=PLANE('',#8405);
#6910=PLANE('',#8406);
#6911=PLANE('',#8407);
#6912=PLANE('',#8408);
#6913=PLANE('',#8409);
#6914=PLANE('',#8410);
#6915=PLANE('',#8412);
#6916=PLANE('',#8413);
#6917=PLANE('',#8414);
#6918=PLANE('',#8415);
#6919=PLANE('',#8416);
#6920=PLANE('',#8417);
#6921=PLANE('',#8419);
#6922=PLANE('',#8420);
#6923=PLANE('',#8421);
#6924=PLANE('',#8422);
#6925=PLANE('',#8423);
#6926=PLANE('',#8424);
#6927=PLANE('',#8425);
#6928=PLANE('',#8426);
#6929=PLANE('',#8427);
#6930=PLANE('',#8428);
#6931=PLANE('',#8430);
#6932=PLANE('',#8431);
#6933=PLANE('',#8432);
#6934=PLANE('',#8433);
#6935=PLANE('',#8434);
#6936=PLANE('',#8435);
#6937=PLANE('',#8436);
#6938=PLANE('',#8437);
#6939=PLANE('',#8438);
#6940=PLANE('',#8439);
#6941=PLANE('',#8440);
#6942=PLANE('',#8441);
#6943=PLANE('',#8442);
#6944=PLANE('',#8443);
#6945=PLANE('',#8445);
#6946=PLANE('',#8479);
#6947=PLANE('',#8513);
#6948=PLANE('',#8514);
#6949=PLANE('',#8515);
#6950=PLANE('',#8516);
#6951=PLANE('',#8537);
#6952=PLANE('',#8538);
#6953=PLANE('',#8539);
#6954=PLANE('',#8545);
#6955=PLANE('',#8546);
#6956=PLANE('',#8547);
#6957=PLANE('',#8548);
#6958=PLANE('',#8549);
#6959=PLANE('',#8550);
#6960=PLANE('',#8551);
#6961=PLANE('',#8555);
#6962=PLANE('',#8556);
#6963=PLANE('',#8557);
#6964=PLANE('',#8563);
#6965=PLANE('',#8564);
#6966=PLANE('',#8565);
#6967=PLANE('',#8566);
#6968=PLANE('',#8567);
#6969=PLANE('',#8568);
#6970=PLANE('',#8569);
#6971=PLANE('',#8570);
#6972=PLANE('',#8571);
#6973=PLANE('',#8572);
#6974=PLANE('',#8573);
#6975=PLANE('',#8575);
#6976=PLANE('',#8576);
#6977=PLANE('',#8577);
#6978=PLANE('',#8578);
#6979=PLANE('',#8579);
#6980=PLANE('',#8580);
#6981=PLANE('',#8581);
#6982=PLANE('',#8582);
#6983=PLANE('',#8583);
#6984=PLANE('',#8584);
#6985=PLANE('',#8586);
#6986=PLANE('',#8587);
#6987=PLANE('',#8588);
#6988=PLANE('',#8589);
#6989=PLANE('',#8590);
#6990=PLANE('',#8591);
#6991=PLANE('',#8593);
#6992=PLANE('',#8603);
#6993=PLANE('',#8604);
#6994=PLANE('',#8605);
#6995=PLANE('',#8606);
#6996=PLANE('',#8608);
#6997=PLANE('',#8612);
#6998=PLANE('',#8616);
#6999=PLANE('',#8620);
#7000=PLANE('',#8624);
#7001=PLANE('',#8625);
#7002=ADVANCED_FACE('',(#6136),#6638,.F.);
#7003=ADVANCED_FACE('',(#6137),#119,.T.);
#7004=ADVANCED_FACE('',(#6138),#120,.T.);
#7005=ADVANCED_FACE('',(#6139),#121,.T.);
#7006=ADVANCED_FACE('',(#6140),#122,.T.);
#7007=ADVANCED_FACE('',(#6141),#123,.T.);
#7008=ADVANCED_FACE('',(#6142),#124,.T.);
#7009=ADVANCED_FACE('',(#6143),#125,.T.);
#7010=ADVANCED_FACE('',(#6144),#109,.T.);
#7011=ADVANCED_FACE('',(#6145),#6639,.T.);
#7012=ADVANCED_FACE('',(#6146),#6640,.T.);
#7013=ADVANCED_FACE('',(#6147),#6641,.T.);
#7014=ADVANCED_FACE('',(#6148),#6642,.T.);
#7015=ADVANCED_FACE('',(#6149),#6643,.F.);
#7016=ADVANCED_FACE('',(#6150),#126,.T.);
#7017=ADVANCED_FACE('',(#6151),#127,.T.);
#7018=ADVANCED_FACE('',(#6152),#110,.T.);
#7019=ADVANCED_FACE('',(#6153),#128,.T.);
#7020=ADVANCED_FACE('',(#6154),#129,.T.);
#7021=ADVANCED_FACE('',(#6155),#130,.T.);
#7022=ADVANCED_FACE('',(#6156),#131,.T.);
#7023=ADVANCED_FACE('',(#6157),#132,.T.);
#7024=ADVANCED_FACE('',(#6158),#133,.T.);
#7025=ADVANCED_FACE('',(#6159),#134,.T.);
#7026=ADVANCED_FACE('',(#6160),#111,.T.);
#7027=ADVANCED_FACE('',(#6161),#135,.T.);
#7028=ADVANCED_FACE('',(#6162),#136,.T.);
#7029=ADVANCED_FACE('',(#6163),#137,.T.);
#7030=ADVANCED_FACE('',(#6164),#138,.T.);
#7031=ADVANCED_FACE('',(#6165),#139,.T.);
#7032=ADVANCED_FACE('',(#6166),#6644,.T.);
#7033=ADVANCED_FACE('',(#6167),#6645,.F.);
#7034=ADVANCED_FACE('',(#6168),#6646,.T.);
#7035=ADVANCED_FACE('',(#6169),#6647,.F.);
#7036=ADVANCED_FACE('',(#6170),#6648,.F.);
#7037=ADVANCED_FACE('',(#6171),#6649,.T.);
#7038=ADVANCED_FACE('',(#6172),#6650,.F.);
#7039=ADVANCED_FACE('',(#6173),#6651,.F.);
#7040=ADVANCED_FACE('',(#6174),#6652,.T.);
#7041=ADVANCED_FACE('',(#6175),#6653,.F.);
#7042=ADVANCED_FACE('',(#6176),#6654,.T.);
#7043=ADVANCED_FACE('',(#6177),#6655,.T.);
#7044=ADVANCED_FACE('',(#6178),#6656,.F.);
#7045=ADVANCED_FACE('',(#6179),#6657,.F.);
#7046=ADVANCED_FACE('',(#6180),#6658,.T.);
#7047=ADVANCED_FACE('',(#6181),#6659,.T.);
#7048=ADVANCED_FACE('',(#6182),#6660,.F.);
#7049=ADVANCED_FACE('',(#6183),#6661,.T.);
#7050=ADVANCED_FACE('',(#6184),#6662,.F.);
#7051=ADVANCED_FACE('',(#6185),#6663,.T.);
#7052=ADVANCED_FACE('',(#6186),#6664,.F.);
#7053=ADVANCED_FACE('',(#6187),#6665,.F.);
#7054=ADVANCED_FACE('',(#6188),#6666,.T.);
#7055=ADVANCED_FACE('',(#6189),#6667,.F.);
#7056=ADVANCED_FACE('',(#6190),#6668,.T.);
#7057=ADVANCED_FACE('',(#6191),#6669,.F.);
#7058=ADVANCED_FACE('',(#6192),#6670,.T.);
#7059=ADVANCED_FACE('',(#6193),#6671,.F.);
#7060=ADVANCED_FACE('',(#6194),#6672,.F.);
#7061=ADVANCED_FACE('',(#6195),#6673,.T.);
#7062=ADVANCED_FACE('',(#6196),#6674,.F.);
#7063=ADVANCED_FACE('',(#6197),#6675,.F.);
#7064=ADVANCED_FACE('',(#6198),#6676,.T.);
#7065=ADVANCED_FACE('',(#6199),#6677,.F.);
#7066=ADVANCED_FACE('',(#6200),#6678,.T.);
#7067=ADVANCED_FACE('',(#6201),#6679,.F.);
#7068=ADVANCED_FACE('',(#6202),#6680,.F.);
#7069=ADVANCED_FACE('',(#6203),#6681,.T.);
#7070=ADVANCED_FACE('',(#6204),#6682,.T.);
#7071=ADVANCED_FACE('',(#6205),#6683,.T.);
#7072=ADVANCED_FACE('',(#6206),#6684,.F.);
#7073=ADVANCED_FACE('',(#6207),#6685,.T.);
#7074=ADVANCED_FACE('',(#6208),#6686,.F.);
#7075=ADVANCED_FACE('',(#6209),#6687,.F.);
#7076=ADVANCED_FACE('',(#6210),#6688,.T.);
#7077=ADVANCED_FACE('',(#6211),#6689,.T.);
#7078=ADVANCED_FACE('',(#6212),#6690,.F.);
#7079=ADVANCED_FACE('',(#6213),#6691,.T.);
#7080=ADVANCED_FACE('',(#6214),#6692,.F.);
#7081=ADVANCED_FACE('',(#6215),#6693,.F.);
#7082=ADVANCED_FACE('',(#6216),#6694,.T.);
#7083=ADVANCED_FACE('',(#6217),#6695,.T.);
#7084=ADVANCED_FACE('',(#6218),#6696,.F.);
#7085=ADVANCED_FACE('',(#6219,#6220),#140,.F.);
#7086=ADVANCED_FACE('',(#6221,#6222),#141,.T.);
#7087=ADVANCED_FACE('',(#6223,#6224),#6697,.T.);
#7088=ADVANCED_FACE('',(#6225,#6226),#6698,.F.);
#7089=ADVANCED_FACE('',(#6227),#6699,.T.);
#7090=ADVANCED_FACE('',(#6228),#6700,.T.);
#7091=ADVANCED_FACE('',(#6229),#6701,.F.);
#7092=ADVANCED_FACE('',(#6230),#6702,.F.);
#7093=ADVANCED_FACE('',(#6231),#6703,.T.);
#7094=ADVANCED_FACE('',(#6232),#6704,.F.);
#7095=ADVANCED_FACE('',(#6233),#6705,.T.);
#7096=ADVANCED_FACE('',(#6234),#6706,.F.);
#7097=ADVANCED_FACE('',(#6235),#6707,.F.);
#7098=ADVANCED_FACE('',(#6236,#6237),#142,.F.);
#7099=ADVANCED_FACE('',(#6238),#6708,.T.);
#7100=ADVANCED_FACE('',(#6239,#6240),#6709,.T.);
#7101=ADVANCED_FACE('',(#6241,#6242),#6710,.F.);
#7102=ADVANCED_FACE('',(#6243),#6711,.T.);
#7103=ADVANCED_FACE('',(#6244),#6712,.F.);
#7104=ADVANCED_FACE('',(#6245),#6713,.F.);
#7105=ADVANCED_FACE('',(#6246,#6247),#143,.F.);
#7106=ADVANCED_FACE('',(#6248),#6714,.T.);
#7107=ADVANCED_FACE('',(#6249,#6250),#6715,.T.);
#7108=ADVANCED_FACE('',(#6251,#6252),#6716,.F.);
#7109=ADVANCED_FACE('',(#6253),#6717,.T.);
#7110=ADVANCED_FACE('',(#6254),#6718,.F.);
#7111=ADVANCED_FACE('',(#6255),#6719,.F.);
#7112=ADVANCED_FACE('',(#6256,#6257),#144,.F.);
#7113=ADVANCED_FACE('',(#6258),#6720,.T.);
#7114=ADVANCED_FACE('',(#6259,#6260),#6721,.T.);
#7115=ADVANCED_FACE('',(#6261,#6262),#6722,.F.);
#7116=ADVANCED_FACE('',(#6263),#6723,.T.);
#7117=ADVANCED_FACE('',(#6264),#6724,.F.);
#7118=ADVANCED_FACE('',(#6265),#6725,.F.);
#7119=ADVANCED_FACE('',(#6266),#6726,.T.);
#7120=ADVANCED_FACE('',(#6267),#6727,.T.);
#7121=ADVANCED_FACE('',(#6268),#6728,.F.);
#7122=ADVANCED_FACE('',(#6269),#6729,.T.);
#7123=ADVANCED_FACE('',(#6270),#6730,.F.);
#7124=ADVANCED_FACE('',(#6271),#6731,.F.);
#7125=ADVANCED_FACE('',(#6272,#6273),#145,.F.);
#7126=ADVANCED_FACE('',(#6274),#6732,.T.);
#7127=ADVANCED_FACE('',(#6275,#6276),#6733,.T.);
#7128=ADVANCED_FACE('',(#6277,#6278),#6734,.F.);
#7129=ADVANCED_FACE('',(#6279),#6735,.T.);
#7130=ADVANCED_FACE('',(#6280),#6736,.T.);
#7131=ADVANCED_FACE('',(#6281),#6737,.F.);
#7132=ADVANCED_FACE('',(#6282),#6738,.F.);
#7133=ADVANCED_FACE('',(#6283),#6739,.T.);
#7134=ADVANCED_FACE('',(#6284),#6740,.F.);
#7135=ADVANCED_FACE('',(#6285),#6741,.F.);
#7136=ADVANCED_FACE('',(#6286),#6742,.F.);
#7137=ADVANCED_FACE('',(#6287),#6743,.T.);
#7138=ADVANCED_FACE('',(#6288),#6744,.T.);
#7139=ADVANCED_FACE('',(#6289),#6745,.T.);
#7140=ADVANCED_FACE('',(#6290),#6746,.F.);
#7141=ADVANCED_FACE('',(#6291),#6747,.F.);
#7142=ADVANCED_FACE('',(#6292),#6748,.F.);
#7143=ADVANCED_FACE('',(#6293),#6749,.T.);
#7144=ADVANCED_FACE('',(#6294),#6750,.T.);
#7145=ADVANCED_FACE('',(#6295),#6751,.T.);
#7146=ADVANCED_FACE('',(#6296),#6752,.F.);
#7147=ADVANCED_FACE('',(#6297),#6753,.F.);
#7148=ADVANCED_FACE('',(#6298),#6754,.F.);
#7149=ADVANCED_FACE('',(#6299),#6755,.T.);
#7150=ADVANCED_FACE('',(#6300),#6756,.T.);
#7151=ADVANCED_FACE('',(#6301),#6757,.T.);
#7152=ADVANCED_FACE('',(#6302),#6758,.F.);
#7153=ADVANCED_FACE('',(#6303),#6759,.T.);
#7154=ADVANCED_FACE('',(#6304),#6760,.F.);
#7155=ADVANCED_FACE('',(#6305),#6761,.F.);
#7156=ADVANCED_FACE('',(#6306),#6762,.T.);
#7157=ADVANCED_FACE('',(#6307),#6763,.T.);
#7158=ADVANCED_FACE('',(#6308),#6764,.F.);
#7159=ADVANCED_FACE('',(#6309),#6765,.T.);
#7160=ADVANCED_FACE('',(#6310),#6766,.F.);
#7161=ADVANCED_FACE('',(#6311),#6767,.F.);
#7162=ADVANCED_FACE('',(#6312),#6768,.T.);
#7163=ADVANCED_FACE('',(#6313),#6769,.T.);
#7164=ADVANCED_FACE('',(#6314),#6770,.F.);
#7165=ADVANCED_FACE('',(#6315),#6771,.T.);
#7166=ADVANCED_FACE('',(#6316),#6772,.F.);
#7167=ADVANCED_FACE('',(#6317),#6773,.F.);
#7168=ADVANCED_FACE('',(#6318),#6774,.T.);
#7169=ADVANCED_FACE('',(#6319),#6775,.T.);
#7170=ADVANCED_FACE('',(#6320),#6776,.F.);
#7171=ADVANCED_FACE('',(#6321),#6777,.T.);
#7172=ADVANCED_FACE('',(#6322),#6778,.F.);
#7173=ADVANCED_FACE('',(#6323),#6779,.F.);
#7174=ADVANCED_FACE('',(#6324),#6780,.T.);
#7175=ADVANCED_FACE('',(#6325),#6781,.T.);
#7176=ADVANCED_FACE('',(#6326),#6782,.F.);
#7177=ADVANCED_FACE('',(#6327),#6783,.T.);
#7178=ADVANCED_FACE('',(#6328),#6784,.F.);
#7179=ADVANCED_FACE('',(#6329),#6785,.T.);
#7180=ADVANCED_FACE('',(#6330),#6786,.F.);
#7181=ADVANCED_FACE('',(#6331),#6787,.F.);
#7182=ADVANCED_FACE('',(#6332),#6788,.T.);
#7183=ADVANCED_FACE('',(#6333),#6789,.F.);
#7184=ADVANCED_FACE('',(#6334),#6790,.T.);
#7185=ADVANCED_FACE('',(#6335),#6791,.T.);
#7186=ADVANCED_FACE('',(#6336),#6792,.T.);
#7187=ADVANCED_FACE('',(#6337),#6793,.F.);
#7188=ADVANCED_FACE('',(#6338),#6794,.F.);
#7189=ADVANCED_FACE('',(#6339),#6795,.T.);
#7190=ADVANCED_FACE('',(#6340),#6796,.F.);
#7191=ADVANCED_FACE('',(#6341),#6797,.T.);
#7192=ADVANCED_FACE('',(#6342),#6798,.F.);
#7193=ADVANCED_FACE('',(#6343),#6799,.F.);
#7194=ADVANCED_FACE('',(#6344),#6800,.T.);
#7195=ADVANCED_FACE('',(#6345),#6801,.T.);
#7196=ADVANCED_FACE('',(#6346),#6802,.F.);
#7197=ADVANCED_FACE('',(#6347),#6803,.T.);
#7198=ADVANCED_FACE('',(#6348),#6804,.F.);
#7199=ADVANCED_FACE('',(#6349),#6805,.F.);
#7200=ADVANCED_FACE('',(#6350),#6806,.T.);
#7201=ADVANCED_FACE('',(#6351),#6807,.T.);
#7202=ADVANCED_FACE('',(#6352),#6808,.F.);
#7203=ADVANCED_FACE('',(#6353),#6809,.T.);
#7204=ADVANCED_FACE('',(#6354),#6810,.T.);
#7205=ADVANCED_FACE('',(#6355),#6811,.F.);
#7206=ADVANCED_FACE('',(#6356),#6812,.F.);
#7207=ADVANCED_FACE('',(#6357),#6813,.T.);
#7208=ADVANCED_FACE('',(#6358),#6814,.F.);
#7209=ADVANCED_FACE('',(#6359),#6815,.T.);
#7210=ADVANCED_FACE('',(#6360),#6816,.F.);
#7211=ADVANCED_FACE('',(#6361),#6817,.F.);
#7212=ADVANCED_FACE('',(#6362),#6818,.T.);
#7213=ADVANCED_FACE('',(#6363),#6819,.T.);
#7214=ADVANCED_FACE('',(#6364),#6820,.F.);
#7215=ADVANCED_FACE('',(#6365),#6821,.T.);
#7216=ADVANCED_FACE('',(#6366),#6822,.F.);
#7217=ADVANCED_FACE('',(#6367),#6823,.F.);
#7218=ADVANCED_FACE('',(#6368),#6824,.T.);
#7219=ADVANCED_FACE('',(#6369),#6825,.T.);
#7220=ADVANCED_FACE('',(#6370),#6826,.F.);
#7221=ADVANCED_FACE('',(#6371,#6372),#146,.F.);
#7222=ADVANCED_FACE('',(#6373,#6374),#147,.T.);
#7223=ADVANCED_FACE('',(#6375,#6376),#6827,.T.);
#7224=ADVANCED_FACE('',(#6377,#6378),#6828,.F.);
#7225=ADVANCED_FACE('',(#6379),#6829,.T.);
#7226=ADVANCED_FACE('',(#6380),#6830,.T.);
#7227=ADVANCED_FACE('',(#6381),#6831,.F.);
#7228=ADVANCED_FACE('',(#6382),#6832,.F.);
#7229=ADVANCED_FACE('',(#6383),#6833,.T.);
#7230=ADVANCED_FACE('',(#6384),#6834,.F.);
#7231=ADVANCED_FACE('',(#6385),#6835,.T.);
#7232=ADVANCED_FACE('',(#6386),#6836,.F.);
#7233=ADVANCED_FACE('',(#6387),#6837,.F.);
#7234=ADVANCED_FACE('',(#6388,#6389),#148,.F.);
#7235=ADVANCED_FACE('',(#6390),#6838,.T.);
#7236=ADVANCED_FACE('',(#6391,#6392),#6839,.T.);
#7237=ADVANCED_FACE('',(#6393,#6394),#6840,.F.);
#7238=ADVANCED_FACE('',(#6395),#6841,.T.);
#7239=ADVANCED_FACE('',(#6396),#6842,.F.);
#7240=ADVANCED_FACE('',(#6397),#6843,.F.);
#7241=ADVANCED_FACE('',(#6398),#6844,.T.);
#7242=ADVANCED_FACE('',(#6399),#6845,.T.);
#7243=ADVANCED_FACE('',(#6400),#6846,.F.);
#7244=ADVANCED_FACE('',(#6401),#6847,.T.);
#7245=ADVANCED_FACE('',(#6402),#6848,.F.);
#7246=ADVANCED_FACE('',(#6403),#6849,.F.);
#7247=ADVANCED_FACE('',(#6404,#6405),#149,.F.);
#7248=ADVANCED_FACE('',(#6406),#6850,.T.);
#7249=ADVANCED_FACE('',(#6407,#6408),#6851,.T.);
#7250=ADVANCED_FACE('',(#6409,#6410),#6852,.F.);
#7251=ADVANCED_FACE('',(#6411),#6853,.T.);
#7252=ADVANCED_FACE('',(#6412),#6854,.F.);
#7253=ADVANCED_FACE('',(#6413),#6855,.F.);
#7254=ADVANCED_FACE('',(#6414),#6856,.T.);
#7255=ADVANCED_FACE('',(#6415),#6857,.T.);
#7256=ADVANCED_FACE('',(#6416),#6858,.F.);
#7257=ADVANCED_FACE('',(#6417),#6859,.T.);
#7258=ADVANCED_FACE('',(#6418),#6860,.F.);
#7259=ADVANCED_FACE('',(#6419),#6861,.T.);
#7260=ADVANCED_FACE('',(#6420),#6862,.F.);
#7261=ADVANCED_FACE('',(#6421),#6863,.F.);
#7262=ADVANCED_FACE('',(#6422),#6864,.T.);
#7263=ADVANCED_FACE('',(#6423),#6865,.F.);
#7264=ADVANCED_FACE('',(#6424),#6866,.T.);
#7265=ADVANCED_FACE('',(#6425),#6867,.T.);
#7266=ADVANCED_FACE('',(#6426),#6868,.F.);
#7267=ADVANCED_FACE('',(#6427),#6869,.F.);
#7268=ADVANCED_FACE('',(#6428),#6870,.T.);
#7269=ADVANCED_FACE('',(#6429),#6871,.T.);
#7270=ADVANCED_FACE('',(#6430),#6872,.F.);
#7271=ADVANCED_FACE('',(#6431),#6873,.T.);
#7272=ADVANCED_FACE('',(#6432),#6874,.F.);
#7273=ADVANCED_FACE('',(#6433),#6875,.F.);
#7274=ADVANCED_FACE('',(#6434,#6435),#150,.F.);
#7275=ADVANCED_FACE('',(#6436),#6876,.T.);
#7276=ADVANCED_FACE('',(#6437,#6438),#6877,.T.);
#7277=ADVANCED_FACE('',(#6439,#6440),#6878,.F.);
#7278=ADVANCED_FACE('',(#6441),#6879,.F.);
#7279=ADVANCED_FACE('',(#6442),#6880,.T.);
#7280=ADVANCED_FACE('',(#6443),#6881,.F.);
#7281=ADVANCED_FACE('',(#6444),#6882,.F.);
#7282=ADVANCED_FACE('',(#6445),#6883,.T.);
#7283=ADVANCED_FACE('',(#6446),#6884,.F.);
#7284=ADVANCED_FACE('',(#6447),#6885,.F.);
#7285=ADVANCED_FACE('',(#6448),#6886,.T.);
#7286=ADVANCED_FACE('',(#6449),#6887,.F.);
#7287=ADVANCED_FACE('',(#6450),#6888,.T.);
#7288=ADVANCED_FACE('',(#6451),#6889,.T.);
#7289=ADVANCED_FACE('',(#6452),#6890,.T.);
#7290=ADVANCED_FACE('',(#6453),#6891,.F.);
#7291=ADVANCED_FACE('',(#6454),#6892,.F.);
#7292=ADVANCED_FACE('',(#6455),#6893,.T.);
#7293=ADVANCED_FACE('',(#6456),#6894,.F.);
#7294=ADVANCED_FACE('',(#6457),#6895,.T.);
#7295=ADVANCED_FACE('',(#6458),#6896,.F.);
#7296=ADVANCED_FACE('',(#6459),#6897,.F.);
#7297=ADVANCED_FACE('',(#6460,#6461),#151,.F.);
#7298=ADVANCED_FACE('',(#6462),#6898,.T.);
#7299=ADVANCED_FACE('',(#6463,#6464),#6899,.T.);
#7300=ADVANCED_FACE('',(#6465,#6466),#6900,.F.);
#7301=ADVANCED_FACE('',(#6467),#6901,.T.);
#7302=ADVANCED_FACE('',(#6468),#6902,.F.);
#7303=ADVANCED_FACE('',(#6469),#6903,.F.);
#7304=ADVANCED_FACE('',(#6470),#6904,.T.);
#7305=ADVANCED_FACE('',(#6471),#6905,.T.);
#7306=ADVANCED_FACE('',(#6472),#6906,.F.);
#7307=ADVANCED_FACE('',(#6473),#6907,.T.);
#7308=ADVANCED_FACE('',(#6474),#6908,.F.);
#7309=ADVANCED_FACE('',(#6475),#6909,.T.);
#7310=ADVANCED_FACE('',(#6476),#6910,.F.);
#7311=ADVANCED_FACE('',(#6477),#6911,.F.);
#7312=ADVANCED_FACE('',(#6478),#6912,.T.);
#7313=ADVANCED_FACE('',(#6479),#6913,.F.);
#7314=ADVANCED_FACE('',(#6480),#6914,.T.);
#7315=ADVANCED_FACE('',(#6481),#6915,.T.);
#7316=ADVANCED_FACE('',(#6482),#6916,.F.);
#7317=ADVANCED_FACE('',(#6483),#6917,.F.);
#7318=ADVANCED_FACE('',(#6484),#6918,.T.);
#7319=ADVANCED_FACE('',(#6485),#6919,.T.);
#7320=ADVANCED_FACE('',(#6486),#6920,.F.);
#7321=ADVANCED_FACE('',(#6487),#6921,.F.);
#7322=ADVANCED_FACE('',(#6488),#6922,.T.);
#7323=ADVANCED_FACE('',(#6489),#6923,.F.);
#7324=ADVANCED_FACE('',(#6490),#6924,.F.);
#7325=ADVANCED_FACE('',(#6491),#6925,.T.);
#7326=ADVANCED_FACE('',(#6492),#6926,.F.);
#7327=ADVANCED_FACE('',(#6493),#6927,.F.);
#7328=ADVANCED_FACE('',(#6494),#6928,.T.);
#7329=ADVANCED_FACE('',(#6495),#6929,.F.);
#7330=ADVANCED_FACE('',(#6496),#6930,.T.);
#7331=ADVANCED_FACE('',(#6497),#6931,.T.);
#7332=ADVANCED_FACE('',(#6498),#6932,.F.);
#7333=ADVANCED_FACE('',(#6499),#6933,.F.);
#7334=ADVANCED_FACE('',(#6500),#6934,.T.);
#7335=ADVANCED_FACE('',(#6501),#6935,.T.);
#7336=ADVANCED_FACE('',(#6502),#6936,.F.);
#7337=ADVANCED_FACE('',(#6503),#6937,.T.);
#7338=ADVANCED_FACE('',(#6504),#6938,.F.);
#7339=ADVANCED_FACE('',(#6505),#6939,.T.);
#7340=ADVANCED_FACE('',(#6506),#6940,.F.);
#7341=ADVANCED_FACE('',(#6507),#6941,.F.);
#7342=ADVANCED_FACE('',(#6508),#6942,.T.);
#7343=ADVANCED_FACE('',(#6509),#6943,.F.);
#7344=ADVANCED_FACE('',(#6510),#6944,.T.);
#7345=ADVANCED_FACE('',(#6511,#6512,#6513,#6514,#6515,#6516,#6517,#6518,
#6519,#6520),#6945,.T.);
#7346=ADVANCED_FACE('',(#6521,#6522,#6523,#6524,#6525,#6526,#6527,#6528,
#6529,#6530),#6946,.F.);
#7347=ADVANCED_FACE('',(#6531),#6947,.T.);
#7348=ADVANCED_FACE('',(#6532),#6948,.F.);
#7349=ADVANCED_FACE('',(#6533),#6949,.F.);
#7350=ADVANCED_FACE('',(#6534),#6950,.T.);
#7351=ADVANCED_FACE('',(#6535,#6536),#152,.F.);
#7352=ADVANCED_FACE('',(#6537,#6538),#153,.F.);
#7353=ADVANCED_FACE('',(#6539,#6540),#154,.F.);
#7354=ADVANCED_FACE('',(#6541,#6542),#155,.F.);
#7355=ADVANCED_FACE('',(#6543,#6544),#156,.F.);
#7356=ADVANCED_FACE('',(#6545),#157,.F.);
#7357=ADVANCED_FACE('',(#6546),#158,.F.);
#7358=ADVANCED_FACE('',(#6547),#159,.F.);
#7359=ADVANCED_FACE('',(#6548),#160,.F.);
#7360=ADVANCED_FACE('',(#6549),#161,.F.);
#7361=ADVANCED_FACE('',(#6550),#162,.F.);
#7362=ADVANCED_FACE('',(#6551),#163,.F.);
#7363=ADVANCED_FACE('',(#6552),#164,.F.);
#7364=ADVANCED_FACE('',(#6553),#112,.T.);
#7365=ADVANCED_FACE('',(#6554),#165,.F.);
#7366=ADVANCED_FACE('',(#6555),#166,.F.);
#7367=ADVANCED_FACE('',(#6556),#167,.F.);
#7368=ADVANCED_FACE('',(#6557),#168,.F.);
#7369=ADVANCED_FACE('',(#6558),#169,.F.);
#7370=ADVANCED_FACE('',(#6559),#170,.F.);
#7371=ADVANCED_FACE('',(#6560),#171,.F.);
#7372=ADVANCED_FACE('',(#6561),#6951,.T.);
#7373=ADVANCED_FACE('',(#6562),#6952,.T.);
#7374=ADVANCED_FACE('',(#6563),#6953,.T.);
#7375=ADVANCED_FACE('',(#6564),#172,.F.);
#7376=ADVANCED_FACE('',(#6565),#113,.T.);
#7377=ADVANCED_FACE('',(#6566),#173,.F.);
#7378=ADVANCED_FACE('',(#6567),#174,.F.);
#7379=ADVANCED_FACE('',(#6568),#175,.F.);
#7380=ADVANCED_FACE('',(#6569),#176,.F.);
#7381=ADVANCED_FACE('',(#6570),#6954,.T.);
#7382=ADVANCED_FACE('',(#6571),#6955,.T.);
#7383=ADVANCED_FACE('',(#6572),#6956,.T.);
#7384=ADVANCED_FACE('',(#6573),#6957,.T.);
#7385=ADVANCED_FACE('',(#6574),#6958,.T.);
#7386=ADVANCED_FACE('',(#6575),#6959,.T.);
#7387=ADVANCED_FACE('',(#6576),#6960,.T.);
#7388=ADVANCED_FACE('',(#6577),#114,.T.);
#7389=ADVANCED_FACE('',(#6578),#177,.F.);
#7390=ADVANCED_FACE('',(#6579),#178,.F.);
#7391=ADVANCED_FACE('',(#6580),#179,.F.);
#7392=ADVANCED_FACE('',(#6581),#115,.T.);
#7393=ADVANCED_FACE('',(#6582),#6961,.T.);
#7394=ADVANCED_FACE('',(#6583),#6962,.T.);
#7395=ADVANCED_FACE('',(#6584),#6963,.T.);
#7396=ADVANCED_FACE('',(#6585),#180,.F.);
#7397=ADVANCED_FACE('',(#6586),#181,.F.);
#7398=ADVANCED_FACE('',(#6587),#182,.F.);
#7399=ADVANCED_FACE('',(#6588),#183,.F.);
#7400=ADVANCED_FACE('',(#6589),#184,.F.);
#7401=ADVANCED_FACE('',(#6590),#6964,.T.);
#7402=ADVANCED_FACE('',(#6591),#6965,.T.);
#7403=ADVANCED_FACE('',(#6592),#6966,.T.);
#7404=ADVANCED_FACE('',(#6593),#6967,.T.);
#7405=ADVANCED_FACE('',(#6594),#6968,.T.);
#7406=ADVANCED_FACE('',(#6595),#6969,.T.);
#7407=ADVANCED_FACE('',(#6596),#6970,.T.);
#7408=ADVANCED_FACE('',(#6597),#6971,.T.);
#7409=ADVANCED_FACE('',(#6598),#6972,.T.);
#7410=ADVANCED_FACE('',(#6599),#6973,.T.);
#7411=ADVANCED_FACE('',(#6600),#6974,.T.);
#7412=ADVANCED_FACE('',(#6601),#6975,.F.);
#7413=ADVANCED_FACE('',(#6602),#6976,.T.);
#7414=ADVANCED_FACE('',(#6603),#6977,.F.);
#7415=ADVANCED_FACE('',(#6604),#6978,.F.);
#7416=ADVANCED_FACE('',(#6605),#6979,.T.);
#7417=ADVANCED_FACE('',(#6606),#6980,.F.);
#7418=ADVANCED_FACE('',(#6607),#6981,.F.);
#7419=ADVANCED_FACE('',(#6608),#6982,.T.);
#7420=ADVANCED_FACE('',(#6609),#6983,.F.);
#7421=ADVANCED_FACE('',(#6610),#6984,.T.);
#7422=ADVANCED_FACE('',(#6611),#6985,.T.);
#7423=ADVANCED_FACE('',(#6612),#6986,.F.);
#7424=ADVANCED_FACE('',(#6613),#6987,.F.);
#7425=ADVANCED_FACE('',(#6614),#6988,.T.);
#7426=ADVANCED_FACE('',(#6615),#6989,.T.);
#7427=ADVANCED_FACE('',(#6616),#6990,.F.);
#7428=ADVANCED_FACE('',(#6617),#6991,.F.);
#7429=ADVANCED_FACE('',(#6618),#116,.T.);
#7430=ADVANCED_FACE('',(#6619),#185,.T.);
#7431=ADVANCED_FACE('',(#6620),#186,.T.);
#7432=ADVANCED_FACE('',(#6621),#187,.T.);
#7433=ADVANCED_FACE('',(#6622),#117,.T.);
#7434=ADVANCED_FACE('',(#6623),#6992,.T.);
#7435=ADVANCED_FACE('',(#6624),#6993,.T.);
#7436=ADVANCED_FACE('',(#6625),#6994,.T.);
#7437=ADVANCED_FACE('',(#6626),#118,.T.);
#7438=ADVANCED_FACE('',(#6627),#6995,.T.);
#7439=ADVANCED_FACE('',(#6628),#6996,.T.);
#7440=ADVANCED_FACE('',(#6629),#188,.T.);
#7441=ADVANCED_FACE('',(#6630),#6997,.F.);
#7442=ADVANCED_FACE('',(#6631),#189,.T.);
#7443=ADVANCED_FACE('',(#6632),#6998,.F.);
#7444=ADVANCED_FACE('',(#6633),#190,.T.);
#7445=ADVANCED_FACE('',(#6634),#6999,.T.);
#7446=ADVANCED_FACE('',(#6635),#191,.T.);
#7447=ADVANCED_FACE('',(#6636),#7000,.T.);
#7448=ADVANCED_FACE('',(#6637),#7001,.F.);
#7449=CLOSED_SHELL('',(#7002,#7003,#7004,#7005,#7006,#7007,#7008,#7009,
#7010,#7011,#7012,#7013,#7014));
#7450=CLOSED_SHELL('',(#7015,#7016,#7017,#7018,#7019,#7020,#7021,#7022,
#7023,#7024,#7025,#7026,#7027,#7028,#7029,#7030,#7031,#7032));
#7451=CLOSED_SHELL('',(#7033,#7034,#7035,#7036,#7037,#7038,#7039,#7040,
#7041,#7042));
#7452=CLOSED_SHELL('',(#7043,#7044,#7045,#7046,#7047,#7048,#7049,#7050,
#7051,#7052,#7053,#7054,#7055,#7056));
#7453=CLOSED_SHELL('',(#7057,#7058,#7059,#7060,#7061,#7062,#7063,#7064,
#7065,#7066));
#7454=CLOSED_SHELL('',(#7067,#7068,#7069,#7070,#7071,#7072));
#7455=CLOSED_SHELL('',(#7073,#7074,#7075,#7076,#7077,#7078));
#7456=CLOSED_SHELL('',(#7079,#7080,#7081,#7082,#7083,#7084));
#7457=CLOSED_SHELL('',(#7085,#7086,#7087,#7088));
#7458=CLOSED_SHELL('',(#7089,#7090,#7091,#7092,#7093,#7094));
#7459=CLOSED_SHELL('',(#7095,#7096,#7097,#7098,#7099,#7100,#7101));
#7460=CLOSED_SHELL('',(#7102,#7103,#7104,#7105,#7106,#7107,#7108));
#7461=CLOSED_SHELL('',(#7109,#7110,#7111,#7112,#7113,#7114,#7115));
#7462=CLOSED_SHELL('',(#7116,#7117,#7118,#7119,#7120,#7121));
#7463=CLOSED_SHELL('',(#7122,#7123,#7124,#7125,#7126,#7127,#7128));
#7464=CLOSED_SHELL('',(#7129,#7130,#7131,#7132,#7133,#7134));
#7465=CLOSED_SHELL('',(#7135,#7136,#7137,#7138,#7139,#7140));
#7466=CLOSED_SHELL('',(#7141,#7142,#7143,#7144,#7145,#7146));
#7467=CLOSED_SHELL('',(#7147,#7148,#7149,#7150,#7151,#7152));
#7468=CLOSED_SHELL('',(#7153,#7154,#7155,#7156,#7157,#7158));
#7469=CLOSED_SHELL('',(#7159,#7160,#7161,#7162,#7163,#7164));
#7470=CLOSED_SHELL('',(#7165,#7166,#7167,#7168,#7169,#7170));
#7471=CLOSED_SHELL('',(#7171,#7172,#7173,#7174,#7175,#7176,#7177,#7178,
#7179,#7180,#7181,#7182,#7183,#7184));
#7472=CLOSED_SHELL('',(#7185,#7186,#7187,#7188,#7189,#7190));
#7473=CLOSED_SHELL('',(#7191,#7192,#7193,#7194,#7195,#7196));
#7474=CLOSED_SHELL('',(#7197,#7198,#7199,#7200,#7201,#7202));
#7475=CLOSED_SHELL('',(#7203,#7204,#7205,#7206,#7207,#7208));
#7476=CLOSED_SHELL('',(#7209,#7210,#7211,#7212,#7213,#7214));
#7477=CLOSED_SHELL('',(#7215,#7216,#7217,#7218,#7219,#7220));
#7478=CLOSED_SHELL('',(#7221,#7222,#7223,#7224));
#7479=CLOSED_SHELL('',(#7225,#7226,#7227,#7228,#7229,#7230));
#7480=CLOSED_SHELL('',(#7231,#7232,#7233,#7234,#7235,#7236,#7237));
#7481=CLOSED_SHELL('',(#7238,#7239,#7240,#7241,#7242,#7243));
#7482=CLOSED_SHELL('',(#7244,#7245,#7246,#7247,#7248,#7249,#7250));
#7483=CLOSED_SHELL('',(#7251,#7252,#7253,#7254,#7255,#7256,#7257,#7258,
#7259,#7260,#7261,#7262,#7263,#7264));
#7484=CLOSED_SHELL('',(#7265,#7266,#7267,#7268,#7269,#7270));
#7485=CLOSED_SHELL('',(#7271,#7272,#7273,#7274,#7275,#7276,#7277));
#7486=CLOSED_SHELL('',(#7278,#7279,#7280,#7281,#7282,#7283,#7284,#7285,
#7286,#7287));
#7487=CLOSED_SHELL('',(#7288,#7289,#7290,#7291,#7292,#7293));
#7488=CLOSED_SHELL('',(#7294,#7295,#7296,#7297,#7298,#7299,#7300));
#7489=CLOSED_SHELL('',(#7301,#7302,#7303,#7304,#7305,#7306,#7307,#7308,
#7309,#7310,#7311,#7312,#7313,#7314));
#7490=CLOSED_SHELL('',(#7315,#7316,#7317,#7318,#7319,#7320));
#7491=CLOSED_SHELL('',(#7321,#7322,#7323,#7324,#7325,#7326,#7327,#7328,
#7329,#7330));
#7492=CLOSED_SHELL('',(#7331,#7332,#7333,#7334,#7335,#7336,#7337,#7338,
#7339,#7340,#7341,#7342,#7343,#7344));
#7493=CLOSED_SHELL('',(#7345,#7346,#7347,#7348,#7349,#7350,#7351,#7352,
#7353,#7354,#7355,#7356,#7357,#7358,#7359,#7360,#7361,#7362,#7363,#7364,
#7365,#7366,#7367,#7368,#7369,#7370,#7371,#7372,#7373,#7374,#7375,#7376,
#7377,#7378,#7379,#7380,#7381,#7382,#7383,#7384,#7385,#7386,#7387,#7388,
#7389,#7390,#7391,#7392,#7393,#7394,#7395,#7396,#7397,#7398,#7399,#7400,
#7401,#7402,#7403,#7404,#7405,#7406,#7407,#7408,#7409,#7410,#7411));
#7494=CLOSED_SHELL('',(#7412,#7413,#7414,#7415,#7416,#7417,#7418,#7419,
#7420,#7421));
#7495=CLOSED_SHELL('',(#7422,#7423,#7424,#7425,#7426,#7427));
#7496=CLOSED_SHELL('',(#7428,#7429,#7430,#7431,#7432,#7433,#7434,#7435,
#7436,#7437,#7438));
#7497=CLOSED_SHELL('',(#7439,#7440,#7441,#7442,#7443,#7444,#7445,#7446,
#7447,#7448));
#7498=STYLED_ITEM('',(#7547),#7847);
#7499=STYLED_ITEM('',(#7548),#7848);
#7500=STYLED_ITEM('',(#7549),#7849);
#7501=STYLED_ITEM('',(#7550),#7850);
#7502=STYLED_ITEM('',(#7551),#7851);
#7503=STYLED_ITEM('',(#7552),#7852);
#7504=STYLED_ITEM('',(#7553),#7853);
#7505=STYLED_ITEM('',(#7554),#7854);
#7506=STYLED_ITEM('',(#7555),#7855);
#7507=STYLED_ITEM('',(#7556),#7856);
#7508=STYLED_ITEM('',(#7557),#7857);
#7509=STYLED_ITEM('',(#7558),#7858);
#7510=STYLED_ITEM('',(#7559),#7859);
#7511=STYLED_ITEM('',(#7560),#7860);
#7512=STYLED_ITEM('',(#7561),#7861);
#7513=STYLED_ITEM('',(#7562),#7862);
#7514=STYLED_ITEM('',(#7563),#7863);
#7515=STYLED_ITEM('',(#7564),#7864);
#7516=STYLED_ITEM('',(#7565),#7865);
#7517=STYLED_ITEM('',(#7566),#7866);
#7518=STYLED_ITEM('',(#7567),#7867);
#7519=STYLED_ITEM('',(#7568),#7868);
#7520=STYLED_ITEM('',(#7569),#7869);
#7521=STYLED_ITEM('',(#7570),#7870);
#7522=STYLED_ITEM('',(#7571),#7871);
#7523=STYLED_ITEM('',(#7572),#7872);
#7524=STYLED_ITEM('',(#7573),#7873);
#7525=STYLED_ITEM('',(#7574),#7874);
#7526=STYLED_ITEM('',(#7575),#7875);
#7527=STYLED_ITEM('',(#7576),#7876);
#7528=STYLED_ITEM('',(#7577),#7877);
#7529=STYLED_ITEM('',(#7578),#7878);
#7530=STYLED_ITEM('',(#7579),#7879);
#7531=STYLED_ITEM('',(#7580),#7880);
#7532=STYLED_ITEM('',(#7581),#7881);
#7533=STYLED_ITEM('',(#7582),#7882);
#7534=STYLED_ITEM('',(#7583),#7883);
#7535=STYLED_ITEM('',(#7584),#7884);
#7536=STYLED_ITEM('',(#7585),#7885);
#7537=STYLED_ITEM('',(#7586),#7886);
#7538=STYLED_ITEM('',(#7587),#7887);
#7539=STYLED_ITEM('',(#7588),#7888);
#7540=STYLED_ITEM('',(#7589),#7889);
#7541=STYLED_ITEM('',(#7590),#7890);
#7542=STYLED_ITEM('',(#7591),#7891);
#7543=STYLED_ITEM('',(#7592),#7892);
#7544=STYLED_ITEM('',(#7593),#7893);
#7545=STYLED_ITEM('',(#7594),#7894);
#7546=STYLED_ITEM('',(#7595),#7895);
#7547=PRESENTATION_STYLE_ASSIGNMENT((#7596));
#7548=PRESENTATION_STYLE_ASSIGNMENT((#7597));
#7549=PRESENTATION_STYLE_ASSIGNMENT((#7598));
#7550=PRESENTATION_STYLE_ASSIGNMENT((#7599));
#7551=PRESENTATION_STYLE_ASSIGNMENT((#7600));
#7552=PRESENTATION_STYLE_ASSIGNMENT((#7601));
#7553=PRESENTATION_STYLE_ASSIGNMENT((#7602));
#7554=PRESENTATION_STYLE_ASSIGNMENT((#7603));
#7555=PRESENTATION_STYLE_ASSIGNMENT((#7604));
#7556=PRESENTATION_STYLE_ASSIGNMENT((#7605));
#7557=PRESENTATION_STYLE_ASSIGNMENT((#7606));
#7558=PRESENTATION_STYLE_ASSIGNMENT((#7607));
#7559=PRESENTATION_STYLE_ASSIGNMENT((#7608));
#7560=PRESENTATION_STYLE_ASSIGNMENT((#7609));
#7561=PRESENTATION_STYLE_ASSIGNMENT((#7610));
#7562=PRESENTATION_STYLE_ASSIGNMENT((#7611));
#7563=PRESENTATION_STYLE_ASSIGNMENT((#7612));
#7564=PRESENTATION_STYLE_ASSIGNMENT((#7613));
#7565=PRESENTATION_STYLE_ASSIGNMENT((#7614));
#7566=PRESENTATION_STYLE_ASSIGNMENT((#7615));
#7567=PRESENTATION_STYLE_ASSIGNMENT((#7616));
#7568=PRESENTATION_STYLE_ASSIGNMENT((#7617));
#7569=PRESENTATION_STYLE_ASSIGNMENT((#7618));
#7570=PRESENTATION_STYLE_ASSIGNMENT((#7619));
#7571=PRESENTATION_STYLE_ASSIGNMENT((#7620));
#7572=PRESENTATION_STYLE_ASSIGNMENT((#7621));
#7573=PRESENTATION_STYLE_ASSIGNMENT((#7622));
#7574=PRESENTATION_STYLE_ASSIGNMENT((#7623));
#7575=PRESENTATION_STYLE_ASSIGNMENT((#7624));
#7576=PRESENTATION_STYLE_ASSIGNMENT((#7625));
#7577=PRESENTATION_STYLE_ASSIGNMENT((#7626));
#7578=PRESENTATION_STYLE_ASSIGNMENT((#7627));
#7579=PRESENTATION_STYLE_ASSIGNMENT((#7628));
#7580=PRESENTATION_STYLE_ASSIGNMENT((#7629));
#7581=PRESENTATION_STYLE_ASSIGNMENT((#7630));
#7582=PRESENTATION_STYLE_ASSIGNMENT((#7631));
#7583=PRESENTATION_STYLE_ASSIGNMENT((#7632));
#7584=PRESENTATION_STYLE_ASSIGNMENT((#7633));
#7585=PRESENTATION_STYLE_ASSIGNMENT((#7634));
#7586=PRESENTATION_STYLE_ASSIGNMENT((#7635));
#7587=PRESENTATION_STYLE_ASSIGNMENT((#7636));
#7588=PRESENTATION_STYLE_ASSIGNMENT((#7637));
#7589=PRESENTATION_STYLE_ASSIGNMENT((#7638));
#7590=PRESENTATION_STYLE_ASSIGNMENT((#7639));
#7591=PRESENTATION_STYLE_ASSIGNMENT((#7640));
#7592=PRESENTATION_STYLE_ASSIGNMENT((#7641));
#7593=PRESENTATION_STYLE_ASSIGNMENT((#7642));
#7594=PRESENTATION_STYLE_ASSIGNMENT((#7643));
#7595=PRESENTATION_STYLE_ASSIGNMENT((#7644));
#7596=SURFACE_STYLE_USAGE(.BOTH.,#7645);
#7597=SURFACE_STYLE_USAGE(.BOTH.,#7646);
#7598=SURFACE_STYLE_USAGE(.BOTH.,#7647);
#7599=SURFACE_STYLE_USAGE(.BOTH.,#7648);
#7600=SURFACE_STYLE_USAGE(.BOTH.,#7649);
#7601=SURFACE_STYLE_USAGE(.BOTH.,#7650);
#7602=SURFACE_STYLE_USAGE(.BOTH.,#7651);
#7603=SURFACE_STYLE_USAGE(.BOTH.,#7652);
#7604=SURFACE_STYLE_USAGE(.BOTH.,#7653);
#7605=SURFACE_STYLE_USAGE(.BOTH.,#7654);
#7606=SURFACE_STYLE_USAGE(.BOTH.,#7655);
#7607=SURFACE_STYLE_USAGE(.BOTH.,#7656);
#7608=SURFACE_STYLE_USAGE(.BOTH.,#7657);
#7609=SURFACE_STYLE_USAGE(.BOTH.,#7658);
#7610=SURFACE_STYLE_USAGE(.BOTH.,#7659);
#7611=SURFACE_STYLE_USAGE(.BOTH.,#7660);
#7612=SURFACE_STYLE_USAGE(.BOTH.,#7661);
#7613=SURFACE_STYLE_USAGE(.BOTH.,#7662);
#7614=SURFACE_STYLE_USAGE(.BOTH.,#7663);
#7615=SURFACE_STYLE_USAGE(.BOTH.,#7664);
#7616=SURFACE_STYLE_USAGE(.BOTH.,#7665);
#7617=SURFACE_STYLE_USAGE(.BOTH.,#7666);
#7618=SURFACE_STYLE_USAGE(.BOTH.,#7667);
#7619=SURFACE_STYLE_USAGE(.BOTH.,#7668);
#7620=SURFACE_STYLE_USAGE(.BOTH.,#7669);
#7621=SURFACE_STYLE_USAGE(.BOTH.,#7670);
#7622=SURFACE_STYLE_USAGE(.BOTH.,#7671);
#7623=SURFACE_STYLE_USAGE(.BOTH.,#7672);
#7624=SURFACE_STYLE_USAGE(.BOTH.,#7673);
#7625=SURFACE_STYLE_USAGE(.BOTH.,#7674);
#7626=SURFACE_STYLE_USAGE(.BOTH.,#7675);
#7627=SURFACE_STYLE_USAGE(.BOTH.,#7676);
#7628=SURFACE_STYLE_USAGE(.BOTH.,#7677);
#7629=SURFACE_STYLE_USAGE(.BOTH.,#7678);
#7630=SURFACE_STYLE_USAGE(.BOTH.,#7679);
#7631=SURFACE_STYLE_USAGE(.BOTH.,#7680);
#7632=SURFACE_STYLE_USAGE(.BOTH.,#7681);
#7633=SURFACE_STYLE_USAGE(.BOTH.,#7682);
#7634=SURFACE_STYLE_USAGE(.BOTH.,#7683);
#7635=SURFACE_STYLE_USAGE(.BOTH.,#7684);
#7636=SURFACE_STYLE_USAGE(.BOTH.,#7685);
#7637=SURFACE_STYLE_USAGE(.BOTH.,#7686);
#7638=SURFACE_STYLE_USAGE(.BOTH.,#7687);
#7639=SURFACE_STYLE_USAGE(.BOTH.,#7688);
#7640=SURFACE_STYLE_USAGE(.BOTH.,#7689);
#7641=SURFACE_STYLE_USAGE(.BOTH.,#7690);
#7642=SURFACE_STYLE_USAGE(.BOTH.,#7691);
#7643=SURFACE_STYLE_USAGE(.BOTH.,#7692);
#7644=SURFACE_STYLE_USAGE(.BOTH.,#7693);
#7645=SURFACE_SIDE_STYLE('',(#7694));
#7646=SURFACE_SIDE_STYLE('',(#7695));
#7647=SURFACE_SIDE_STYLE('',(#7696));
#7648=SURFACE_SIDE_STYLE('',(#7697));
#7649=SURFACE_SIDE_STYLE('',(#7698));
#7650=SURFACE_SIDE_STYLE('',(#7699));
#7651=SURFACE_SIDE_STYLE('',(#7700));
#7652=SURFACE_SIDE_STYLE('',(#7701));
#7653=SURFACE_SIDE_STYLE('',(#7702));
#7654=SURFACE_SIDE_STYLE('',(#7703));
#7655=SURFACE_SIDE_STYLE('',(#7704));
#7656=SURFACE_SIDE_STYLE('',(#7705));
#7657=SURFACE_SIDE_STYLE('',(#7706));
#7658=SURFACE_SIDE_STYLE('',(#7707));
#7659=SURFACE_SIDE_STYLE('',(#7708));
#7660=SURFACE_SIDE_STYLE('',(#7709));
#7661=SURFACE_SIDE_STYLE('',(#7710));
#7662=SURFACE_SIDE_STYLE('',(#7711));
#7663=SURFACE_SIDE_STYLE('',(#7712));
#7664=SURFACE_SIDE_STYLE('',(#7713));
#7665=SURFACE_SIDE_STYLE('',(#7714));
#7666=SURFACE_SIDE_STYLE('',(#7715));
#7667=SURFACE_SIDE_STYLE('',(#7716));
#7668=SURFACE_SIDE_STYLE('',(#7717));
#7669=SURFACE_SIDE_STYLE('',(#7718));
#7670=SURFACE_SIDE_STYLE('',(#7719));
#7671=SURFACE_SIDE_STYLE('',(#7720));
#7672=SURFACE_SIDE_STYLE('',(#7721));
#7673=SURFACE_SIDE_STYLE('',(#7722));
#7674=SURFACE_SIDE_STYLE('',(#7723));
#7675=SURFACE_SIDE_STYLE('',(#7724));
#7676=SURFACE_SIDE_STYLE('',(#7725));
#7677=SURFACE_SIDE_STYLE('',(#7726));
#7678=SURFACE_SIDE_STYLE('',(#7727));
#7679=SURFACE_SIDE_STYLE('',(#7728));
#7680=SURFACE_SIDE_STYLE('',(#7729));
#7681=SURFACE_SIDE_STYLE('',(#7730));
#7682=SURFACE_SIDE_STYLE('',(#7731));
#7683=SURFACE_SIDE_STYLE('',(#7732));
#7684=SURFACE_SIDE_STYLE('',(#7733));
#7685=SURFACE_SIDE_STYLE('',(#7734));
#7686=SURFACE_SIDE_STYLE('',(#7735));
#7687=SURFACE_SIDE_STYLE('',(#7736));
#7688=SURFACE_SIDE_STYLE('',(#7737));
#7689=SURFACE_SIDE_STYLE('',(#7738));
#7690=SURFACE_SIDE_STYLE('',(#7739));
#7691=SURFACE_SIDE_STYLE('',(#7740));
#7692=SURFACE_SIDE_STYLE('',(#7741));
#7693=SURFACE_SIDE_STYLE('',(#7742));
#7694=SURFACE_STYLE_FILL_AREA(#7743);
#7695=SURFACE_STYLE_FILL_AREA(#7744);
#7696=SURFACE_STYLE_FILL_AREA(#7745);
#7697=SURFACE_STYLE_FILL_AREA(#7746);
#7698=SURFACE_STYLE_FILL_AREA(#7747);
#7699=SURFACE_STYLE_FILL_AREA(#7748);
#7700=SURFACE_STYLE_FILL_AREA(#7749);
#7701=SURFACE_STYLE_FILL_AREA(#7750);
#7702=SURFACE_STYLE_FILL_AREA(#7751);
#7703=SURFACE_STYLE_FILL_AREA(#7752);
#7704=SURFACE_STYLE_FILL_AREA(#7753);
#7705=SURFACE_STYLE_FILL_AREA(#7754);
#7706=SURFACE_STYLE_FILL_AREA(#7755);
#7707=SURFACE_STYLE_FILL_AREA(#7756);
#7708=SURFACE_STYLE_FILL_AREA(#7757);
#7709=SURFACE_STYLE_FILL_AREA(#7758);
#7710=SURFACE_STYLE_FILL_AREA(#7759);
#7711=SURFACE_STYLE_FILL_AREA(#7760);
#7712=SURFACE_STYLE_FILL_AREA(#7761);
#7713=SURFACE_STYLE_FILL_AREA(#7762);
#7714=SURFACE_STYLE_FILL_AREA(#7763);
#7715=SURFACE_STYLE_FILL_AREA(#7764);
#7716=SURFACE_STYLE_FILL_AREA(#7765);
#7717=SURFACE_STYLE_FILL_AREA(#7766);
#7718=SURFACE_STYLE_FILL_AREA(#7767);
#7719=SURFACE_STYLE_FILL_AREA(#7768);
#7720=SURFACE_STYLE_FILL_AREA(#7769);
#7721=SURFACE_STYLE_FILL_AREA(#7770);
#7722=SURFACE_STYLE_FILL_AREA(#7771);
#7723=SURFACE_STYLE_FILL_AREA(#7772);
#7724=SURFACE_STYLE_FILL_AREA(#7773);
#7725=SURFACE_STYLE_FILL_AREA(#7774);
#7726=SURFACE_STYLE_FILL_AREA(#7775);
#7727=SURFACE_STYLE_FILL_AREA(#7776);
#7728=SURFACE_STYLE_FILL_AREA(#7777);
#7729=SURFACE_STYLE_FILL_AREA(#7778);
#7730=SURFACE_STYLE_FILL_AREA(#7779);
#7731=SURFACE_STYLE_FILL_AREA(#7780);
#7732=SURFACE_STYLE_FILL_AREA(#7781);
#7733=SURFACE_STYLE_FILL_AREA(#7782);
#7734=SURFACE_STYLE_FILL_AREA(#7783);
#7735=SURFACE_STYLE_FILL_AREA(#7784);
#7736=SURFACE_STYLE_FILL_AREA(#7785);
#7737=SURFACE_STYLE_FILL_AREA(#7786);
#7738=SURFACE_STYLE_FILL_AREA(#7787);
#7739=SURFACE_STYLE_FILL_AREA(#7788);
#7740=SURFACE_STYLE_FILL_AREA(#7789);
#7741=SURFACE_STYLE_FILL_AREA(#7790);
#7742=SURFACE_STYLE_FILL_AREA(#7791);
#7743=FILL_AREA_STYLE('',(#7792));
#7744=FILL_AREA_STYLE('',(#7793));
#7745=FILL_AREA_STYLE('',(#7794));
#7746=FILL_AREA_STYLE('',(#7795));
#7747=FILL_AREA_STYLE('',(#7796));
#7748=FILL_AREA_STYLE('',(#7797));
#7749=FILL_AREA_STYLE('',(#7798));
#7750=FILL_AREA_STYLE('',(#7799));
#7751=FILL_AREA_STYLE('',(#7800));
#7752=FILL_AREA_STYLE('',(#7801));
#7753=FILL_AREA_STYLE('',(#7802));
#7754=FILL_AREA_STYLE('',(#7803));
#7755=FILL_AREA_STYLE('',(#7804));
#7756=FILL_AREA_STYLE('',(#7805));
#7757=FILL_AREA_STYLE('',(#7806));
#7758=FILL_AREA_STYLE('',(#7807));
#7759=FILL_AREA_STYLE('',(#7808));
#7760=FILL_AREA_STYLE('',(#7809));
#7761=FILL_AREA_STYLE('',(#7810));
#7762=FILL_AREA_STYLE('',(#7811));
#7763=FILL_AREA_STYLE('',(#7812));
#7764=FILL_AREA_STYLE('',(#7813));
#7765=FILL_AREA_STYLE('',(#7814));
#7766=FILL_AREA_STYLE('',(#7815));
#7767=FILL_AREA_STYLE('',(#7816));
#7768=FILL_AREA_STYLE('',(#7817));
#7769=FILL_AREA_STYLE('',(#7818));
#7770=FILL_AREA_STYLE('',(#7819));
#7771=FILL_AREA_STYLE('',(#7820));
#7772=FILL_AREA_STYLE('',(#7821));
#7773=FILL_AREA_STYLE('',(#7822));
#7774=FILL_AREA_STYLE('',(#7823));
#7775=FILL_AREA_STYLE('',(#7824));
#7776=FILL_AREA_STYLE('',(#7825));
#7777=FILL_AREA_STYLE('',(#7826));
#7778=FILL_AREA_STYLE('',(#7827));
#7779=FILL_AREA_STYLE('',(#7828));
#7780=FILL_AREA_STYLE('',(#7829));
#7781=FILL_AREA_STYLE('',(#7830));
#7782=FILL_AREA_STYLE('',(#7831));
#7783=FILL_AREA_STYLE('',(#7832));
#7784=FILL_AREA_STYLE('',(#7833));
#7785=FILL_AREA_STYLE('',(#7834));
#7786=FILL_AREA_STYLE('',(#7835));
#7787=FILL_AREA_STYLE('',(#7836));
#7788=FILL_AREA_STYLE('',(#7837));
#7789=FILL_AREA_STYLE('',(#7838));
#7790=FILL_AREA_STYLE('',(#7839));
#7791=FILL_AREA_STYLE('',(#7840));
#7792=FILL_AREA_STYLE_COLOUR('',#7841);
#7793=FILL_AREA_STYLE_COLOUR('',#7841);
#7794=FILL_AREA_STYLE_COLOUR('',#10);
#7795=FILL_AREA_STYLE_COLOUR('',#7842);
#7796=FILL_AREA_STYLE_COLOUR('',#10);
#7797=FILL_AREA_STYLE_COLOUR('',#7843);
#7798=FILL_AREA_STYLE_COLOUR('',#7843);
#7799=FILL_AREA_STYLE_COLOUR('',#7843);
#7800=FILL_AREA_STYLE_COLOUR('',#7844);
#7801=FILL_AREA_STYLE_COLOUR('',#7843);
#7802=FILL_AREA_STYLE_COLOUR('',#7844);
#7803=FILL_AREA_STYLE_COLOUR('',#7844);
#7804=FILL_AREA_STYLE_COLOUR('',#7844);
#7805=FILL_AREA_STYLE_COLOUR('',#7843);
#7806=FILL_AREA_STYLE_COLOUR('',#7844);
#7807=FILL_AREA_STYLE_COLOUR('',#7843);
#7808=FILL_AREA_STYLE_COLOUR('',#7844);
#7809=FILL_AREA_STYLE_COLOUR('',#7844);
#7810=FILL_AREA_STYLE_COLOUR('',#7843);
#7811=FILL_AREA_STYLE_COLOUR('',#7845);
#7812=FILL_AREA_STYLE_COLOUR('',#7843);
#7813=FILL_AREA_STYLE_COLOUR('',#7843);
#7814=FILL_AREA_STYLE_COLOUR('',#7842);
#7815=FILL_AREA_STYLE_COLOUR('',#7843);
#7816=FILL_AREA_STYLE_COLOUR('',#7845);
#7817=FILL_AREA_STYLE_COLOUR('',#7843);
#7818=FILL_AREA_STYLE_COLOUR('',#7843);
#7819=FILL_AREA_STYLE_COLOUR('',#7845);
#7820=FILL_AREA_STYLE_COLOUR('',#7843);
#7821=FILL_AREA_STYLE_COLOUR('',#7844);
#7822=FILL_AREA_STYLE_COLOUR('',#7843);
#7823=FILL_AREA_STYLE_COLOUR('',#7844);
#7824=FILL_AREA_STYLE_COLOUR('',#7845);
#7825=FILL_AREA_STYLE_COLOUR('',#7844);
#7826=FILL_AREA_STYLE_COLOUR('',#7842);
#7827=FILL_AREA_STYLE_COLOUR('',#7843);
#7828=FILL_AREA_STYLE_COLOUR('',#7844);
#7829=FILL_AREA_STYLE_COLOUR('',#10);
#7830=FILL_AREA_STYLE_COLOUR('',#7843);
#7831=FILL_AREA_STYLE_COLOUR('',#7844);
#7832=FILL_AREA_STYLE_COLOUR('',#7842);
#7833=FILL_AREA_STYLE_COLOUR('',#7845);
#7834=FILL_AREA_STYLE_COLOUR('',#10);
#7835=FILL_AREA_STYLE_COLOUR('',#7842);
#7836=FILL_AREA_STYLE_COLOUR('',#7841);
#7837=FILL_AREA_STYLE_COLOUR('',#10);
#7838=FILL_AREA_STYLE_COLOUR('',#7845);
#7839=FILL_AREA_STYLE_COLOUR('',#7841);
#7840=FILL_AREA_STYLE_COLOUR('',#7846);
#7841=COLOUR_RGB('',0.105882352941176,0.333333333333334,0.);
#7842=COLOUR_RGB('',0.980392156862745,0.627450980392157,0.);
#7843=COLOUR_RGB('',0.8,0.8,0.8);
#7844=COLOUR_RGB('',0.823529411764706,0.623529411764706,0.0352941176470589);
#7845=COLOUR_RGB('',0.262745098039216,0.282352941176471,0.301960784313725);
#7846=COLOUR_RGB('',0.498039215686275,0.498039215686275,0.498039215686275);
#7847=MANIFOLD_SOLID_BREP('Part 48',#7449);
#7848=MANIFOLD_SOLID_BREP('Part 49',#7450);
#7849=MANIFOLD_SOLID_BREP('Part 3',#7451);
#7850=MANIFOLD_SOLID_BREP('Part 2',#7452);
#7851=MANIFOLD_SOLID_BREP('Part 1',#7453);
#7852=MANIFOLD_SOLID_BREP('Part 23',#7454);
#7853=MANIFOLD_SOLID_BREP('Part 24',#7455);
#7854=MANIFOLD_SOLID_BREP('Part 29',#7456);
#7855=MANIFOLD_SOLID_BREP('Part 6',#7457);
#7856=MANIFOLD_SOLID_BREP('Part 30',#7458);
#7857=MANIFOLD_SOLID_BREP('Part 7',#7459);
#7858=MANIFOLD_SOLID_BREP('Part 8',#7460);
#7859=MANIFOLD_SOLID_BREP('Part 9',#7461);
#7860=MANIFOLD_SOLID_BREP('Part 44',#7462);
#7861=MANIFOLD_SOLID_BREP('Part 10',#7463);
#7862=MANIFOLD_SOLID_BREP('Part 45',#7464);
#7863=MANIFOLD_SOLID_BREP('Part 25',#7465);
#7864=MANIFOLD_SOLID_BREP('Cap1',#7466);
#7865=MANIFOLD_SOLID_BREP('Part 26',#7467);
#7866=MANIFOLD_SOLID_BREP('Part 31',#7468);
#7867=MANIFOLD_SOLID_BREP('Part 27',#7469);
#7868=MANIFOLD_SOLID_BREP('Part 32',#7470);
#7869=MANIFOLD_SOLID_BREP('Part 4',#7471);
#7870=MANIFOLD_SOLID_BREP('Part 33',#7472);
#7871=MANIFOLD_SOLID_BREP('Part 34',#7473);
#7872=MANIFOLD_SOLID_BREP('Part 35',#7474);
#7873=MANIFOLD_SOLID_BREP('Part 36',#7475);
#7874=MANIFOLD_SOLID_BREP('Part 37',#7476);
#7875=MANIFOLD_SOLID_BREP('Part 38',#7477);
#7876=MANIFOLD_SOLID_BREP('Part 1',#7478);
#7877=MANIFOLD_SOLID_BREP('Part 39',#7479);
#7878=MANIFOLD_SOLID_BREP('Part 2',#7480);
#7879=MANIFOLD_SOLID_BREP('Part 40',#7481);
#7880=MANIFOLD_SOLID_BREP('Part 3',#7482);
#7881=MANIFOLD_SOLID_BREP('Part 10',#7483);
#7882=MANIFOLD_SOLID_BREP('Part 41',#7484);
#7883=MANIFOLD_SOLID_BREP('Part 4',#7485);
#7884=MANIFOLD_SOLID_BREP('Part 9',#7486);
#7885=MANIFOLD_SOLID_BREP('Part 42',#7487);
#7886=MANIFOLD_SOLID_BREP('Part 5',#7488);
#7887=MANIFOLD_SOLID_BREP('Part 8',#7489);
#7888=MANIFOLD_SOLID_BREP('Part 43',#7490);
#7889=MANIFOLD_SOLID_BREP('Part 7',#7491);
#7890=MANIFOLD_SOLID_BREP('Part 6',#7492);
#7891=MANIFOLD_SOLID_BREP('Part 46',#7493);
#7892=MANIFOLD_SOLID_BREP('Part 5',#7494);
#7893=MANIFOLD_SOLID_BREP('Part 28',#7495);
#7894=MANIFOLD_SOLID_BREP('Part 47',#7496);
#7895=MANIFOLD_SOLID_BREP('Part 11',#7497);
#7896=SHAPE_DEFINITION_REPRESENTATION(#13262,#7945);
#7897=SHAPE_DEFINITION_REPRESENTATION(#13263,#7946);
#7898=SHAPE_DEFINITION_REPRESENTATION(#13264,#7947);
#7899=SHAPE_DEFINITION_REPRESENTATION(#13265,#7948);
#7900=SHAPE_DEFINITION_REPRESENTATION(#13266,#7949);
#7901=SHAPE_DEFINITION_REPRESENTATION(#13267,#7950);
#7902=SHAPE_DEFINITION_REPRESENTATION(#13268,#7951);
#7903=SHAPE_DEFINITION_REPRESENTATION(#13269,#7952);
#7904=SHAPE_DEFINITION_REPRESENTATION(#13270,#7953);
#7905=SHAPE_DEFINITION_REPRESENTATION(#13271,#7954);
#7906=SHAPE_DEFINITION_REPRESENTATION(#13272,#7955);
#7907=SHAPE_DEFINITION_REPRESENTATION(#13273,#7956);
#7908=SHAPE_DEFINITION_REPRESENTATION(#13274,#7957);
#7909=SHAPE_DEFINITION_REPRESENTATION(#13275,#7958);
#7910=SHAPE_DEFINITION_REPRESENTATION(#13276,#7959);
#7911=SHAPE_DEFINITION_REPRESENTATION(#13277,#7960);
#7912=SHAPE_DEFINITION_REPRESENTATION(#13278,#7961);
#7913=SHAPE_DEFINITION_REPRESENTATION(#13279,#7962);
#7914=SHAPE_DEFINITION_REPRESENTATION(#13280,#7963);
#7915=SHAPE_DEFINITION_REPRESENTATION(#13281,#7964);
#7916=SHAPE_DEFINITION_REPRESENTATION(#13282,#7965);
#7917=SHAPE_DEFINITION_REPRESENTATION(#13283,#7966);
#7918=SHAPE_DEFINITION_REPRESENTATION(#13284,#7967);
#7919=SHAPE_DEFINITION_REPRESENTATION(#13285,#7968);
#7920=SHAPE_DEFINITION_REPRESENTATION(#13286,#7969);
#7921=SHAPE_DEFINITION_REPRESENTATION(#13287,#7970);
#7922=SHAPE_DEFINITION_REPRESENTATION(#13288,#7971);
#7923=SHAPE_DEFINITION_REPRESENTATION(#13289,#7972);
#7924=SHAPE_DEFINITION_REPRESENTATION(#13290,#7973);
#7925=SHAPE_DEFINITION_REPRESENTATION(#13291,#7974);
#7926=SHAPE_DEFINITION_REPRESENTATION(#13292,#7975);
#7927=SHAPE_DEFINITION_REPRESENTATION(#13293,#7976);
#7928=SHAPE_DEFINITION_REPRESENTATION(#13294,#7977);
#7929=SHAPE_DEFINITION_REPRESENTATION(#13295,#7978);
#7930=SHAPE_DEFINITION_REPRESENTATION(#13296,#7979);
#7931=SHAPE_DEFINITION_REPRESENTATION(#13297,#7980);
#7932=SHAPE_DEFINITION_REPRESENTATION(#13298,#7981);
#7933=SHAPE_DEFINITION_REPRESENTATION(#13299,#7982);
#7934=SHAPE_DEFINITION_REPRESENTATION(#13300,#7983);
#7935=SHAPE_DEFINITION_REPRESENTATION(#13301,#7984);
#7936=SHAPE_DEFINITION_REPRESENTATION(#13302,#7985);
#7937=SHAPE_DEFINITION_REPRESENTATION(#13303,#7986);
#7938=SHAPE_DEFINITION_REPRESENTATION(#13304,#7987);
#7939=SHAPE_DEFINITION_REPRESENTATION(#13305,#7988);
#7940=SHAPE_DEFINITION_REPRESENTATION(#13306,#7989);
#7941=SHAPE_DEFINITION_REPRESENTATION(#13307,#7990);
#7942=SHAPE_DEFINITION_REPRESENTATION(#13308,#7991);
#7943=SHAPE_DEFINITION_REPRESENTATION(#13309,#7992);
#7944=SHAPE_DEFINITION_REPRESENTATION(#13310,#7993);
#7945=SHAPE_REPRESENTATION('Part 48',(#7994),#13017);
#7946=SHAPE_REPRESENTATION('Part 49',(#8021),#13018);
#7947=SHAPE_REPRESENTATION('Part 3',(#8066),#13019);
#7948=SHAPE_REPRESENTATION('Part 2',(#8077),#13020);
#7949=SHAPE_REPRESENTATION('Part 1',(#8092),#13021);
#7950=SHAPE_REPRESENTATION('Part 23',(#8103),#13022);
#7951=SHAPE_REPRESENTATION('Part 24',(#8110),#13023);
#7952=SHAPE_REPRESENTATION('Part 29',(#8117),#13024);
#7953=SHAPE_REPRESENTATION('Part 6',(#8124),#13025);
#7954=SHAPE_REPRESENTATION('Part 30',(#8133),#13026);
#7955=SHAPE_REPRESENTATION('Part 7',(#8140),#13027);
#7956=SHAPE_REPRESENTATION('Part 8',(#8150),#13028);
#7957=SHAPE_REPRESENTATION('Part 9',(#8160),#13029);
#7958=SHAPE_REPRESENTATION('Part 44',(#8170),#13030);
#7959=SHAPE_REPRESENTATION('Part 10',(#8177),#13031);
#7960=SHAPE_REPRESENTATION('Part 45',(#8187),#13032);
#7961=SHAPE_REPRESENTATION('Part 25',(#8194),#13033);
#7962=SHAPE_REPRESENTATION('Cap1',(#8201),#13034);
#7963=SHAPE_REPRESENTATION('Part 26',(#8208),#13035);
#7964=SHAPE_REPRESENTATION('Part 31',(#8215),#13036);
#7965=SHAPE_REPRESENTATION('Part 27',(#8222),#13037);
#7966=SHAPE_REPRESENTATION('Part 32',(#8229),#13038);
#7967=SHAPE_REPRESENTATION('Part 4',(#8236),#13039);
#7968=SHAPE_REPRESENTATION('Part 33',(#8251),#13040);
#7969=SHAPE_REPRESENTATION('Part 34',(#8258),#13041);
#7970=SHAPE_REPRESENTATION('Part 35',(#8265),#13042);
#7971=SHAPE_REPRESENTATION('Part 36',(#8272),#13043);
#7972=SHAPE_REPRESENTATION('Part 37',(#8279),#13044);
#7973=SHAPE_REPRESENTATION('Part 38',(#8286),#13045);
#7974=SHAPE_REPRESENTATION('Part 1',(#8293),#13046);
#7975=SHAPE_REPRESENTATION('Part 39',(#8302),#13047);
#7976=SHAPE_REPRESENTATION('Part 2',(#8309),#13048);
#7977=SHAPE_REPRESENTATION('Part 40',(#8319),#13049);
#7978=SHAPE_REPRESENTATION('Part 3',(#8326),#13050);
#7979=SHAPE_REPRESENTATION('Part 10',(#8336),#13051);
#7980=SHAPE_REPRESENTATION('Part 41',(#8351),#13052);
#7981=SHAPE_REPRESENTATION('Part 4',(#8358),#13053);
#7982=SHAPE_REPRESENTATION('Part 9',(#8368),#13054);
#7983=SHAPE_REPRESENTATION('Part 42',(#8379),#13055);
#7984=SHAPE_REPRESENTATION('Part 5',(#8386),#13056);
#7985=SHAPE_REPRESENTATION('Part 8',(#8396),#13057);
#7986=SHAPE_REPRESENTATION('Part 43',(#8411),#13058);
#7987=SHAPE_REPRESENTATION('Part 7',(#8418),#13059);
#7988=SHAPE_REPRESENTATION('Part 6',(#8429),#13060);
#7989=SHAPE_REPRESENTATION('Part 46',(#8444),#13061);
#7990=SHAPE_REPRESENTATION('Part 5',(#8574),#13062);
#7991=SHAPE_REPRESENTATION('Part 28',(#8585),#13063);
#7992=SHAPE_REPRESENTATION('Part 47',(#8592),#13064);
#7993=SHAPE_REPRESENTATION('Part 11',(#8607),#13065);
#7994=AXIS2_PLACEMENT_3D('',#10714,#8626,#8627);
#7995=AXIS2_PLACEMENT_3D('',#10715,#8628,#8629);
#7996=AXIS2_PLACEMENT_3D('',#10727,#8633,#8634);
#7997=AXIS2_PLACEMENT_3D('',#10729,#8635,#8636);
#7998=AXIS2_PLACEMENT_3D('',#10731,#8637,#8638);
#7999=AXIS2_PLACEMENT_3D('',#10733,#8639,#8640);
#8000=AXIS2_PLACEMENT_3D('',#10735,#8641,#8642);
#8001=AXIS2_PLACEMENT_3D('',#10737,#8643,#8644);
#8002=AXIS2_PLACEMENT_3D('',#10739,#8645,#8646);
#8003=AXIS2_PLACEMENT_3D('',#10740,#8647,#8648);
#8004=AXIS2_PLACEMENT_3D('',#10743,#8650,#8651);
#8005=AXIS2_PLACEMENT_3D('',#10746,#8653,#8654);
#8006=AXIS2_PLACEMENT_3D('',#10749,#8656,#8657);
#8007=AXIS2_PLACEMENT_3D('',#10750,#8658,#8659);
#8008=AXIS2_PLACEMENT_3D('',#10753,#8661,#8662);
#8009=AXIS2_PLACEMENT_3D('',#10754,#8663,#8664);
#8010=AXIS2_PLACEMENT_3D('',#10757,#8666,#8667);
#8011=AXIS2_PLACEMENT_3D('',#10758,#8668,#8669);
#8012=AXIS2_PLACEMENT_3D('',#10761,#8671,#8672);
#8013=AXIS2_PLACEMENT_3D('',#10762,#8673,#8674);
#8014=AXIS2_PLACEMENT_3D('',#10765,#8676,#8677);
#8015=AXIS2_PLACEMENT_3D('',#10766,#8678,#8679);
#8016=AXIS2_PLACEMENT_3D('',#10769,#8681,#8682);
#8017=AXIS2_PLACEMENT_3D('',#10783,#8684,#8685);
#8018=AXIS2_PLACEMENT_3D('',#10787,#8688,#8689);
#8019=AXIS2_PLACEMENT_3D('',#10791,#8692,#8693);
#8020=AXIS2_PLACEMENT_3D('',#10793,#8695,#8696);
#8021=AXIS2_PLACEMENT_3D('',#10794,#8697,#8698);
#8022=AXIS2_PLACEMENT_3D('',#10795,#8699,#8700);
#8023=AXIS2_PLACEMENT_3D('',#10796,#8701,#8702);
#8024=AXIS2_PLACEMENT_3D('',#10799,#8703,#8704);
#8025=AXIS2_PLACEMENT_3D('',#10801,#8705,#8706);
#8026=AXIS2_PLACEMENT_3D('',#10803,#8707,#8708);
#8027=AXIS2_PLACEMENT_3D('',#10805,#8709,#8710);
#8028=AXIS2_PLACEMENT_3D('',#10811,#8711,#8712);
#8029=AXIS2_PLACEMENT_3D('',#10813,#8713,#8714);
#8030=AXIS2_PLACEMENT_3D('',#10815,#8715,#8716);
#8031=AXIS2_PLACEMENT_3D('',#10817,#8717,#8718);
#8032=AXIS2_PLACEMENT_3D('',#10819,#8719,#8720);
#8033=AXIS2_PLACEMENT_3D('',#10821,#8721,#8722);
#8034=AXIS2_PLACEMENT_3D('',#10823,#8723,#8724);
#8035=AXIS2_PLACEMENT_3D('',#10829,#8725,#8726);
#8036=AXIS2_PLACEMENT_3D('',#10831,#8727,#8728);
#8037=AXIS2_PLACEMENT_3D('',#10832,#8729,#8730);
#8038=AXIS2_PLACEMENT_3D('',#10835,#8732,#8733);
#8039=AXIS2_PLACEMENT_3D('',#10838,#8735,#8736);
#8040=AXIS2_PLACEMENT_3D('',#10841,#8738,#8739);
#8041=AXIS2_PLACEMENT_3D('',#10855,#8741,#8742);
#8042=AXIS2_PLACEMENT_3D('',#10858,#8744,#8745);
#8043=AXIS2_PLACEMENT_3D('',#10859,#8746,#8747);
#8044=AXIS2_PLACEMENT_3D('',#10862,#8749,#8750);
#8045=AXIS2_PLACEMENT_3D('',#10863,#8751,#8752);
#8046=AXIS2_PLACEMENT_3D('',#10866,#8754,#8755);
#8047=AXIS2_PLACEMENT_3D('',#10867,#8756,#8757);
#8048=AXIS2_PLACEMENT_3D('',#10870,#8759,#8760);
#8049=AXIS2_PLACEMENT_3D('',#10871,#8761,#8762);
#8050=AXIS2_PLACEMENT_3D('',#10874,#8764,#8765);
#8051=AXIS2_PLACEMENT_3D('',#10875,#8766,#8767);
#8052=AXIS2_PLACEMENT_3D('',#10878,#8769,#8770);
#8053=AXIS2_PLACEMENT_3D('',#10879,#8771,#8772);
#8054=AXIS2_PLACEMENT_3D('',#10882,#8774,#8775);
#8055=AXIS2_PLACEMENT_3D('',#10896,#8777,#8778);
#8056=AXIS2_PLACEMENT_3D('',#10899,#8780,#8781);
#8057=AXIS2_PLACEMENT_3D('',#10900,#8782,#8783);
#8058=AXIS2_PLACEMENT_3D('',#10903,#8785,#8786);
#8059=AXIS2_PLACEMENT_3D('',#10904,#8787,#8788);
#8060=AXIS2_PLACEMENT_3D('',#10907,#8790,#8791);
#8061=AXIS2_PLACEMENT_3D('',#10908,#8792,#8793);
#8062=AXIS2_PLACEMENT_3D('',#10911,#8795,#8796);
#8063=AXIS2_PLACEMENT_3D('',#10912,#8797,#8798);
#8064=AXIS2_PLACEMENT_3D('',#10913,#8799,#8800);
#8065=AXIS2_PLACEMENT_3D('',#10914,#8801,#8802);
#8066=AXIS2_PLACEMENT_3D('',#10915,#8803,#8804);
#8067=AXIS2_PLACEMENT_3D('',#10916,#8805,#8806);
#8068=AXIS2_PLACEMENT_3D('',#10925,#8811,#8812);
#8069=AXIS2_PLACEMENT_3D('',#10931,#8816,#8817);
#8070=AXIS2_PLACEMENT_3D('',#10937,#8821,#8822);
#8071=AXIS2_PLACEMENT_3D('',#10943,#8826,#8827);
#8072=AXIS2_PLACEMENT_3D('',#10949,#8831,#8832);
#8073=AXIS2_PLACEMENT_3D('',#10955,#8836,#8837);
#8074=AXIS2_PLACEMENT_3D('',#10961,#8841,#8842);
#8075=AXIS2_PLACEMENT_3D('',#10964,#8845,#8846);
#8076=AXIS2_PLACEMENT_3D('',#10965,#8847,#8848);
#8077=AXIS2_PLACEMENT_3D('',#10966,#8849,#8850);
#8078=AXIS2_PLACEMENT_3D('',#10967,#8851,#8852);
#8079=AXIS2_PLACEMENT_3D('',#10976,#8857,#8858);
#8080=AXIS2_PLACEMENT_3D('',#10982,#8862,#8863);
#8081=AXIS2_PLACEMENT_3D('',#10988,#8867,#8868);
#8082=AXIS2_PLACEMENT_3D('',#10991,#8871,#8872);
#8083=AXIS2_PLACEMENT_3D('',#11000,#8877,#8878);
#8084=AXIS2_PLACEMENT_3D('',#11009,#8883,#8884);
#8085=AXIS2_PLACEMENT_3D('',#11012,#8887,#8888);
#8086=AXIS2_PLACEMENT_3D('',#11014,#8890,#8891);
#8087=AXIS2_PLACEMENT_3D('',#11016,#8893,#8894);
#8088=AXIS2_PLACEMENT_3D('',#11017,#8895,#8896);
#8089=AXIS2_PLACEMENT_3D('',#11020,#8899,#8900);
#8090=AXIS2_PLACEMENT_3D('',#11022,#8902,#8903);
#8091=AXIS2_PLACEMENT_3D('',#11024,#8905,#8906);
#8092=AXIS2_PLACEMENT_3D('',#11025,#8907,#8908);
#8093=AXIS2_PLACEMENT_3D('',#11026,#8909,#8910);
#8094=AXIS2_PLACEMENT_3D('',#11035,#8915,#8916);
#8095=AXIS2_PLACEMENT_3D('',#11041,#8920,#8921);
#8096=AXIS2_PLACEMENT_3D('',#11047,#8925,#8926);
#8097=AXIS2_PLACEMENT_3D('',#11053,#8930,#8931);
#8098=AXIS2_PLACEMENT_3D('',#11059,#8935,#8936);
#8099=AXIS2_PLACEMENT_3D('',#11065,#8940,#8941);
#8100=AXIS2_PLACEMENT_3D('',#11071,#8945,#8946);
#8101=AXIS2_PLACEMENT_3D('',#11074,#8949,#8950);
#8102=AXIS2_PLACEMENT_3D('',#11075,#8951,#8952);
#8103=AXIS2_PLACEMENT_3D('',#11076,#8953,#8954);
#8104=AXIS2_PLACEMENT_3D('',#11077,#8955,#8956);
#8105=AXIS2_PLACEMENT_3D('',#11086,#8961,#8962);
#8106=AXIS2_PLACEMENT_3D('',#11092,#8966,#8967);
#8107=AXIS2_PLACEMENT_3D('',#11098,#8971,#8972);
#8108=AXIS2_PLACEMENT_3D('',#11101,#8975,#8976);
#8109=AXIS2_PLACEMENT_3D('',#11102,#8977,#8978);
#8110=AXIS2_PLACEMENT_3D('',#11103,#8979,#8980);
#8111=AXIS2_PLACEMENT_3D('',#11104,#8981,#8982);
#8112=AXIS2_PLACEMENT_3D('',#11113,#8987,#8988);
#8113=AXIS2_PLACEMENT_3D('',#11119,#8992,#8993);
#8114=AXIS2_PLACEMENT_3D('',#11125,#8997,#8998);
#8115=AXIS2_PLACEMENT_3D('',#11128,#9001,#9002);
#8116=AXIS2_PLACEMENT_3D('',#11129,#9003,#9004);
#8117=AXIS2_PLACEMENT_3D('',#11130,#9005,#9006);
#8118=AXIS2_PLACEMENT_3D('',#11131,#9007,#9008);
#8119=AXIS2_PLACEMENT_3D('',#11140,#9013,#9014);
#8120=AXIS2_PLACEMENT_3D('',#11146,#9018,#9019);
#8121=AXIS2_PLACEMENT_3D('',#11152,#9023,#9024);
#8122=AXIS2_PLACEMENT_3D('',#11155,#9027,#9028);
#8123=AXIS2_PLACEMENT_3D('',#11156,#9029,#9030);
#8124=AXIS2_PLACEMENT_3D('',#11157,#9031,#9032);
#8125=AXIS2_PLACEMENT_3D('',#11158,#9033,#9034);
#8126=AXIS2_PLACEMENT_3D('',#11159,#9035,#9036);
#8127=AXIS2_PLACEMENT_3D('',#11161,#9037,#9038);
#8128=AXIS2_PLACEMENT_3D('',#11163,#9039,#9040);
#8129=AXIS2_PLACEMENT_3D('',#11164,#9041,#9042);
#8130=AXIS2_PLACEMENT_3D('',#11166,#9043,#9044);
#8131=AXIS2_PLACEMENT_3D('',#11168,#9045,#9046);
#8132=AXIS2_PLACEMENT_3D('',#11169,#9047,#9048);
#8133=AXIS2_PLACEMENT_3D('',#11170,#9049,#9050);
#8134=AXIS2_PLACEMENT_3D('',#11171,#9051,#9052);
#8135=AXIS2_PLACEMENT_3D('',#11180,#9057,#9058);
#8136=AXIS2_PLACEMENT_3D('',#11186,#9062,#9063);
#8137=AXIS2_PLACEMENT_3D('',#11192,#9067,#9068);
#8138=AXIS2_PLACEMENT_3D('',#11195,#9071,#9072);
#8139=AXIS2_PLACEMENT_3D('',#11196,#9073,#9074);
#8140=AXIS2_PLACEMENT_3D('',#11197,#9075,#9076);
#8141=AXIS2_PLACEMENT_3D('',#11198,#9077,#9078);
#8142=AXIS2_PLACEMENT_3D('',#11207,#9083,#9084);
#8143=AXIS2_PLACEMENT_3D('',#11213,#9088,#9089);
#8144=AXIS2_PLACEMENT_3D('',#11219,#9093,#9094);
#8145=AXIS2_PLACEMENT_3D('',#11220,#9095,#9096);
#8146=AXIS2_PLACEMENT_3D('',#11222,#9097,#9098);
#8147=AXIS2_PLACEMENT_3D('',#11224,#9099,#9100);
#8148=AXIS2_PLACEMENT_3D('',#11227,#9103,#9104);
#8149=AXIS2_PLACEMENT_3D('',#11228,#9105,#9106);
#8150=AXIS2_PLACEMENT_3D('',#11229,#9107,#9108);
#8151=AXIS2_PLACEMENT_3D('',#11230,#9109,#9110);
#8152=AXIS2_PLACEMENT_3D('',#11239,#9115,#9116);
#8153=AXIS2_PLACEMENT_3D('',#11245,#9120,#9121);
#8154=AXIS2_PLACEMENT_3D('',#11251,#9125,#9126);
#8155=AXIS2_PLACEMENT_3D('',#11252,#9127,#9128);
#8156=AXIS2_PLACEMENT_3D('',#11254,#9129,#9130);
#8157=AXIS2_PLACEMENT_3D('',#11256,#9131,#9132);
#8158=AXIS2_PLACEMENT_3D('',#11259,#9135,#9136);
#8159=AXIS2_PLACEMENT_3D('',#11260,#9137,#9138);
#8160=AXIS2_PLACEMENT_3D('',#11261,#9139,#9140);
#8161=AXIS2_PLACEMENT_3D('',#11262,#9141,#9142);
#8162=AXIS2_PLACEMENT_3D('',#11271,#9147,#9148);
#8163=AXIS2_PLACEMENT_3D('',#11277,#9152,#9153);
#8164=AXIS2_PLACEMENT_3D('',#11283,#9157,#9158);
#8165=AXIS2_PLACEMENT_3D('',#11284,#9159,#9160);
#8166=AXIS2_PLACEMENT_3D('',#11286,#9161,#9162);
#8167=AXIS2_PLACEMENT_3D('',#11288,#9163,#9164);
#8168=AXIS2_PLACEMENT_3D('',#11291,#9167,#9168);
#8169=AXIS2_PLACEMENT_3D('',#11292,#9169,#9170);
#8170=AXIS2_PLACEMENT_3D('',#11293,#9171,#9172);
#8171=AXIS2_PLACEMENT_3D('',#11294,#9173,#9174);
#8172=AXIS2_PLACEMENT_3D('',#11303,#9179,#9180);
#8173=AXIS2_PLACEMENT_3D('',#11309,#9184,#9185);
#8174=AXIS2_PLACEMENT_3D('',#11315,#9189,#9190);
#8175=AXIS2_PLACEMENT_3D('',#11318,#9193,#9194);
#8176=AXIS2_PLACEMENT_3D('',#11319,#9195,#9196);
#8177=AXIS2_PLACEMENT_3D('',#11320,#9197,#9198);
#8178=AXIS2_PLACEMENT_3D('',#11321,#9199,#9200);
#8179=AXIS2_PLACEMENT_3D('',#11330,#9205,#9206);
#8180=AXIS2_PLACEMENT_3D('',#11336,#9210,#9211);
#8181=AXIS2_PLACEMENT_3D('',#11342,#9215,#9216);
#8182=AXIS2_PLACEMENT_3D('',#11343,#9217,#9218);
#8183=AXIS2_PLACEMENT_3D('',#11345,#9219,#9220);
#8184=AXIS2_PLACEMENT_3D('',#11347,#9221,#9222);
#8185=AXIS2_PLACEMENT_3D('',#11350,#9225,#9226);
#8186=AXIS2_PLACEMENT_3D('',#11351,#9227,#9228);
#8187=AXIS2_PLACEMENT_3D('',#11352,#9229,#9230);
#8188=AXIS2_PLACEMENT_3D('',#11353,#9231,#9232);
#8189=AXIS2_PLACEMENT_3D('',#11362,#9237,#9238);
#8190=AXIS2_PLACEMENT_3D('',#11368,#9242,#9243);
#8191=AXIS2_PLACEMENT_3D('',#11374,#9247,#9248);
#8192=AXIS2_PLACEMENT_3D('',#11377,#9251,#9252);
#8193=AXIS2_PLACEMENT_3D('',#11378,#9253,#9254);
#8194=AXIS2_PLACEMENT_3D('',#11379,#9255,#9256);
#8195=AXIS2_PLACEMENT_3D('',#11380,#9257,#9258);
#8196=AXIS2_PLACEMENT_3D('',#11389,#9263,#9264);
#8197=AXIS2_PLACEMENT_3D('',#11395,#9268,#9269);
#8198=AXIS2_PLACEMENT_3D('',#11401,#9273,#9274);
#8199=AXIS2_PLACEMENT_3D('',#11404,#9277,#9278);
#8200=AXIS2_PLACEMENT_3D('',#11405,#9279,#9280);
#8201=AXIS2_PLACEMENT_3D('',#11406,#9281,#9282);
#8202=AXIS2_PLACEMENT_3D('',#11407,#9283,#9284);
#8203=AXIS2_PLACEMENT_3D('',#11416,#9289,#9290);
#8204=AXIS2_PLACEMENT_3D('',#11422,#9294,#9295);
#8205=AXIS2_PLACEMENT_3D('',#11428,#9299,#9300);
#8206=AXIS2_PLACEMENT_3D('',#11431,#9303,#9304);
#8207=AXIS2_PLACEMENT_3D('',#11432,#9305,#9306);
#8208=AXIS2_PLACEMENT_3D('',#11433,#9307,#9308);
#8209=AXIS2_PLACEMENT_3D('',#11434,#9309,#9310);
#8210=AXIS2_PLACEMENT_3D('',#11443,#9315,#9316);
#8211=AXIS2_PLACEMENT_3D('',#11449,#9320,#9321);
#8212=AXIS2_PLACEMENT_3D('',#11455,#9325,#9326);
#8213=AXIS2_PLACEMENT_3D('',#11458,#9329,#9330);
#8214=AXIS2_PLACEMENT_3D('',#11459,#9331,#9332);
#8215=AXIS2_PLACEMENT_3D('',#11460,#9333,#9334);
#8216=AXIS2_PLACEMENT_3D('',#11461,#9335,#9336);
#8217=AXIS2_PLACEMENT_3D('',#11470,#9341,#9342);
#8218=AXIS2_PLACEMENT_3D('',#11476,#9346,#9347);
#8219=AXIS2_PLACEMENT_3D('',#11482,#9351,#9352);
#8220=AXIS2_PLACEMENT_3D('',#11485,#9355,#9356);
#8221=AXIS2_PLACEMENT_3D('',#11486,#9357,#9358);
#8222=AXIS2_PLACEMENT_3D('',#11487,#9359,#9360);
#8223=AXIS2_PLACEMENT_3D('',#11488,#9361,#9362);
#8224=AXIS2_PLACEMENT_3D('',#11497,#9367,#9368);
#8225=AXIS2_PLACEMENT_3D('',#11503,#9372,#9373);
#8226=AXIS2_PLACEMENT_3D('',#11509,#9377,#9378);
#8227=AXIS2_PLACEMENT_3D('',#11512,#9381,#9382);
#8228=AXIS2_PLACEMENT_3D('',#11513,#9383,#9384);
#8229=AXIS2_PLACEMENT_3D('',#11514,#9385,#9386);
#8230=AXIS2_PLACEMENT_3D('',#11515,#9387,#9388);
#8231=AXIS2_PLACEMENT_3D('',#11524,#9393,#9394);
#8232=AXIS2_PLACEMENT_3D('',#11530,#9398,#9399);
#8233=AXIS2_PLACEMENT_3D('',#11536,#9403,#9404);
#8234=AXIS2_PLACEMENT_3D('',#11539,#9407,#9408);
#8235=AXIS2_PLACEMENT_3D('',#11540,#9409,#9410);
#8236=AXIS2_PLACEMENT_3D('',#11541,#9411,#9412);
#8237=AXIS2_PLACEMENT_3D('',#11542,#9413,#9414);
#8238=AXIS2_PLACEMENT_3D('',#11551,#9419,#9420);
#8239=AXIS2_PLACEMENT_3D('',#11557,#9424,#9425);
#8240=AXIS2_PLACEMENT_3D('',#11563,#9429,#9430);
#8241=AXIS2_PLACEMENT_3D('',#11566,#9433,#9434);
#8242=AXIS2_PLACEMENT_3D('',#11575,#9439,#9440);
#8243=AXIS2_PLACEMENT_3D('',#11584,#9445,#9446);
#8244=AXIS2_PLACEMENT_3D('',#11587,#9449,#9450);
#8245=AXIS2_PLACEMENT_3D('',#11589,#9452,#9453);
#8246=AXIS2_PLACEMENT_3D('',#11591,#9455,#9456);
#8247=AXIS2_PLACEMENT_3D('',#11592,#9457,#9458);
#8248=AXIS2_PLACEMENT_3D('',#11595,#9461,#9462);
#8249=AXIS2_PLACEMENT_3D('',#11597,#9464,#9465);
#8250=AXIS2_PLACEMENT_3D('',#11599,#9467,#9468);
#8251=AXIS2_PLACEMENT_3D('',#11600,#9469,#9470);
#8252=AXIS2_PLACEMENT_3D('',#11601,#9471,#9472);
#8253=AXIS2_PLACEMENT_3D('',#11610,#9477,#9478);
#8254=AXIS2_PLACEMENT_3D('',#11616,#9482,#9483);
#8255=AXIS2_PLACEMENT_3D('',#11622,#9487,#9488);
#8256=AXIS2_PLACEMENT_3D('',#11625,#9491,#9492);
#8257=AXIS2_PLACEMENT_3D('',#11626,#9493,#9494);
#8258=AXIS2_PLACEMENT_3D('',#11627,#9495,#9496);
#8259=AXIS2_PLACEMENT_3D('',#11628,#9497,#9498);
#8260=AXIS2_PLACEMENT_3D('',#11637,#9503,#9504);
#8261=AXIS2_PLACEMENT_3D('',#11643,#9508,#9509);
#8262=AXIS2_PLACEMENT_3D('',#11649,#9513,#9514);
#8263=AXIS2_PLACEMENT_3D('',#11652,#9517,#9518);
#8264=AXIS2_PLACEMENT_3D('',#11653,#9519,#9520);
#8265=AXIS2_PLACEMENT_3D('',#11654,#9521,#9522);
#8266=AXIS2_PLACEMENT_3D('',#11655,#9523,#9524);
#8267=AXIS2_PLACEMENT_3D('',#11664,#9529,#9530);
#8268=AXIS2_PLACEMENT_3D('',#11670,#9534,#9535);
#8269=AXIS2_PLACEMENT_3D('',#11676,#9539,#9540);
#8270=AXIS2_PLACEMENT_3D('',#11679,#9543,#9544);
#8271=AXIS2_PLACEMENT_3D('',#11680,#9545,#9546);
#8272=AXIS2_PLACEMENT_3D('',#11681,#9547,#9548);
#8273=AXIS2_PLACEMENT_3D('',#11682,#9549,#9550);
#8274=AXIS2_PLACEMENT_3D('',#11691,#9555,#9556);
#8275=AXIS2_PLACEMENT_3D('',#11697,#9560,#9561);
#8276=AXIS2_PLACEMENT_3D('',#11703,#9565,#9566);
#8277=AXIS2_PLACEMENT_3D('',#11706,#9569,#9570);
#8278=AXIS2_PLACEMENT_3D('',#11707,#9571,#9572);
#8279=AXIS2_PLACEMENT_3D('',#11708,#9573,#9574);
#8280=AXIS2_PLACEMENT_3D('',#11709,#9575,#9576);
#8281=AXIS2_PLACEMENT_3D('',#11718,#9581,#9582);
#8282=AXIS2_PLACEMENT_3D('',#11724,#9586,#9587);
#8283=AXIS2_PLACEMENT_3D('',#11730,#9591,#9592);
#8284=AXIS2_PLACEMENT_3D('',#11733,#9595,#9596);
#8285=AXIS2_PLACEMENT_3D('',#11734,#9597,#9598);
#8286=AXIS2_PLACEMENT_3D('',#11735,#9599,#9600);
#8287=AXIS2_PLACEMENT_3D('',#11736,#9601,#9602);
#8288=AXIS2_PLACEMENT_3D('',#11745,#9607,#9608);
#8289=AXIS2_PLACEMENT_3D('',#11751,#9612,#9613);
#8290=AXIS2_PLACEMENT_3D('',#11757,#9617,#9618);
#8291=AXIS2_PLACEMENT_3D('',#11760,#9621,#9622);
#8292=AXIS2_PLACEMENT_3D('',#11761,#9623,#9624);
#8293=AXIS2_PLACEMENT_3D('',#11762,#9625,#9626);
#8294=AXIS2_PLACEMENT_3D('',#11763,#9627,#9628);
#8295=AXIS2_PLACEMENT_3D('',#11764,#9629,#9630);
#8296=AXIS2_PLACEMENT_3D('',#11766,#9631,#9632);
#8297=AXIS2_PLACEMENT_3D('',#11768,#9633,#9634);
#8298=AXIS2_PLACEMENT_3D('',#11769,#9635,#9636);
#8299=AXIS2_PLACEMENT_3D('',#11771,#9637,#9638);
#8300=AXIS2_PLACEMENT_3D('',#11773,#9639,#9640);
#8301=AXIS2_PLACEMENT_3D('',#11774,#9641,#9642);
#8302=AXIS2_PLACEMENT_3D('',#11775,#9643,#9644);
#8303=AXIS2_PLACEMENT_3D('',#11776,#9645,#9646);
#8304=AXIS2_PLACEMENT_3D('',#11785,#9651,#9652);
#8305=AXIS2_PLACEMENT_3D('',#11791,#9656,#9657);
#8306=AXIS2_PLACEMENT_3D('',#11797,#9661,#9662);
#8307=AXIS2_PLACEMENT_3D('',#11800,#9665,#9666);
#8308=AXIS2_PLACEMENT_3D('',#11801,#9667,#9668);
#8309=AXIS2_PLACEMENT_3D('',#11802,#9669,#9670);
#8310=AXIS2_PLACEMENT_3D('',#11803,#9671,#9672);
#8311=AXIS2_PLACEMENT_3D('',#11812,#9677,#9678);
#8312=AXIS2_PLACEMENT_3D('',#11818,#9682,#9683);
#8313=AXIS2_PLACEMENT_3D('',#11824,#9687,#9688);
#8314=AXIS2_PLACEMENT_3D('',#11825,#9689,#9690);
#8315=AXIS2_PLACEMENT_3D('',#11827,#9691,#9692);
#8316=AXIS2_PLACEMENT_3D('',#11829,#9693,#9694);
#8317=AXIS2_PLACEMENT_3D('',#11832,#9697,#9698);
#8318=AXIS2_PLACEMENT_3D('',#11833,#9699,#9700);
#8319=AXIS2_PLACEMENT_3D('',#11834,#9701,#9702);
#8320=AXIS2_PLACEMENT_3D('',#11835,#9703,#9704);
#8321=AXIS2_PLACEMENT_3D('',#11844,#9709,#9710);
#8322=AXIS2_PLACEMENT_3D('',#11850,#9714,#9715);
#8323=AXIS2_PLACEMENT_3D('',#11856,#9719,#9720);
#8324=AXIS2_PLACEMENT_3D('',#11859,#9723,#9724);
#8325=AXIS2_PLACEMENT_3D('',#11860,#9725,#9726);
#8326=AXIS2_PLACEMENT_3D('',#11861,#9727,#9728);
#8327=AXIS2_PLACEMENT_3D('',#11862,#9729,#9730);
#8328=AXIS2_PLACEMENT_3D('',#11871,#9735,#9736);
#8329=AXIS2_PLACEMENT_3D('',#11877,#9740,#9741);
#8330=AXIS2_PLACEMENT_3D('',#11883,#9745,#9746);
#8331=AXIS2_PLACEMENT_3D('',#11884,#9747,#9748);
#8332=AXIS2_PLACEMENT_3D('',#11886,#9749,#9750);
#8333=AXIS2_PLACEMENT_3D('',#11888,#9751,#9752);
#8334=AXIS2_PLACEMENT_3D('',#11891,#9755,#9756);
#8335=AXIS2_PLACEMENT_3D('',#11892,#9757,#9758);
#8336=AXIS2_PLACEMENT_3D('',#11893,#9759,#9760);
#8337=AXIS2_PLACEMENT_3D('',#11894,#9761,#9762);
#8338=AXIS2_PLACEMENT_3D('',#11903,#9767,#9768);
#8339=AXIS2_PLACEMENT_3D('',#11909,#9772,#9773);
#8340=AXIS2_PLACEMENT_3D('',#11915,#9777,#9778);
#8341=AXIS2_PLACEMENT_3D('',#11918,#9781,#9782);
#8342=AXIS2_PLACEMENT_3D('',#11927,#9787,#9788);
#8343=AXIS2_PLACEMENT_3D('',#11936,#9793,#9794);
#8344=AXIS2_PLACEMENT_3D('',#11939,#9797,#9798);
#8345=AXIS2_PLACEMENT_3D('',#11941,#9800,#9801);
#8346=AXIS2_PLACEMENT_3D('',#11943,#9803,#9804);
#8347=AXIS2_PLACEMENT_3D('',#11944,#9805,#9806);
#8348=AXIS2_PLACEMENT_3D('',#11947,#9809,#9810);
#8349=AXIS2_PLACEMENT_3D('',#11949,#9812,#9813);
#8350=AXIS2_PLACEMENT_3D('',#11951,#9815,#9816);
#8351=AXIS2_PLACEMENT_3D('',#11952,#9817,#9818);
#8352=AXIS2_PLACEMENT_3D('',#11953,#9819,#9820);
#8353=AXIS2_PLACEMENT_3D('',#11962,#9825,#9826);
#8354=AXIS2_PLACEMENT_3D('',#11968,#9830,#9831);
#8355=AXIS2_PLACEMENT_3D('',#11974,#9835,#9836);
#8356=AXIS2_PLACEMENT_3D('',#11977,#9839,#9840);
#8357=AXIS2_PLACEMENT_3D('',#11978,#9841,#9842);
#8358=AXIS2_PLACEMENT_3D('',#11979,#9843,#9844);
#8359=AXIS2_PLACEMENT_3D('',#11980,#9845,#9846);
#8360=AXIS2_PLACEMENT_3D('',#11989,#9851,#9852);
#8361=AXIS2_PLACEMENT_3D('',#11995,#9856,#9857);
#8362=AXIS2_PLACEMENT_3D('',#12001,#9861,#9862);
#8363=AXIS2_PLACEMENT_3D('',#12002,#9863,#9864);
#8364=AXIS2_PLACEMENT_3D('',#12004,#9865,#9866);
#8365=AXIS2_PLACEMENT_3D('',#12006,#9867,#9868);
#8366=AXIS2_PLACEMENT_3D('',#12009,#9871,#9872);
#8367=AXIS2_PLACEMENT_3D('',#12010,#9873,#9874);
#8368=AXIS2_PLACEMENT_3D('',#12011,#9875,#9876);
#8369=AXIS2_PLACEMENT_3D('',#12012,#9877,#9878);
#8370=AXIS2_PLACEMENT_3D('',#12021,#9883,#9884);
#8371=AXIS2_PLACEMENT_3D('',#12027,#9888,#9889);
#8372=AXIS2_PLACEMENT_3D('',#12033,#9893,#9894);
#8373=AXIS2_PLACEMENT_3D('',#12039,#9898,#9899);
#8374=AXIS2_PLACEMENT_3D('',#12045,#9903,#9904);
#8375=AXIS2_PLACEMENT_3D('',#12051,#9908,#9909);
#8376=AXIS2_PLACEMENT_3D('',#12057,#9913,#9914);
#8377=AXIS2_PLACEMENT_3D('',#12060,#9917,#9918);
#8378=AXIS2_PLACEMENT_3D('',#12061,#9919,#9920);
#8379=AXIS2_PLACEMENT_3D('',#12062,#9921,#9922);
#8380=AXIS2_PLACEMENT_3D('',#12063,#9923,#9924);
#8381=AXIS2_PLACEMENT_3D('',#12072,#9929,#9930);
#8382=AXIS2_PLACEMENT_3D('',#12078,#9934,#9935);
#8383=AXIS2_PLACEMENT_3D('',#12084,#9939,#9940);
#8384=AXIS2_PLACEMENT_3D('',#12087,#9943,#9944);
#8385=AXIS2_PLACEMENT_3D('',#12088,#9945,#9946);
#8386=AXIS2_PLACEMENT_3D('',#12089,#9947,#9948);
#8387=AXIS2_PLACEMENT_3D('',#12090,#9949,#9950);
#8388=AXIS2_PLACEMENT_3D('',#12099,#9955,#9956);
#8389=AXIS2_PLACEMENT_3D('',#12105,#9960,#9961);
#8390=AXIS2_PLACEMENT_3D('',#12111,#9965,#9966);
#8391=AXIS2_PLACEMENT_3D('',#12112,#9967,#9968);
#8392=AXIS2_PLACEMENT_3D('',#12114,#9969,#9970);
#8393=AXIS2_PLACEMENT_3D('',#12116,#9971,#9972);
#8394=AXIS2_PLACEMENT_3D('',#12119,#9975,#9976);
#8395=AXIS2_PLACEMENT_3D('',#12120,#9977,#9978);
#8396=AXIS2_PLACEMENT_3D('',#12121,#9979,#9980);
#8397=AXIS2_PLACEMENT_3D('',#12122,#9981,#9982);
#8398=AXIS2_PLACEMENT_3D('',#12131,#9987,#9988);
#8399=AXIS2_PLACEMENT_3D('',#12137,#9992,#9993);
#8400=AXIS2_PLACEMENT_3D('',#12143,#9997,#9998);
#8401=AXIS2_PLACEMENT_3D('',#12146,#10001,#10002);
#8402=AXIS2_PLACEMENT_3D('',#12155,#10007,#10008);
#8403=AXIS2_PLACEMENT_3D('',#12164,#10013,#10014);
#8404=AXIS2_PLACEMENT_3D('',#12167,#10017,#10018);
#8405=AXIS2_PLACEMENT_3D('',#12169,#10020,#10021);
#8406=AXIS2_PLACEMENT_3D('',#12171,#10023,#10024);
#8407=AXIS2_PLACEMENT_3D('',#12172,#10025,#10026);
#8408=AXIS2_PLACEMENT_3D('',#12175,#10029,#10030);
#8409=AXIS2_PLACEMENT_3D('',#12177,#10032,#10033);
#8410=AXIS2_PLACEMENT_3D('',#12179,#10035,#10036);
#8411=AXIS2_PLACEMENT_3D('',#12180,#10037,#10038);
#8412=AXIS2_PLACEMENT_3D('',#12181,#10039,#10040);
#8413=AXIS2_PLACEMENT_3D('',#12190,#10045,#10046);
#8414=AXIS2_PLACEMENT_3D('',#12196,#10050,#10051);
#8415=AXIS2_PLACEMENT_3D('',#12202,#10055,#10056);
#8416=AXIS2_PLACEMENT_3D('',#12205,#10059,#10060);
#8417=AXIS2_PLACEMENT_3D('',#12206,#10061,#10062);
#8418=AXIS2_PLACEMENT_3D('',#12207,#10063,#10064);
#8419=AXIS2_PLACEMENT_3D('',#12208,#10065,#10066);
#8420=AXIS2_PLACEMENT_3D('',#12217,#10071,#10072);
#8421=AXIS2_PLACEMENT_3D('',#12223,#10076,#10077);
#8422=AXIS2_PLACEMENT_3D('',#12229,#10081,#10082);
#8423=AXIS2_PLACEMENT_3D('',#12235,#10086,#10087);
#8424=AXIS2_PLACEMENT_3D('',#12241,#10091,#10092);
#8425=AXIS2_PLACEMENT_3D('',#12247,#10096,#10097);
#8426=AXIS2_PLACEMENT_3D('',#12253,#10101,#10102);
#8427=AXIS2_PLACEMENT_3D('',#12256,#10105,#10106);
#8428=AXIS2_PLACEMENT_3D('',#12257,#10107,#10108);
#8429=AXIS2_PLACEMENT_3D('',#12258,#10109,#10110);
#8430=AXIS2_PLACEMENT_3D('',#12259,#10111,#10112);
#8431=AXIS2_PLACEMENT_3D('',#12268,#10117,#10118);
#8432=AXIS2_PLACEMENT_3D('',#12274,#10122,#10123);
#8433=AXIS2_PLACEMENT_3D('',#12280,#10127,#10128);
#8434=AXIS2_PLACEMENT_3D('',#12283,#10131,#10132);
#8435=AXIS2_PLACEMENT_3D('',#12292,#10137,#10138);
#8436=AXIS2_PLACEMENT_3D('',#12301,#10143,#10144);
#8437=AXIS2_PLACEMENT_3D('',#12304,#10147,#10148);
#8438=AXIS2_PLACEMENT_3D('',#12306,#10150,#10151);
#8439=AXIS2_PLACEMENT_3D('',#12308,#10153,#10154);
#8440=AXIS2_PLACEMENT_3D('',#12309,#10155,#10156);
#8441=AXIS2_PLACEMENT_3D('',#12312,#10159,#10160);
#8442=AXIS2_PLACEMENT_3D('',#12314,#10162,#10163);
#8443=AXIS2_PLACEMENT_3D('',#12316,#10165,#10166);
#8444=AXIS2_PLACEMENT_3D('',#12317,#10167,#10168);
#8445=AXIS2_PLACEMENT_3D('',#12318,#10169,#10170);
#8446=AXIS2_PLACEMENT_3D('',#12338,#10180,#10181);
#8447=AXIS2_PLACEMENT_3D('',#12340,#10182,#10183);
#8448=AXIS2_PLACEMENT_3D('',#12342,#10184,#10185);
#8449=AXIS2_PLACEMENT_3D('',#12344,#10186,#10187);
#8450=AXIS2_PLACEMENT_3D('',#12350,#10188,#10189);
#8451=AXIS2_PLACEMENT_3D('',#12361,#10195,#10196);
#8452=AXIS2_PLACEMENT_3D('',#12363,#10197,#10198);
#8453=AXIS2_PLACEMENT_3D('',#12365,#10199,#10200);
#8454=AXIS2_PLACEMENT_3D('',#12367,#10201,#10202);
#8455=AXIS2_PLACEMENT_3D('',#12369,#10203,#10204);
#8456=AXIS2_PLACEMENT_3D('',#12371,#10205,#10206);
#8457=AXIS2_PLACEMENT_3D('',#12374,#10207,#10208);
#8458=AXIS2_PLACEMENT_3D('',#12376,#10209,#10210);
#8459=AXIS2_PLACEMENT_3D('',#12378,#10211,#10212);
#8460=AXIS2_PLACEMENT_3D('',#12380,#10213,#10214);
#8461=AXIS2_PLACEMENT_3D('',#12382,#10215,#10216);
#8462=AXIS2_PLACEMENT_3D('',#12384,#10217,#10218);
#8463=AXIS2_PLACEMENT_3D('',#12386,#10219,#10220);
#8464=AXIS2_PLACEMENT_3D('',#12388,#10221,#10222);
#8465=AXIS2_PLACEMENT_3D('',#12394,#10223,#10224);
#8466=AXIS2_PLACEMENT_3D('',#12396,#10225,#10226);
#8467=AXIS2_PLACEMENT_3D('',#12398,#10227,#10228);
#8468=AXIS2_PLACEMENT_3D('',#12400,#10229,#10230);
#8469=AXIS2_PLACEMENT_3D('',#12402,#10231,#10232);
#8470=AXIS2_PLACEMENT_3D('',#12404,#10233,#10234);
#8471=AXIS2_PLACEMENT_3D('',#12405,#10235,#10236);
#8472=AXIS2_PLACEMENT_3D('',#12412,#10237,#10238);
#8473=AXIS2_PLACEMENT_3D('',#12414,#10239,#10240);
#8474=AXIS2_PLACEMENT_3D('',#12416,#10241,#10242);
#8475=AXIS2_PLACEMENT_3D('',#12418,#10243,#10244);
#8476=AXIS2_PLACEMENT_3D('',#12420,#10245,#10246);
#8477=AXIS2_PLACEMENT_3D('',#12432,#10250,#10251);
#8478=AXIS2_PLACEMENT_3D('',#12434,#10252,#10253);
#8479=AXIS2_PLACEMENT_3D('',#12457,#10265,#10266);
#8480=AXIS2_PLACEMENT_3D('',#12463,#10267,#10268);
#8481=AXIS2_PLACEMENT_3D('',#12465,#10269,#10270);
#8482=AXIS2_PLACEMENT_3D('',#12467,#10271,#10272);
#8483=AXIS2_PLACEMENT_3D('',#12479,#10276,#10277);
#8484=AXIS2_PLACEMENT_3D('',#12481,#10278,#10279);
#8485=AXIS2_PLACEMENT_3D('',#12483,#10280,#10281);
#8486=AXIS2_PLACEMENT_3D('',#12485,#10282,#10283);
#8487=AXIS2_PLACEMENT_3D('',#12487,#10284,#10285);
#8488=AXIS2_PLACEMENT_3D('',#12488,#10286,#10287);
#8489=AXIS2_PLACEMENT_3D('',#12491,#10288,#10289);
#8490=AXIS2_PLACEMENT_3D('',#12493,#10290,#10291);
#8491=AXIS2_PLACEMENT_3D('',#12495,#10292,#10293);
#8492=AXIS2_PLACEMENT_3D('',#12497,#10294,#10295);
#8493=AXIS2_PLACEMENT_3D('',#12499,#10296,#10297);
#8494=AXIS2_PLACEMENT_3D('',#12501,#10298,#10299);
#8495=AXIS2_PLACEMENT_3D('',#12503,#10300,#10301);
#8496=AXIS2_PLACEMENT_3D('',#12509,#10302,#10303);
#8497=AXIS2_PLACEMENT_3D('',#12511,#10304,#10305);
#8498=AXIS2_PLACEMENT_3D('',#12513,#10306,#10307);
#8499=AXIS2_PLACEMENT_3D('',#12515,#10308,#10309);
#8500=AXIS2_PLACEMENT_3D('',#12517,#10310,#10311);
#8501=AXIS2_PLACEMENT_3D('',#12519,#10312,#10313);
#8502=AXIS2_PLACEMENT_3D('',#12521,#10314,#10315);
#8503=AXIS2_PLACEMENT_3D('',#12522,#10316,#10317);
#8504=AXIS2_PLACEMENT_3D('',#12524,#10318,#10319);
#8505=AXIS2_PLACEMENT_3D('',#12526,#10320,#10321);
#8506=AXIS2_PLACEMENT_3D('',#12528,#10322,#10323);
#8507=AXIS2_PLACEMENT_3D('',#12530,#10324,#10325);
#8508=AXIS2_PLACEMENT_3D('',#12547,#10333,#10334);
#8509=AXIS2_PLACEMENT_3D('',#12553,#10335,#10336);
#8510=AXIS2_PLACEMENT_3D('',#12555,#10337,#10338);
#8511=AXIS2_PLACEMENT_3D('',#12557,#10339,#10340);
#8512=AXIS2_PLACEMENT_3D('',#12559,#10341,#10342);
#8513=AXIS2_PLACEMENT_3D('',#12596,#10361,#10362);
#8514=AXIS2_PLACEMENT_3D('',#12599,#10365,#10366);
#8515=AXIS2_PLACEMENT_3D('',#12601,#10368,#10369);
#8516=AXIS2_PLACEMENT_3D('',#12603,#10371,#10372);
#8517=AXIS2_PLACEMENT_3D('',#12604,#10373,#10374);
#8518=AXIS2_PLACEMENT_3D('',#12605,#10375,#10376);
#8519=AXIS2_PLACEMENT_3D('',#12606,#10377,#10378);
#8520=AXIS2_PLACEMENT_3D('',#12607,#10379,#10380);
#8521=AXIS2_PLACEMENT_3D('',#12608,#10381,#10382);
#8522=AXIS2_PLACEMENT_3D('',#12609,#10383,#10384);
#8523=AXIS2_PLACEMENT_3D('',#12612,#10387,#10388);
#8524=AXIS2_PLACEMENT_3D('',#12614,#10390,#10391);
#8525=AXIS2_PLACEMENT_3D('',#12616,#10393,#10394);
#8526=AXIS2_PLACEMENT_3D('',#12618,#10396,#10397);
#8527=AXIS2_PLACEMENT_3D('',#12620,#10399,#10400);
#8528=AXIS2_PLACEMENT_3D('',#12622,#10402,#10403);
#8529=AXIS2_PLACEMENT_3D('',#12624,#10405,#10406);
#8530=AXIS2_PLACEMENT_3D('',#12635,#10409,#10410);
#8531=AXIS2_PLACEMENT_3D('',#12637,#10412,#10413);
#8532=AXIS2_PLACEMENT_3D('',#12639,#10415,#10416);
#8533=AXIS2_PLACEMENT_3D('',#12641,#10418,#10419);
#8534=AXIS2_PLACEMENT_3D('',#12643,#10421,#10422);
#8535=AXIS2_PLACEMENT_3D('',#12645,#10424,#10425);
#8536=AXIS2_PLACEMENT_3D('',#12647,#10427,#10428);
#8537=AXIS2_PLACEMENT_3D('',#12648,#10429,#10430);
#8538=AXIS2_PLACEMENT_3D('',#12651,#10433,#10434);
#8539=AXIS2_PLACEMENT_3D('',#12653,#10436,#10437);
#8540=AXIS2_PLACEMENT_3D('',#12655,#10439,#10440);
#8541=AXIS2_PLACEMENT_3D('',#12666,#10443,#10444);
#8542=AXIS2_PLACEMENT_3D('',#12668,#10446,#10447);
#8543=AXIS2_PLACEMENT_3D('',#12670,#10449,#10450);
#8544=AXIS2_PLACEMENT_3D('',#12672,#10452,#10453);
#8545=AXIS2_PLACEMENT_3D('',#12674,#10455,#10456);
#8546=AXIS2_PLACEMENT_3D('',#12676,#10458,#10459);
#8547=AXIS2_PLACEMENT_3D('',#12678,#10461,#10462);
#8548=AXIS2_PLACEMENT_3D('',#12680,#10464,#10465);
#8549=AXIS2_PLACEMENT_3D('',#12682,#10467,#10468);
#8550=AXIS2_PLACEMENT_3D('',#12684,#10470,#10471);
#8551=AXIS2_PLACEMENT_3D('',#12686,#10473,#10474);
#8552=AXIS2_PLACEMENT_3D('',#12697,#10477,#10478);
#8553=AXIS2_PLACEMENT_3D('',#12699,#10480,#10481);
#8554=AXIS2_PLACEMENT_3D('',#12701,#10483,#10484);
#8555=AXIS2_PLACEMENT_3D('',#12712,#10487,#10488);
#8556=AXIS2_PLACEMENT_3D('',#12714,#10490,#10491);
#8557=AXIS2_PLACEMENT_3D('',#12716,#10493,#10494);
#8558=AXIS2_PLACEMENT_3D('',#12718,#10496,#10497);
#8559=AXIS2_PLACEMENT_3D('',#12720,#10499,#10500);
#8560=AXIS2_PLACEMENT_3D('',#12722,#10502,#10503);
#8561=AXIS2_PLACEMENT_3D('',#12724,#10505,#10506);
#8562=AXIS2_PLACEMENT_3D('',#12726,#10508,#10509);
#8563=AXIS2_PLACEMENT_3D('',#12727,#10510,#10511);
#8564=AXIS2_PLACEMENT_3D('',#12730,#10514,#10515);
#8565=AXIS2_PLACEMENT_3D('',#12732,#10517,#10518);
#8566=AXIS2_PLACEMENT_3D('',#12734,#10520,#10521);
#8567=AXIS2_PLACEMENT_3D('',#12736,#10523,#10524);
#8568=AXIS2_PLACEMENT_3D('',#12738,#10526,#10527);
#8569=AXIS2_PLACEMENT_3D('',#12740,#10529,#10530);
#8570=AXIS2_PLACEMENT_3D('',#12742,#10532,#10533);
#8571=AXIS2_PLACEMENT_3D('',#12744,#10535,#10536);
#8572=AXIS2_PLACEMENT_3D('',#12746,#10538,#10539);
#8573=AXIS2_PLACEMENT_3D('',#12748,#10541,#10542);
#8574=AXIS2_PLACEMENT_3D('',#12749,#10543,#10544);
#8575=AXIS2_PLACEMENT_3D('',#12750,#10545,#10546);
#8576=AXIS2_PLACEMENT_3D('',#12759,#10551,#10552);
#8577=AXIS2_PLACEMENT_3D('',#12765,#10556,#10557);
#8578=AXIS2_PLACEMENT_3D('',#12771,#10561,#10562);
#8579=AXIS2_PLACEMENT_3D('',#12777,#10566,#10567);
#8580=AXIS2_PLACEMENT_3D('',#12783,#10571,#10572);
#8581=AXIS2_PLACEMENT_3D('',#12789,#10576,#10577);
#8582=AXIS2_PLACEMENT_3D('',#12795,#10581,#10582);
#8583=AXIS2_PLACEMENT_3D('',#12798,#10585,#10586);
#8584=AXIS2_PLACEMENT_3D('',#12799,#10587,#10588);
#8585=AXIS2_PLACEMENT_3D('',#12800,#10589,#10590);
#8586=AXIS2_PLACEMENT_3D('',#12801,#10591,#10592);
#8587=AXIS2_PLACEMENT_3D('',#12810,#10597,#10598);
#8588=AXIS2_PLACEMENT_3D('',#12816,#10602,#10603);
#8589=AXIS2_PLACEMENT_3D('',#12822,#10607,#10608);
#8590=AXIS2_PLACEMENT_3D('',#12825,#10611,#10612);
#8591=AXIS2_PLACEMENT_3D('',#12826,#10613,#10614);
#8592=AXIS2_PLACEMENT_3D('',#12827,#10615,#10616);
#8593=AXIS2_PLACEMENT_3D('',#12828,#10617,#10618);
#8594=AXIS2_PLACEMENT_3D('',#12844,#10622,#10623);
#8595=AXIS2_PLACEMENT_3D('',#12846,#10624,#10625);
#8596=AXIS2_PLACEMENT_3D('',#12848,#10626,#10627);
#8597=AXIS2_PLACEMENT_3D('',#12868,#10630,#10631);
#8598=AXIS2_PLACEMENT_3D('',#12871,#10633,#10634);
#8599=AXIS2_PLACEMENT_3D('',#12872,#10635,#10636);
#8600=AXIS2_PLACEMENT_3D('',#12875,#10638,#10639);
#8601=AXIS2_PLACEMENT_3D('',#12876,#10640,#10641);
#8602=AXIS2_PLACEMENT_3D('',#12879,#10643,#10644);
#8603=AXIS2_PLACEMENT_3D('',#12893,#10646,#10647);
#8604=AXIS2_PLACEMENT_3D('',#12897,#10650,#10651);
#8605=AXIS2_PLACEMENT_3D('',#12901,#10654,#10655);
#8606=AXIS2_PLACEMENT_3D('',#12916,#10658,#10659);
#8607=AXIS2_PLACEMENT_3D('',#12917,#10660,#10661);
#8608=AXIS2_PLACEMENT_3D('',#12918,#10662,#10663);
#8609=AXIS2_PLACEMENT_3D('',#12927,#10668,#10669);
#8610=AXIS2_PLACEMENT_3D('',#12928,#10670,#10671);
#8611=AXIS2_PLACEMENT_3D('',#12932,#10673,#10674);
#8612=AXIS2_PLACEMENT_3D('',#12933,#10675,#10676);
#8613=AXIS2_PLACEMENT_3D('',#12939,#10680,#10681);
#8614=AXIS2_PLACEMENT_3D('',#12940,#10682,#10683);
#8615=AXIS2_PLACEMENT_3D('',#12944,#10685,#10686);
#8616=AXIS2_PLACEMENT_3D('',#12945,#10687,#10688);
#8617=AXIS2_PLACEMENT_3D('',#12951,#10692,#10693);
#8618=AXIS2_PLACEMENT_3D('',#12952,#10694,#10695);
#8619=AXIS2_PLACEMENT_3D('',#12956,#10697,#10698);
#8620=AXIS2_PLACEMENT_3D('',#12957,#10699,#10700);
#8621=AXIS2_PLACEMENT_3D('',#12963,#10704,#10705);
#8622=AXIS2_PLACEMENT_3D('',#12964,#10706,#10707);
#8623=AXIS2_PLACEMENT_3D('',#12965,#10708,#10709);
#8624=AXIS2_PLACEMENT_3D('',#12966,#10710,#10711);
#8625=AXIS2_PLACEMENT_3D('',#12967,#10712,#10713);
#8626=DIRECTION('',(0.,0.,1.));
#8627=DIRECTION('',(1.,0.,0.));
#8628=DIRECTION('',(0.,0.,1.));
#8629=DIRECTION('',(1.,0.,0.));
#8630=DIRECTION('',(1.,0.,0.));
#8631=DIRECTION('',(0.,-1.,0.));
#8632=DIRECTION('',(-1.,0.,0.));
#8633=DIRECTION('',(0.,0.,1.));
#8634=DIRECTION('',(1.,0.,0.));
#8635=DIRECTION('',(0.,0.,1.));
#8636=DIRECTION('',(1.,0.,0.));
#8637=DIRECTION('',(0.,0.,1.));
#8638=DIRECTION('',(1.,0.,0.));
#8639=DIRECTION('',(0.,0.,1.));
#8640=DIRECTION('',(1.,0.,0.));
#8641=DIRECTION('',(0.,0.,1.));
#8642=DIRECTION('',(1.,0.,0.));
#8643=DIRECTION('',(0.,0.,1.));
#8644=DIRECTION('',(1.,0.,0.));
#8645=DIRECTION('',(0.,0.,1.));
#8646=DIRECTION('',(1.,0.,0.));
#8647=DIRECTION('',(0.,0.,1.));
#8648=DIRECTION('',(0.165440768801441,-0.986219728061849,0.));
#8649=DIRECTION('',(0.,0.,1.));
#8650=DIRECTION('',(0.,0.,1.));
#8651=DIRECTION('',(1.,0.,0.));
#8652=DIRECTION('',(0.,0.,1.));
#8653=DIRECTION('',(0.,0.,1.));
#8654=DIRECTION('',(0.519917922742037,-0.854216221814831,0.));
#8655=DIRECTION('',(0.,0.,1.));
#8656=DIRECTION('',(0.,0.,1.));
#8657=DIRECTION('',(1.,0.,0.));
#8658=DIRECTION('',(0.,0.,1.));
#8659=DIRECTION('',(0.847691434038112,-0.530489615976043,0.));
#8660=DIRECTION('',(0.,0.,1.));
#8661=DIRECTION('',(0.,0.,1.));
#8662=DIRECTION('',(1.,0.,0.));
#8663=DIRECTION('',(0.,0.,1.));
#8664=DIRECTION('',(0.988072366491235,-0.153990254809873,0.));
#8665=DIRECTION('',(0.,0.,1.));
#8666=DIRECTION('',(0.,0.,1.));
#8667=DIRECTION('',(1.,0.,0.));
#8668=DIRECTION('',(0.,0.,1.));
#8669=DIRECTION('',(0.993315765720154,0.115428720740484,0.));
#8670=DIRECTION('',(0.,0.,1.));
#8671=DIRECTION('',(0.,0.,1.));
#8672=DIRECTION('',(1.,0.,0.));
#8673=DIRECTION('',(0.,0.,1.));
#8674=DIRECTION('',(0.911414890227051,0.411488636383088,0.));
#8675=DIRECTION('',(0.,0.,1.));
#8676=DIRECTION('',(0.,0.,1.));
#8677=DIRECTION('',(1.,0.,0.));
#8678=DIRECTION('',(0.,0.,1.));
#8679=DIRECTION('',(0.643608590295872,0.765354808240831,0.));
#8680=DIRECTION('',(0.,0.,1.));
#8681=DIRECTION('',(0.,0.,1.));
#8682=DIRECTION('',(1.,0.,0.));
#8683=DIRECTION('',(0.,0.,1.));
#8684=DIRECTION('',(0.,1.,0.));
#8685=DIRECTION('',(0.,0.,1.));
#8686=DIRECTION('',(0.,0.,1.));
#8687=DIRECTION('',(-1.,0.,0.));
#8688=DIRECTION('',(-1.,0.,0.));
#8689=DIRECTION('',(0.,0.,1.));
#8690=DIRECTION('',(0.,0.,1.));
#8691=DIRECTION('',(0.,-1.,0.));
#8692=DIRECTION('',(0.,-1.,0.));
#8693=DIRECTION('',(0.,0.,-1.));
#8694=DIRECTION('',(1.,0.,0.));
#8695=DIRECTION('',(0.,0.,1.));
#8696=DIRECTION('',(1.,0.,0.));
#8697=DIRECTION('',(0.,0.,1.));
#8698=DIRECTION('',(1.,0.,0.));
#8699=DIRECTION('',(0.,0.,1.));
#8700=DIRECTION('',(1.,0.,0.));
#8701=DIRECTION('',(0.,0.,1.));
#8702=DIRECTION('',(1.,0.,0.));
#8703=DIRECTION('',(0.,0.,1.));
#8704=DIRECTION('',(1.,0.,0.));
#8705=DIRECTION('',(0.,0.,1.));
#8706=DIRECTION('',(1.,0.,0.));
#8707=DIRECTION('',(0.,0.,1.));
#8708=DIRECTION('',(1.,0.,0.));
#8709=DIRECTION('',(0.,0.,1.));
#8710=DIRECTION('',(1.,0.,0.));
#8711=DIRECTION('',(0.,0.,1.));
#8712=DIRECTION('',(1.,0.,0.));
#8713=DIRECTION('',(0.,0.,1.));
#8714=DIRECTION('',(1.,0.,0.));
#8715=DIRECTION('',(0.,0.,1.));
#8716=DIRECTION('',(1.,0.,0.));
#8717=DIRECTION('',(0.,0.,1.));
#8718=DIRECTION('',(1.,0.,0.));
#8719=DIRECTION('',(0.,0.,1.));
#8720=DIRECTION('',(1.,0.,0.));
#8721=DIRECTION('',(0.,0.,1.));
#8722=DIRECTION('',(1.,0.,0.));
#8723=DIRECTION('',(0.,0.,1.));
#8724=DIRECTION('',(1.,0.,0.));
#8725=DIRECTION('',(0.,0.,1.));
#8726=DIRECTION('',(1.,0.,0.));
#8727=DIRECTION('',(0.,0.,1.));
#8728=DIRECTION('',(1.,0.,0.));
#8729=DIRECTION('',(0.,0.,1.));
#8730=DIRECTION('',(0.615941849613945,-0.787791620858049,0.));
#8731=DIRECTION('',(0.,0.,1.));
#8732=DIRECTION('',(0.,0.,1.));
#8733=DIRECTION('',(1.,0.,0.));
#8734=DIRECTION('',(0.,0.,1.));
#8735=DIRECTION('',(0.,0.,1.));
#8736=DIRECTION('',(0.8974374352781,-0.441141756991407,0.));
#8737=DIRECTION('',(0.,0.,1.));
#8738=DIRECTION('',(0.,0.,1.));
#8739=DIRECTION('',(1.,0.,0.));
#8740=DIRECTION('',(0.,0.,1.));
#8741=DIRECTION('',(0.,0.,1.));
#8742=DIRECTION('',(0.991928904556079,0.126795300804791,0.));
#8743=DIRECTION('',(0.,0.,1.));
#8744=DIRECTION('',(0.,0.,1.));
#8745=DIRECTION('',(1.,0.,0.));
#8746=DIRECTION('',(0.,0.,1.));
#8747=DIRECTION('',(0.90432963818051,0.426834751992275,0.));
#8748=DIRECTION('',(0.,0.,1.));
#8749=DIRECTION('',(0.,0.,1.));
#8750=DIRECTION('',(1.,0.,0.));
#8751=DIRECTION('',(0.,0.,1.));
#8752=DIRECTION('',(0.639986834937994,0.768385873832964,0.));
#8753=DIRECTION('',(0.,0.,1.));
#8754=DIRECTION('',(0.,0.,1.));
#8755=DIRECTION('',(1.,0.,0.));
#8756=DIRECTION('',(0.,0.,1.));
#8757=DIRECTION('',(0.214725834201156,0.976674365449722,0.));
#8758=DIRECTION('',(0.,0.,1.));
#8759=DIRECTION('',(0.,0.,1.));
#8760=DIRECTION('',(1.,0.,0.));
#8761=DIRECTION('',(0.,0.,1.));
#8762=DIRECTION('',(-0.195410280858117,0.980721582374402,0.));
#8763=DIRECTION('',(0.,0.,1.));
#8764=DIRECTION('',(0.,0.,1.));
#8765=DIRECTION('',(1.,0.,0.));
#8766=DIRECTION('',(0.,0.,1.));
#8767=DIRECTION('',(-0.615203047018211,0.788368702409925,0.));
#8768=DIRECTION('',(0.,0.,1.));
#8769=DIRECTION('',(0.,0.,1.));
#8770=DIRECTION('',(1.,0.,0.));
#8771=DIRECTION('',(0.,0.,1.));
#8772=DIRECTION('',(-0.897975874632977,0.440044689295463,0.));
#8773=DIRECTION('',(0.,0.,1.));
#8774=DIRECTION('',(0.,0.,1.));
#8775=DIRECTION('',(1.,0.,0.));
#8776=DIRECTION('',(0.,0.,1.));
#8777=DIRECTION('',(0.,0.,1.));
#8778=DIRECTION('',(-0.992013608007576,-0.126130890458253,0.));
#8779=DIRECTION('',(0.,0.,1.));
#8780=DIRECTION('',(0.,0.,1.));
#8781=DIRECTION('',(1.,0.,0.));
#8782=DIRECTION('',(0.,0.,1.));
#8783=DIRECTION('',(-0.904014534049833,-0.427501721899063,0.));
#8784=DIRECTION('',(0.,0.,1.));
#8785=DIRECTION('',(0.,0.,1.));
#8786=DIRECTION('',(1.,0.,0.));
#8787=DIRECTION('',(0.,0.,1.));
#8788=DIRECTION('',(-0.640688752862438,-0.767800704581321,0.));
#8789=DIRECTION('',(0.,0.,1.));
#8790=DIRECTION('',(0.,0.,1.));
#8791=DIRECTION('',(1.,0.,0.));
#8792=DIRECTION('',(0.,0.,1.));
#8793=DIRECTION('',(-0.221032756273047,-0.975266384458287,0.));
#8794=DIRECTION('',(0.,0.,1.));
#8795=DIRECTION('',(0.,0.,1.));
#8796=DIRECTION('',(1.,0.,0.));
#8797=DIRECTION('',(0.,0.,1.));
#8798=DIRECTION('',(0.202704150419097,-0.979240025429349,0.));
#8799=DIRECTION('',(0.,0.,1.));
#8800=DIRECTION('',(1.,0.,0.));
#8801=DIRECTION('',(0.,0.,1.));
#8802=DIRECTION('',(1.,0.,0.));
#8803=DIRECTION('',(0.,0.,1.));
#8804=DIRECTION('',(1.,0.,0.));
#8805=DIRECTION('',(0.707106781186545,0.70710678118655,0.));
#8806=DIRECTION('',(0.70710678118655,-0.707106781186545,0.));
#8807=DIRECTION('',(0.70710678118655,-0.707106781186545,0.));
#8808=DIRECTION('',(0.,0.,-1.));
#8809=DIRECTION('',(0.70710678118655,-0.707106781186545,0.));
#8810=DIRECTION('',(0.,0.,-1.));
#8811=DIRECTION('',(-1.,1.513563213143E-16,0.));
#8812=DIRECTION('',(1.513563213143E-16,1.,0.));
#8813=DIRECTION('',(1.513563213143E-16,1.,0.));
#8814=DIRECTION('',(1.513563213143E-16,1.,0.));
#8815=DIRECTION('',(0.,0.,-1.));
#8816=DIRECTION('',(0.707106781186547,-0.707106781186548,0.));
#8817=DIRECTION('',(-0.707106781186548,-0.707106781186547,0.));
#8818=DIRECTION('',(-0.707106781186548,-0.707106781186547,0.));
#8819=DIRECTION('',(-0.707106781186548,-0.707106781186547,0.));
#8820=DIRECTION('',(0.,0.,-1.));
#8821=DIRECTION('',(-4.50619906784662E-17,-1.,0.));
#8822=DIRECTION('',(-1.,4.50619906784662E-17,0.));
#8823=DIRECTION('',(-1.,4.50619906784662E-17,0.));
#8824=DIRECTION('',(-1.,4.50619906784662E-17,0.));
#8825=DIRECTION('',(0.,0.,-1.));
#8826=DIRECTION('',(0.707106781186546,0.707106781186549,0.));
#8827=DIRECTION('',(0.707106781186549,-0.707106781186546,0.));
#8828=DIRECTION('',(0.707106781186549,-0.707106781186546,0.));
#8829=DIRECTION('',(0.707106781186549,-0.707106781186546,0.));
#8830=DIRECTION('',(0.,0.,-1.));
#8831=DIRECTION('',(-1.,1.513563213143E-16,0.));
#8832=DIRECTION('',(1.513563213143E-16,1.,0.));
#8833=DIRECTION('',(1.513563213143E-16,1.,0.));
#8834=DIRECTION('',(1.513563213143E-16,1.,0.));
#8835=DIRECTION('',(0.,0.,-1.));
#8836=DIRECTION('',(-0.707106781186545,0.70710678118655,0.));
#8837=DIRECTION('',(0.70710678118655,0.707106781186545,0.));
#8838=DIRECTION('',(0.70710678118655,0.707106781186545,0.));
#8839=DIRECTION('',(0.70710678118655,0.707106781186545,0.));
#8840=DIRECTION('',(0.,0.,-1.));
#8841=DIRECTION('',(-4.50619906784662E-17,-1.,0.));
#8842=DIRECTION('',(-1.,4.50619906784662E-17,0.));
#8843=DIRECTION('',(-1.,4.50619906784662E-17,0.));
#8844=DIRECTION('',(-1.,4.50619906784662E-17,0.));
#8845=DIRECTION('',(0.,0.,-1.));
#8846=DIRECTION('',(6.12323399573677E-17,-1.,0.));
#8847=DIRECTION('',(0.,0.,-1.));
#8848=DIRECTION('',(6.12323399573677E-17,-1.,0.));
#8849=DIRECTION('',(0.,0.,1.));
#8850=DIRECTION('',(1.,0.,0.));
#8851=DIRECTION('',(1.,-2.21678271569019E-17,0.));
#8852=DIRECTION('',(-2.21678271569019E-17,-1.,0.));
#8853=DIRECTION('',(0.,0.,1.));
#8854=DIRECTION('',(2.21678271569019E-17,1.,0.));
#8855=DIRECTION('',(0.,0.,1.));
#8856=DIRECTION('',(-2.21678271569019E-17,-1.,0.));
#8857=DIRECTION('',(-6.12323399573677E-17,1.,0.));
#8858=DIRECTION('',(0.,0.,-1.));
#8859=DIRECTION('',(0.,0.,1.));
#8860=DIRECTION('',(1.,6.12323399573677E-17,0.));
#8861=DIRECTION('',(-1.,-6.12323399573677E-17,0.));
#8862=DIRECTION('',(1.,-1.05567994271171E-16,0.));
#8863=DIRECTION('',(-1.05567994271171E-16,-1.,0.));
#8864=DIRECTION('',(0.,0.,1.));
#8865=DIRECTION('',(-1.05567994271171E-16,-1.,0.));
#8866=DIRECTION('',(1.05567994271171E-16,1.,0.));
#8867=DIRECTION('',(-6.12323399573677E-17,1.,0.));
#8868=DIRECTION('',(0.,0.,-1.));
#8869=DIRECTION('',(-1.,-6.12323399573677E-17,0.));
#8870=DIRECTION('',(1.,6.12323399573677E-17,0.));
#8871=DIRECTION('',(0.,0.,-1.));
#8872=DIRECTION('',(6.12323399573677E-17,-1.,0.));
#8873=DIRECTION('',(1.05567994271171E-16,1.,0.));
#8874=DIRECTION('',(1.,6.12323399573677E-17,0.));
#8875=DIRECTION('',(-2.21678271569019E-17,-1.,0.));
#8876=DIRECTION('',(-1.,-6.12323399573677E-17,0.));
#8877=DIRECTION('',(0.,0.,-1.));
#8878=DIRECTION('',(6.12323399573677E-17,-1.,0.));
#8879=DIRECTION('',(2.21678271569019E-17,1.,0.));
#8880=DIRECTION('',(-1.,-6.12323399573677E-17,0.));
#8881=DIRECTION('',(-1.05567994271171E-16,-1.,0.));
#8882=DIRECTION('',(1.,6.12323399573677E-17,0.));
#8883=DIRECTION('',(4.32978028117746E-17,-0.707106781186548,-0.707106781186548));
#8884=DIRECTION('',(1.,6.12323399573677E-17,0.));
#8885=DIRECTION('',(-0.577350269189626,-0.577350269189626,0.577350269189626));
#8886=DIRECTION('',(-0.577350269189626,0.577350269189626,-0.577350269189626));
#8887=DIRECTION('',(-0.707106781186548,1.56750209068166E-17,0.707106781186548));
#8888=DIRECTION('',(2.21678271569019E-17,1.,0.));
#8889=DIRECTION('',(0.577350269189626,0.577350269189626,0.577350269189626));
#8890=DIRECTION('',(-0.707106781186548,7.4647844625408E-17,-0.707106781186548));
#8891=DIRECTION('',(-1.05567994271171E-16,-1.,0.));
#8892=DIRECTION('',(-0.577350269189626,0.577350269189626,0.577350269189626));
#8893=DIRECTION('',(4.32978028117746E-17,-0.707106781186548,0.707106781186548));
#8894=DIRECTION('',(-1.,-6.12323399573677E-17,0.));
#8895=DIRECTION('',(-4.32978028117748E-17,0.707106781186549,-0.707106781186546));
#8896=DIRECTION('',(-1.,-6.12323399573677E-17,0.));
#8897=DIRECTION('',(0.577350269189625,0.577350269189625,0.577350269189628));
#8898=DIRECTION('',(0.577350269189625,-0.577350269189625,-0.577350269189628));
#8899=DIRECTION('',(0.707106781186549,-1.56750209068167E-17,0.707106781186546));
#8900=DIRECTION('',(-2.21678271569019E-17,-1.,0.));
#8901=DIRECTION('',(-0.577350269189625,-0.577350269189625,0.577350269189628));
#8902=DIRECTION('',(0.707106781186549,-7.46478446254082E-17,-0.707106781186546));
#8903=DIRECTION('',(1.05567994271171E-16,1.,0.));
#8904=DIRECTION('',(0.577350269189625,-0.577350269189625,0.577350269189628));
#8905=DIRECTION('',(-4.32978028117748E-17,0.707106781186549,0.707106781186546));
#8906=DIRECTION('',(1.,6.12323399573677E-17,0.));
#8907=DIRECTION('',(0.,0.,1.));
#8908=DIRECTION('',(1.,0.,0.));
#8909=DIRECTION('',(0.707106781186545,0.70710678118655,0.));
#8910=DIRECTION('',(0.70710678118655,-0.707106781186545,0.));
#8911=DIRECTION('',(0.70710678118655,-0.707106781186545,0.));
#8912=DIRECTION('',(0.,0.,-1.));
#8913=DIRECTION('',(0.70710678118655,-0.707106781186545,0.));
#8914=DIRECTION('',(0.,0.,-1.));
#8915=DIRECTION('',(-1.,1.513563213143E-16,0.));
#8916=DIRECTION('',(1.513563213143E-16,1.,0.));
#8917=DIRECTION('',(1.513563213143E-16,1.,0.));
#8918=DIRECTION('',(1.513563213143E-16,1.,0.));
#8919=DIRECTION('',(0.,0.,-1.));
#8920=DIRECTION('',(0.707106781186547,-0.707106781186548,0.));
#8921=DIRECTION('',(-0.707106781186548,-0.707106781186547,0.));
#8922=DIRECTION('',(-0.707106781186548,-0.707106781186547,0.));
#8923=DIRECTION('',(-0.707106781186548,-0.707106781186547,0.));
#8924=DIRECTION('',(0.,0.,-1.));
#8925=DIRECTION('',(-4.50619906784662E-17,-1.,0.));
#8926=DIRECTION('',(-1.,4.50619906784662E-17,0.));
#8927=DIRECTION('',(-1.,4.50619906784662E-17,0.));
#8928=DIRECTION('',(-1.,4.50619906784662E-17,0.));
#8929=DIRECTION('',(0.,0.,-1.));
#8930=DIRECTION('',(0.707106781186546,0.707106781186549,0.));
#8931=DIRECTION('',(0.707106781186549,-0.707106781186546,0.));
#8932=DIRECTION('',(0.707106781186549,-0.707106781186546,0.));
#8933=DIRECTION('',(0.707106781186549,-0.707106781186546,0.));
#8934=DIRECTION('',(0.,0.,-1.));
#8935=DIRECTION('',(-1.,1.513563213143E-16,0.));
#8936=DIRECTION('',(1.513563213143E-16,1.,0.));
#8937=DIRECTION('',(1.513563213143E-16,1.,0.));
#8938=DIRECTION('',(1.513563213143E-16,1.,0.));
#8939=DIRECTION('',(0.,0.,-1.));
#8940=DIRECTION('',(-0.707106781186545,0.70710678118655,0.));
#8941=DIRECTION('',(0.70710678118655,0.707106781186545,0.));
#8942=DIRECTION('',(0.70710678118655,0.707106781186545,0.));
#8943=DIRECTION('',(0.70710678118655,0.707106781186545,0.));
#8944=DIRECTION('',(0.,0.,-1.));
#8945=DIRECTION('',(-4.50619906784662E-17,-1.,0.));
#8946=DIRECTION('',(-1.,4.50619906784662E-17,0.));
#8947=DIRECTION('',(-1.,4.50619906784662E-17,0.));
#8948=DIRECTION('',(-1.,4.50619906784662E-17,0.));
#8949=DIRECTION('',(0.,0.,-1.));
#8950=DIRECTION('',(6.12323399573677E-17,-1.,0.));
#8951=DIRECTION('',(0.,0.,-1.));
#8952=DIRECTION('',(6.12323399573677E-17,-1.,0.));
#8953=DIRECTION('',(0.,0.,1.));
#8954=DIRECTION('',(1.,0.,0.));
#8955=DIRECTION('',(0.,1.,0.));
#8956=DIRECTION('',(0.,0.,1.));
#8957=DIRECTION('',(1.,0.,0.));
#8958=DIRECTION('',(0.,0.,-1.));
#8959=DIRECTION('',(1.,0.,0.));
#8960=DIRECTION('',(0.,0.,-1.));
#8961=DIRECTION('',(-1.,0.,0.));
#8962=DIRECTION('',(0.,0.,1.));
#8963=DIRECTION('',(0.,1.,0.));
#8964=DIRECTION('',(0.,0.,-1.));
#8965=DIRECTION('',(0.,1.,0.));
#8966=DIRECTION('',(0.,1.,0.));
#8967=DIRECTION('',(0.,0.,1.));
#8968=DIRECTION('',(1.,0.,0.));
#8969=DIRECTION('',(0.,0.,-1.));
#8970=DIRECTION('',(1.,0.,0.));
#8971=DIRECTION('',(-1.,0.,0.));
#8972=DIRECTION('',(0.,0.,1.));
#8973=DIRECTION('',(0.,1.,0.));
#8974=DIRECTION('',(0.,1.,0.));
#8975=DIRECTION('',(0.,0.,1.));
#8976=DIRECTION('',(1.,0.,0.));
#8977=DIRECTION('',(0.,0.,1.));
#8978=DIRECTION('',(1.,0.,0.));
#8979=DIRECTION('',(0.,0.,1.));
#8980=DIRECTION('',(1.,0.,0.));
#8981=DIRECTION('',(0.,1.,0.));
#8982=DIRECTION('',(0.,0.,1.));
#8983=DIRECTION('',(1.,0.,0.));
#8984=DIRECTION('',(0.,0.,-1.));
#8985=DIRECTION('',(1.,0.,0.));
#8986=DIRECTION('',(0.,0.,-1.));
#8987=DIRECTION('',(1.,0.,0.));
#8988=DIRECTION('',(0.,0.,-1.));
#8989=DIRECTION('',(0.,-1.,0.));
#8990=DIRECTION('',(0.,0.,-1.));
#8991=DIRECTION('',(0.,-1.,0.));
#8992=DIRECTION('',(0.,1.,0.));
#8993=DIRECTION('',(0.,0.,1.));
#8994=DIRECTION('',(1.,0.,0.));
#8995=DIRECTION('',(0.,0.,-1.));
#8996=DIRECTION('',(1.,0.,0.));
#8997=DIRECTION('',(1.,0.,0.));
#8998=DIRECTION('',(0.,0.,-1.));
#8999=DIRECTION('',(0.,-1.,0.));
#9000=DIRECTION('',(0.,-1.,0.));
#9001=DIRECTION('',(0.,0.,1.));
#9002=DIRECTION('',(1.,0.,0.));
#9003=DIRECTION('',(0.,0.,1.));
#9004=DIRECTION('',(1.,0.,0.));
#9005=DIRECTION('',(0.,0.,1.));
#9006=DIRECTION('',(1.,0.,0.));
#9007=DIRECTION('',(-1.,-5.42101086242753E-16,0.));
#9008=DIRECTION('',(5.42101086242753E-16,-1.,0.));
#9009=DIRECTION('',(-5.42101086242753E-16,1.,0.));
#9010=DIRECTION('',(0.,0.,-1.));
#9011=DIRECTION('',(-5.42101086242753E-16,1.,0.));
#9012=DIRECTION('',(0.,0.,-1.));
#9013=DIRECTION('',(0.,1.,0.));
#9014=DIRECTION('',(0.,0.,1.));
#9015=DIRECTION('',(1.,0.,0.));
#9016=DIRECTION('',(0.,0.,-1.));
#9017=DIRECTION('',(1.,0.,0.));
#9018=DIRECTION('',(-1.,0.,0.));
#9019=DIRECTION('',(0.,0.,1.));
#9020=DIRECTION('',(0.,1.,0.));
#9021=DIRECTION('',(0.,0.,-1.));
#9022=DIRECTION('',(0.,1.,0.));
#9023=DIRECTION('',(0.,1.,0.));
#9024=DIRECTION('',(0.,0.,1.));
#9025=DIRECTION('',(1.,0.,0.));
#9026=DIRECTION('',(1.,0.,0.));
#9027=DIRECTION('',(0.,0.,1.));
#9028=DIRECTION('',(1.,0.,0.));
#9029=DIRECTION('',(0.,0.,1.));
#9030=DIRECTION('',(1.,0.,0.));
#9031=DIRECTION('',(0.,0.,1.));
#9032=DIRECTION('',(1.,0.,0.));
#9033=DIRECTION('',(0.,0.,1.));
#9034=DIRECTION('',(-1.,0.,0.));
#9035=DIRECTION('',(0.,0.,1.));
#9036=DIRECTION('',(1.,0.,0.));
#9037=DIRECTION('',(0.,0.,1.));
#9038=DIRECTION('',(1.,0.,0.));
#9039=DIRECTION('',(0.,0.,1.));
#9040=DIRECTION('',(-1.,0.,0.));
#9041=DIRECTION('',(0.,0.,1.));
#9042=DIRECTION('',(1.,0.,0.));
#9043=DIRECTION('',(0.,0.,1.));
#9044=DIRECTION('',(1.,0.,0.));
#9045=DIRECTION('',(0.,0.,-1.));
#9046=DIRECTION('',(1.,0.,0.));
#9047=DIRECTION('',(0.,0.,-1.));
#9048=DIRECTION('',(1.,0.,0.));
#9049=DIRECTION('',(0.,0.,1.));
#9050=DIRECTION('',(1.,0.,0.));
#9051=DIRECTION('',(1.,0.,0.));
#9052=DIRECTION('',(0.,0.,-1.));
#9053=DIRECTION('',(0.,-1.,0.));
#9054=DIRECTION('',(0.,0.,-1.));
#9055=DIRECTION('',(0.,-1.,0.));
#9056=DIRECTION('',(0.,0.,-1.));
#9057=DIRECTION('',(0.,1.,0.));
#9058=DIRECTION('',(0.,0.,1.));
#9059=DIRECTION('',(1.,0.,0.));
#9060=DIRECTION('',(0.,0.,-1.));
#9061=DIRECTION('',(1.,0.,0.));
#9062=DIRECTION('',(1.,0.,0.));
#9063=DIRECTION('',(0.,0.,-1.));
#9064=DIRECTION('',(0.,-1.,0.));
#9065=DIRECTION('',(0.,0.,-1.));
#9066=DIRECTION('',(0.,-1.,0.));
#9067=DIRECTION('',(0.,1.,0.));
#9068=DIRECTION('',(0.,0.,1.));
#9069=DIRECTION('',(1.,0.,0.));
#9070=DIRECTION('',(1.,0.,0.));
#9071=DIRECTION('',(0.,0.,1.));
#9072=DIRECTION('',(1.,0.,0.));
#9073=DIRECTION('',(0.,0.,1.));
#9074=DIRECTION('',(1.,0.,0.));
#9075=DIRECTION('',(0.,0.,1.));
#9076=DIRECTION('',(1.,0.,0.));
#9077=DIRECTION('',(0.,1.,0.));
#9078=DIRECTION('',(0.,0.,-1.));
#9079=DIRECTION('',(1.,0.,0.));
#9080=DIRECTION('',(0.,0.,1.));
#9081=DIRECTION('',(1.,0.,0.));
#9082=DIRECTION('',(0.,0.,1.));
#9083=DIRECTION('',(1.,0.,0.));
#9084=DIRECTION('',(0.,0.,1.));
#9085=DIRECTION('',(0.,-1.,0.));
#9086=DIRECTION('',(0.,-1.,0.));
#9087=DIRECTION('',(0.,0.,1.));
#9088=DIRECTION('',(0.,1.,0.));
#9089=DIRECTION('',(0.,0.,-1.));
#9090=DIRECTION('',(1.,0.,0.));
#9091=DIRECTION('',(1.,0.,0.));
#9092=DIRECTION('',(0.,0.,1.));
#9093=DIRECTION('',(0.,0.,1.));
#9094=DIRECTION('',(-1.,0.,0.));
#9095=DIRECTION('',(0.,0.,1.));
#9096=DIRECTION('',(1.,0.,0.));
#9097=DIRECTION('',(0.,0.,1.));
#9098=DIRECTION('',(1.,0.,0.));
#9099=DIRECTION('',(1.,0.,0.));
#9100=DIRECTION('',(0.,0.,1.));
#9101=DIRECTION('',(0.,-1.,0.));
#9102=DIRECTION('',(0.,-1.,0.));
#9103=DIRECTION('',(0.,0.,-1.));
#9104=DIRECTION('',(1.,0.,0.));
#9105=DIRECTION('',(0.,0.,-1.));
#9106=DIRECTION('',(1.,0.,0.));
#9107=DIRECTION('',(0.,0.,1.));
#9108=DIRECTION('',(1.,0.,0.));
#9109=DIRECTION('',(0.,-1.,0.));
#9110=DIRECTION('',(0.,0.,1.));
#9111=DIRECTION('',(-1.,0.,0.));
#9112=DIRECTION('',(0.,0.,1.));
#9113=DIRECTION('',(-1.,0.,0.));
#9114=DIRECTION('',(0.,0.,1.));
#9115=DIRECTION('',(-1.,0.,0.));
#9116=DIRECTION('',(0.,0.,-1.));
#9117=DIRECTION('',(0.,1.,0.));
#9118=DIRECTION('',(0.,1.,0.));
#9119=DIRECTION('',(0.,0.,1.));
#9120=DIRECTION('',(0.,-1.,0.));
#9121=DIRECTION('',(0.,0.,1.));
#9122=DIRECTION('',(-1.,0.,0.));
#9123=DIRECTION('',(-1.,0.,0.));
#9124=DIRECTION('',(0.,0.,1.));
#9125=DIRECTION('',(0.,0.,1.));
#9126=DIRECTION('',(-1.,0.,0.));
#9127=DIRECTION('',(0.,0.,1.));
#9128=DIRECTION('',(1.,0.,0.));
#9129=DIRECTION('',(0.,0.,1.));
#9130=DIRECTION('',(1.,0.,0.));
#9131=DIRECTION('',(-1.,0.,0.));
#9132=DIRECTION('',(0.,0.,-1.));
#9133=DIRECTION('',(0.,1.,0.));
#9134=DIRECTION('',(0.,1.,0.));
#9135=DIRECTION('',(0.,0.,-1.));
#9136=DIRECTION('',(1.,0.,0.));
#9137=DIRECTION('',(0.,0.,-1.));
#9138=DIRECTION('',(1.,0.,0.));
#9139=DIRECTION('',(0.,0.,1.));
#9140=DIRECTION('',(1.,0.,0.));
#9141=DIRECTION('',(0.,1.,0.));
#9142=DIRECTION('',(0.,0.,-1.));
#9143=DIRECTION('',(1.,0.,0.));
#9144=DIRECTION('',(0.,0.,1.));
#9145=DIRECTION('',(1.,0.,0.));
#9146=DIRECTION('',(0.,0.,1.));
#9147=DIRECTION('',(1.,0.,0.));
#9148=DIRECTION('',(0.,0.,1.));
#9149=DIRECTION('',(0.,-1.,0.));
#9150=DIRECTION('',(0.,-1.,0.));
#9151=DIRECTION('',(0.,0.,1.));
#9152=DIRECTION('',(0.,1.,0.));
#9153=DIRECTION('',(0.,0.,-1.));
#9154=DIRECTION('',(1.,0.,0.));
#9155=DIRECTION('',(1.,0.,0.));
#9156=DIRECTION('',(0.,0.,1.));
#9157=DIRECTION('',(0.,0.,1.));
#9158=DIRECTION('',(-1.,0.,0.));
#9159=DIRECTION('',(0.,0.,1.));
#9160=DIRECTION('',(1.,0.,0.));
#9161=DIRECTION('',(0.,0.,1.));
#9162=DIRECTION('',(1.,0.,0.));
#9163=DIRECTION('',(1.,0.,0.));
#9164=DIRECTION('',(0.,0.,1.));
#9165=DIRECTION('',(0.,-1.,0.));
#9166=DIRECTION('',(0.,-1.,0.));
#9167=DIRECTION('',(0.,0.,-1.));
#9168=DIRECTION('',(1.,0.,0.));
#9169=DIRECTION('',(0.,0.,-1.));
#9170=DIRECTION('',(1.,0.,0.));
#9171=DIRECTION('',(0.,0.,1.));
#9172=DIRECTION('',(1.,0.,0.));
#9173=DIRECTION('',(-1.,-5.42101086242753E-16,0.));
#9174=DIRECTION('',(5.42101086242753E-16,-1.,0.));
#9175=DIRECTION('',(-5.42101086242753E-16,1.,0.));
#9176=DIRECTION('',(0.,0.,-1.));
#9177=DIRECTION('',(-5.42101086242753E-16,1.,0.));
#9178=DIRECTION('',(0.,0.,-1.));
#9179=DIRECTION('',(0.,1.,0.));
#9180=DIRECTION('',(0.,0.,1.));
#9181=DIRECTION('',(1.,0.,0.));
#9182=DIRECTION('',(0.,0.,-1.));
#9183=DIRECTION('',(1.,0.,0.));
#9184=DIRECTION('',(-1.,0.,0.));
#9185=DIRECTION('',(0.,0.,1.));
#9186=DIRECTION('',(0.,1.,0.));
#9187=DIRECTION('',(0.,0.,-1.));
#9188=DIRECTION('',(0.,1.,0.));
#9189=DIRECTION('',(0.,1.,0.));
#9190=DIRECTION('',(0.,0.,1.));
#9191=DIRECTION('',(1.,0.,0.));
#9192=DIRECTION('',(1.,0.,0.));
#9193=DIRECTION('',(0.,0.,1.));
#9194=DIRECTION('',(1.,0.,0.));
#9195=DIRECTION('',(0.,0.,1.));
#9196=DIRECTION('',(1.,0.,0.));
#9197=DIRECTION('',(0.,0.,1.));
#9198=DIRECTION('',(1.,0.,0.));
#9199=DIRECTION('',(0.,1.,0.));
#9200=DIRECTION('',(0.,0.,-1.));
#9201=DIRECTION('',(1.,0.,0.));
#9202=DIRECTION('',(0.,0.,1.));
#9203=DIRECTION('',(1.,0.,0.));
#9204=DIRECTION('',(0.,0.,1.));
#9205=DIRECTION('',(1.,0.,0.));
#9206=DIRECTION('',(0.,0.,1.));
#9207=DIRECTION('',(0.,-1.,0.));
#9208=DIRECTION('',(0.,-1.,0.));
#9209=DIRECTION('',(0.,0.,1.));
#9210=DIRECTION('',(0.,1.,0.));
#9211=DIRECTION('',(0.,0.,-1.));
#9212=DIRECTION('',(1.,0.,0.));
#9213=DIRECTION('',(1.,0.,0.));
#9214=DIRECTION('',(0.,0.,1.));
#9215=DIRECTION('',(0.,0.,1.));
#9216=DIRECTION('',(-1.,0.,0.));
#9217=DIRECTION('',(0.,0.,1.));
#9218=DIRECTION('',(1.,0.,0.));
#9219=DIRECTION('',(0.,0.,1.));
#9220=DIRECTION('',(1.,0.,0.));
#9221=DIRECTION('',(1.,0.,0.));
#9222=DIRECTION('',(0.,0.,1.));
#9223=DIRECTION('',(0.,-1.,0.));
#9224=DIRECTION('',(0.,-1.,0.));
#9225=DIRECTION('',(0.,0.,-1.));
#9226=DIRECTION('',(1.,0.,0.));
#9227=DIRECTION('',(0.,0.,-1.));
#9228=DIRECTION('',(1.,0.,0.));
#9229=DIRECTION('',(0.,0.,1.));
#9230=DIRECTION('',(1.,0.,0.));
#9231=DIRECTION('',(1.,0.,0.));
#9232=DIRECTION('',(0.,0.,-1.));
#9233=DIRECTION('',(0.,-1.,0.));
#9234=DIRECTION('',(0.,0.,-1.));
#9235=DIRECTION('',(0.,-1.,0.));
#9236=DIRECTION('',(0.,0.,-1.));
#9237=DIRECTION('',(0.,1.,0.));
#9238=DIRECTION('',(0.,0.,1.));
#9239=DIRECTION('',(1.,0.,0.));
#9240=DIRECTION('',(0.,0.,-1.));
#9241=DIRECTION('',(1.,0.,0.));
#9242=DIRECTION('',(1.,0.,0.));
#9243=DIRECTION('',(0.,0.,-1.));
#9244=DIRECTION('',(0.,-1.,0.));
#9245=DIRECTION('',(0.,0.,-1.));
#9246=DIRECTION('',(0.,-1.,0.));
#9247=DIRECTION('',(0.,1.,0.));
#9248=DIRECTION('',(0.,0.,1.));
#9249=DIRECTION('',(1.,0.,0.));
#9250=DIRECTION('',(1.,0.,0.));
#9251=DIRECTION('',(0.,0.,1.));
#9252=DIRECTION('',(1.,0.,0.));
#9253=DIRECTION('',(0.,0.,1.));
#9254=DIRECTION('',(1.,0.,0.));
#9255=DIRECTION('',(0.,0.,1.));
#9256=DIRECTION('',(1.,0.,0.));
#9257=DIRECTION('',(1.,0.,0.));
#9258=DIRECTION('',(0.,0.,-1.));
#9259=DIRECTION('',(0.,-1.,0.));
#9260=DIRECTION('',(0.,0.,-1.));
#9261=DIRECTION('',(0.,-1.,0.));
#9262=DIRECTION('',(0.,0.,-1.));
#9263=DIRECTION('',(0.,1.,0.));
#9264=DIRECTION('',(0.,0.,1.));
#9265=DIRECTION('',(1.,0.,0.));
#9266=DIRECTION('',(0.,0.,-1.));
#9267=DIRECTION('',(1.,0.,0.));
#9268=DIRECTION('',(1.,0.,0.));
#9269=DIRECTION('',(0.,0.,-1.));
#9270=DIRECTION('',(0.,-1.,0.));
#9271=DIRECTION('',(0.,0.,-1.));
#9272=DIRECTION('',(0.,-1.,0.));
#9273=DIRECTION('',(0.,1.,0.));
#9274=DIRECTION('',(0.,0.,1.));
#9275=DIRECTION('',(1.,0.,0.));
#9276=DIRECTION('',(1.,0.,0.));
#9277=DIRECTION('',(0.,0.,1.));
#9278=DIRECTION('',(1.,0.,0.));
#9279=DIRECTION('',(0.,0.,1.));
#9280=DIRECTION('',(1.,0.,0.));
#9281=DIRECTION('',(0.,0.,1.));
#9282=DIRECTION('',(1.,0.,0.));
#9283=DIRECTION('',(1.,0.,0.));
#9284=DIRECTION('',(0.,0.,-1.));
#9285=DIRECTION('',(0.,-1.,0.));
#9286=DIRECTION('',(0.,0.,-1.));
#9287=DIRECTION('',(0.,-1.,0.));
#9288=DIRECTION('',(0.,0.,-1.));
#9289=DIRECTION('',(0.,1.,0.));
#9290=DIRECTION('',(0.,0.,1.));
#9291=DIRECTION('',(1.,0.,0.));
#9292=DIRECTION('',(0.,0.,-1.));
#9293=DIRECTION('',(1.,0.,0.));
#9294=DIRECTION('',(1.,0.,0.));
#9295=DIRECTION('',(0.,0.,-1.));
#9296=DIRECTION('',(0.,-1.,0.));
#9297=DIRECTION('',(0.,0.,-1.));
#9298=DIRECTION('',(0.,-1.,0.));
#9299=DIRECTION('',(0.,1.,0.));
#9300=DIRECTION('',(0.,0.,1.));
#9301=DIRECTION('',(1.,0.,0.));
#9302=DIRECTION('',(1.,0.,0.));
#9303=DIRECTION('',(0.,0.,1.));
#9304=DIRECTION('',(1.,0.,0.));
#9305=DIRECTION('',(0.,0.,1.));
#9306=DIRECTION('',(1.,0.,0.));
#9307=DIRECTION('',(0.,0.,1.));
#9308=DIRECTION('',(1.,0.,0.));
#9309=DIRECTION('',(0.,1.,0.));
#9310=DIRECTION('',(0.,0.,1.));
#9311=DIRECTION('',(1.,0.,0.));
#9312=DIRECTION('',(0.,0.,-1.));
#9313=DIRECTION('',(1.,0.,0.));
#9314=DIRECTION('',(0.,0.,-1.));
#9315=DIRECTION('',(-1.,0.,0.));
#9316=DIRECTION('',(0.,0.,1.));
#9317=DIRECTION('',(0.,1.,0.));
#9318=DIRECTION('',(0.,0.,-1.));
#9319=DIRECTION('',(0.,1.,0.));
#9320=DIRECTION('',(0.,1.,0.));
#9321=DIRECTION('',(0.,0.,1.));
#9322=DIRECTION('',(1.,0.,0.));
#9323=DIRECTION('',(0.,0.,-1.));
#9324=DIRECTION('',(1.,0.,0.));
#9325=DIRECTION('',(-1.,0.,0.));
#9326=DIRECTION('',(0.,0.,1.));
#9327=DIRECTION('',(0.,1.,0.));
#9328=DIRECTION('',(0.,1.,0.));
#9329=DIRECTION('',(0.,0.,1.));
#9330=DIRECTION('',(1.,0.,0.));
#9331=DIRECTION('',(0.,0.,1.));
#9332=DIRECTION('',(1.,0.,0.));
#9333=DIRECTION('',(0.,0.,1.));
#9334=DIRECTION('',(1.,0.,0.));
#9335=DIRECTION('',(0.,1.,0.));
#9336=DIRECTION('',(0.,0.,1.));
#9337=DIRECTION('',(1.,0.,0.));
#9338=DIRECTION('',(0.,0.,-1.));
#9339=DIRECTION('',(1.,0.,0.));
#9340=DIRECTION('',(0.,0.,-1.));
#9341=DIRECTION('',(1.,0.,0.));
#9342=DIRECTION('',(0.,0.,-1.));
#9343=DIRECTION('',(0.,-1.,0.));
#9344=DIRECTION('',(0.,0.,-1.));
#9345=DIRECTION('',(0.,-1.,0.));
#9346=DIRECTION('',(0.,1.,0.));
#9347=DIRECTION('',(0.,0.,1.));
#9348=DIRECTION('',(1.,0.,0.));
#9349=DIRECTION('',(0.,0.,-1.));
#9350=DIRECTION('',(1.,0.,0.));
#9351=DIRECTION('',(1.,0.,0.));
#9352=DIRECTION('',(0.,0.,-1.));
#9353=DIRECTION('',(0.,-1.,0.));
#9354=DIRECTION('',(0.,-1.,0.));
#9355=DIRECTION('',(0.,0.,1.));
#9356=DIRECTION('',(1.,0.,0.));
#9357=DIRECTION('',(0.,0.,1.));
#9358=DIRECTION('',(1.,0.,0.));
#9359=DIRECTION('',(0.,0.,1.));
#9360=DIRECTION('',(1.,0.,0.));
#9361=DIRECTION('',(0.,1.,0.));
#9362=DIRECTION('',(0.,0.,1.));
#9363=DIRECTION('',(1.,0.,0.));
#9364=DIRECTION('',(0.,0.,-1.));
#9365=DIRECTION('',(1.,0.,0.));
#9366=DIRECTION('',(0.,0.,-1.));
#9367=DIRECTION('',(1.,0.,0.));
#9368=DIRECTION('',(0.,0.,-1.));
#9369=DIRECTION('',(0.,-1.,0.));
#9370=DIRECTION('',(0.,0.,-1.));
#9371=DIRECTION('',(0.,-1.,0.));
#9372=DIRECTION('',(0.,1.,0.));
#9373=DIRECTION('',(0.,0.,1.));
#9374=DIRECTION('',(1.,0.,0.));
#9375=DIRECTION('',(0.,0.,-1.));
#9376=DIRECTION('',(1.,0.,0.));
#9377=DIRECTION('',(1.,0.,0.));
#9378=DIRECTION('',(0.,0.,-1.));
#9379=DIRECTION('',(0.,-1.,0.));
#9380=DIRECTION('',(0.,-1.,0.));
#9381=DIRECTION('',(0.,0.,1.));
#9382=DIRECTION('',(1.,0.,0.));
#9383=DIRECTION('',(0.,0.,1.));
#9384=DIRECTION('',(1.,0.,0.));
#9385=DIRECTION('',(0.,0.,1.));
#9386=DIRECTION('',(1.,0.,0.));
#9387=DIRECTION('',(-1.,-5.42101086242753E-16,0.));
#9388=DIRECTION('',(5.42101086242753E-16,-1.,0.));
#9389=DIRECTION('',(-5.42101086242753E-16,1.,0.));
#9390=DIRECTION('',(0.,0.,-1.));
#9391=DIRECTION('',(-5.42101086242753E-16,1.,0.));
#9392=DIRECTION('',(0.,0.,-1.));
#9393=DIRECTION('',(0.,1.,0.));
#9394=DIRECTION('',(0.,0.,1.));
#9395=DIRECTION('',(1.,0.,0.));
#9396=DIRECTION('',(0.,0.,-1.));
#9397=DIRECTION('',(1.,0.,0.));
#9398=DIRECTION('',(-1.,0.,0.));
#9399=DIRECTION('',(0.,0.,1.));
#9400=DIRECTION('',(0.,1.,0.));
#9401=DIRECTION('',(0.,0.,-1.));
#9402=DIRECTION('',(0.,1.,0.));
#9403=DIRECTION('',(0.,1.,0.));
#9404=DIRECTION('',(0.,0.,1.));
#9405=DIRECTION('',(1.,0.,0.));
#9406=DIRECTION('',(1.,0.,0.));
#9407=DIRECTION('',(0.,0.,1.));
#9408=DIRECTION('',(1.,0.,0.));
#9409=DIRECTION('',(0.,0.,1.));
#9410=DIRECTION('',(1.,0.,0.));
#9411=DIRECTION('',(0.,0.,1.));
#9412=DIRECTION('',(1.,0.,0.));
#9413=DIRECTION('',(1.,-2.21678271569019E-17,0.));
#9414=DIRECTION('',(-2.21678271569019E-17,-1.,0.));
#9415=DIRECTION('',(0.,0.,1.));
#9416=DIRECTION('',(2.21678271569019E-17,1.,0.));
#9417=DIRECTION('',(0.,0.,1.));
#9418=DIRECTION('',(-2.21678271569019E-17,-1.,0.));
#9419=DIRECTION('',(-6.12323399573677E-17,1.,0.));
#9420=DIRECTION('',(0.,0.,-1.));
#9421=DIRECTION('',(0.,0.,1.));
#9422=DIRECTION('',(1.,6.12323399573677E-17,0.));
#9423=DIRECTION('',(-1.,-6.12323399573677E-17,0.));
#9424=DIRECTION('',(1.,-1.05567994271171E-16,0.));
#9425=DIRECTION('',(-1.05567994271171E-16,-1.,0.));
#9426=DIRECTION('',(0.,0.,1.));
#9427=DIRECTION('',(-1.05567994271171E-16,-1.,0.));
#9428=DIRECTION('',(1.05567994271171E-16,1.,0.));
#9429=DIRECTION('',(-6.12323399573677E-17,1.,0.));
#9430=DIRECTION('',(0.,0.,-1.));
#9431=DIRECTION('',(-1.,-6.12323399573677E-17,0.));
#9432=DIRECTION('',(1.,6.12323399573677E-17,0.));
#9433=DIRECTION('',(0.,0.,-1.));
#9434=DIRECTION('',(6.12323399573677E-17,-1.,0.));
#9435=DIRECTION('',(1.05567994271171E-16,1.,0.));
#9436=DIRECTION('',(1.,6.12323399573677E-17,0.));
#9437=DIRECTION('',(-2.21678271569019E-17,-1.,0.));
#9438=DIRECTION('',(-1.,-6.12323399573677E-17,0.));
#9439=DIRECTION('',(0.,0.,-1.));
#9440=DIRECTION('',(6.12323399573677E-17,-1.,0.));
#9441=DIRECTION('',(2.21678271569019E-17,1.,0.));
#9442=DIRECTION('',(-1.,-6.12323399573677E-17,0.));
#9443=DIRECTION('',(-1.05567994271171E-16,-1.,0.));
#9444=DIRECTION('',(1.,6.12323399573677E-17,0.));
#9445=DIRECTION('',(4.32978028117746E-17,-0.707106781186548,-0.707106781186548));
#9446=DIRECTION('',(1.,6.12323399573677E-17,0.));
#9447=DIRECTION('',(-0.577350269189626,-0.577350269189626,0.577350269189626));
#9448=DIRECTION('',(-0.577350269189626,0.577350269189626,-0.577350269189626));
#9449=DIRECTION('',(-0.707106781186548,1.56750209068166E-17,0.707106781186548));
#9450=DIRECTION('',(2.21678271569019E-17,1.,0.));
#9451=DIRECTION('',(0.577350269189626,0.577350269189626,0.577350269189626));
#9452=DIRECTION('',(-0.707106781186548,7.4647844625408E-17,-0.707106781186548));
#9453=DIRECTION('',(-1.05567994271171E-16,-1.,0.));
#9454=DIRECTION('',(-0.577350269189626,0.577350269189626,0.577350269189626));
#9455=DIRECTION('',(4.32978028117746E-17,-0.707106781186548,0.707106781186548));
#9456=DIRECTION('',(-1.,-6.12323399573677E-17,0.));
#9457=DIRECTION('',(-4.32978028117748E-17,0.707106781186549,-0.707106781186546));
#9458=DIRECTION('',(-1.,-6.12323399573677E-17,0.));
#9459=DIRECTION('',(0.577350269189625,0.577350269189625,0.577350269189628));
#9460=DIRECTION('',(0.577350269189625,-0.577350269189625,-0.577350269189628));
#9461=DIRECTION('',(0.707106781186549,-1.56750209068167E-17,0.707106781186546));
#9462=DIRECTION('',(-2.21678271569019E-17,-1.,0.));
#9463=DIRECTION('',(-0.577350269189625,-0.577350269189625,0.577350269189628));
#9464=DIRECTION('',(0.707106781186549,-7.46478446254082E-17,-0.707106781186546));
#9465=DIRECTION('',(1.05567994271171E-16,1.,0.));
#9466=DIRECTION('',(0.577350269189625,-0.577350269189625,0.577350269189628));
#9467=DIRECTION('',(-4.32978028117748E-17,0.707106781186549,0.707106781186546));
#9468=DIRECTION('',(1.,6.12323399573677E-17,0.));
#9469=DIRECTION('',(0.,0.,1.));
#9470=DIRECTION('',(1.,0.,0.));
#9471=DIRECTION('',(1.,0.,0.));
#9472=DIRECTION('',(0.,0.,-1.));
#9473=DIRECTION('',(0.,-1.,0.));
#9474=DIRECTION('',(0.,0.,-1.));
#9475=DIRECTION('',(0.,-1.,0.));
#9476=DIRECTION('',(0.,0.,-1.));
#9477=DIRECTION('',(0.,1.,0.));
#9478=DIRECTION('',(0.,0.,1.));
#9479=DIRECTION('',(1.,0.,0.));
#9480=DIRECTION('',(0.,0.,-1.));
#9481=DIRECTION('',(1.,0.,0.));
#9482=DIRECTION('',(1.,0.,0.));
#9483=DIRECTION('',(0.,0.,-1.));
#9484=DIRECTION('',(0.,-1.,0.));
#9485=DIRECTION('',(0.,0.,-1.));
#9486=DIRECTION('',(0.,-1.,0.));
#9487=DIRECTION('',(0.,1.,0.));
#9488=DIRECTION('',(0.,0.,1.));
#9489=DIRECTION('',(1.,0.,0.));
#9490=DIRECTION('',(1.,0.,0.));
#9491=DIRECTION('',(0.,0.,1.));
#9492=DIRECTION('',(1.,0.,0.));
#9493=DIRECTION('',(0.,0.,1.));
#9494=DIRECTION('',(1.,0.,0.));
#9495=DIRECTION('',(0.,0.,1.));
#9496=DIRECTION('',(1.,0.,0.));
#9497=DIRECTION('',(0.,1.,0.));
#9498=DIRECTION('',(0.,0.,1.));
#9499=DIRECTION('',(1.,0.,0.));
#9500=DIRECTION('',(0.,0.,-1.));
#9501=DIRECTION('',(1.,0.,0.));
#9502=DIRECTION('',(0.,0.,-1.));
#9503=DIRECTION('',(1.,0.,0.));
#9504=DIRECTION('',(0.,0.,-1.));
#9505=DIRECTION('',(0.,-1.,0.));
#9506=DIRECTION('',(0.,0.,-1.));
#9507=DIRECTION('',(0.,-1.,0.));
#9508=DIRECTION('',(0.,1.,0.));
#9509=DIRECTION('',(0.,0.,1.));
#9510=DIRECTION('',(1.,0.,0.));
#9511=DIRECTION('',(0.,0.,-1.));
#9512=DIRECTION('',(1.,0.,0.));
#9513=DIRECTION('',(1.,0.,0.));
#9514=DIRECTION('',(0.,0.,-1.));
#9515=DIRECTION('',(0.,-1.,0.));
#9516=DIRECTION('',(0.,-1.,0.));
#9517=DIRECTION('',(0.,0.,1.));
#9518=DIRECTION('',(1.,0.,0.));
#9519=DIRECTION('',(0.,0.,1.));
#9520=DIRECTION('',(1.,0.,0.));
#9521=DIRECTION('',(0.,0.,1.));
#9522=DIRECTION('',(1.,0.,0.));
#9523=DIRECTION('',(-1.,-5.42101086242753E-16,0.));
#9524=DIRECTION('',(5.42101086242753E-16,-1.,0.));
#9525=DIRECTION('',(-5.42101086242753E-16,1.,0.));
#9526=DIRECTION('',(0.,0.,-1.));
#9527=DIRECTION('',(-5.42101086242753E-16,1.,0.));
#9528=DIRECTION('',(0.,0.,-1.));
#9529=DIRECTION('',(0.,1.,0.));
#9530=DIRECTION('',(0.,0.,1.));
#9531=DIRECTION('',(1.,0.,0.));
#9532=DIRECTION('',(0.,0.,-1.));
#9533=DIRECTION('',(1.,0.,0.));
#9534=DIRECTION('',(-1.,0.,0.));
#9535=DIRECTION('',(0.,0.,1.));
#9536=DIRECTION('',(0.,1.,0.));
#9537=DIRECTION('',(0.,0.,-1.));
#9538=DIRECTION('',(0.,1.,0.));
#9539=DIRECTION('',(0.,1.,0.));
#9540=DIRECTION('',(0.,0.,1.));
#9541=DIRECTION('',(1.,0.,0.));
#9542=DIRECTION('',(1.,0.,0.));
#9543=DIRECTION('',(0.,0.,1.));
#9544=DIRECTION('',(1.,0.,0.));
#9545=DIRECTION('',(0.,0.,1.));
#9546=DIRECTION('',(1.,0.,0.));
#9547=DIRECTION('',(0.,0.,1.));
#9548=DIRECTION('',(1.,0.,0.));
#9549=DIRECTION('',(1.,0.,0.));
#9550=DIRECTION('',(0.,0.,-1.));
#9551=DIRECTION('',(0.,-1.,0.));
#9552=DIRECTION('',(0.,0.,-1.));
#9553=DIRECTION('',(0.,-1.,0.));
#9554=DIRECTION('',(0.,0.,-1.));
#9555=DIRECTION('',(0.,1.,0.));
#9556=DIRECTION('',(0.,0.,1.));
#9557=DIRECTION('',(1.,0.,0.));
#9558=DIRECTION('',(0.,0.,-1.));
#9559=DIRECTION('',(1.,0.,0.));
#9560=DIRECTION('',(1.,0.,0.));
#9561=DIRECTION('',(0.,0.,-1.));
#9562=DIRECTION('',(0.,-1.,0.));
#9563=DIRECTION('',(0.,0.,-1.));
#9564=DIRECTION('',(0.,-1.,0.));
#9565=DIRECTION('',(0.,1.,0.));
#9566=DIRECTION('',(0.,0.,1.));
#9567=DIRECTION('',(1.,0.,0.));
#9568=DIRECTION('',(1.,0.,0.));
#9569=DIRECTION('',(0.,0.,1.));
#9570=DIRECTION('',(1.,0.,0.));
#9571=DIRECTION('',(0.,0.,1.));
#9572=DIRECTION('',(1.,0.,0.));
#9573=DIRECTION('',(0.,0.,1.));
#9574=DIRECTION('',(1.,0.,0.));
#9575=DIRECTION('',(0.,1.,0.));
#9576=DIRECTION('',(0.,0.,1.));
#9577=DIRECTION('',(1.,0.,0.));
#9578=DIRECTION('',(0.,0.,-1.));
#9579=DIRECTION('',(1.,0.,0.));
#9580=DIRECTION('',(0.,0.,-1.));
#9581=DIRECTION('',(1.,0.,0.));
#9582=DIRECTION('',(0.,0.,-1.));
#9583=DIRECTION('',(0.,-1.,0.));
#9584=DIRECTION('',(0.,0.,-1.));
#9585=DIRECTION('',(0.,-1.,0.));
#9586=DIRECTION('',(0.,1.,0.));
#9587=DIRECTION('',(0.,0.,1.));
#9588=DIRECTION('',(1.,0.,0.));
#9589=DIRECTION('',(0.,0.,-1.));
#9590=DIRECTION('',(1.,0.,0.));
#9591=DIRECTION('',(1.,0.,0.));
#9592=DIRECTION('',(0.,0.,-1.));
#9593=DIRECTION('',(0.,-1.,0.));
#9594=DIRECTION('',(0.,-1.,0.));
#9595=DIRECTION('',(0.,0.,1.));
#9596=DIRECTION('',(1.,0.,0.));
#9597=DIRECTION('',(0.,0.,1.));
#9598=DIRECTION('',(1.,0.,0.));
#9599=DIRECTION('',(0.,0.,1.));
#9600=DIRECTION('',(1.,0.,0.));
#9601=DIRECTION('',(-1.,-5.42101086242753E-16,0.));
#9602=DIRECTION('',(5.42101086242753E-16,-1.,0.));
#9603=DIRECTION('',(-5.42101086242753E-16,1.,0.));
#9604=DIRECTION('',(0.,0.,-1.));
#9605=DIRECTION('',(-5.42101086242753E-16,1.,0.));
#9606=DIRECTION('',(0.,0.,-1.));
#9607=DIRECTION('',(0.,1.,0.));
#9608=DIRECTION('',(0.,0.,1.));
#9609=DIRECTION('',(1.,0.,0.));
#9610=DIRECTION('',(0.,0.,-1.));
#9611=DIRECTION('',(1.,0.,0.));
#9612=DIRECTION('',(-1.,0.,0.));
#9613=DIRECTION('',(0.,0.,1.));
#9614=DIRECTION('',(0.,1.,0.));
#9615=DIRECTION('',(0.,0.,-1.));
#9616=DIRECTION('',(0.,1.,0.));
#9617=DIRECTION('',(0.,1.,0.));
#9618=DIRECTION('',(0.,0.,1.));
#9619=DIRECTION('',(1.,0.,0.));
#9620=DIRECTION('',(1.,0.,0.));
#9621=DIRECTION('',(0.,0.,1.));
#9622=DIRECTION('',(1.,0.,0.));
#9623=DIRECTION('',(0.,0.,1.));
#9624=DIRECTION('',(1.,0.,0.));
#9625=DIRECTION('',(0.,0.,1.));
#9626=DIRECTION('',(1.,0.,0.));
#9627=DIRECTION('',(0.,0.,-1.));
#9628=DIRECTION('',(-1.,0.,0.));
#9629=DIRECTION('',(0.,0.,1.));
#9630=DIRECTION('',(1.,0.,0.));
#9631=DIRECTION('',(0.,0.,1.));
#9632=DIRECTION('',(1.,0.,0.));
#9633=DIRECTION('',(0.,0.,-1.));
#9634=DIRECTION('',(-1.,0.,0.));
#9635=DIRECTION('',(0.,0.,1.));
#9636=DIRECTION('',(1.,0.,0.));
#9637=DIRECTION('',(0.,0.,1.));
#9638=DIRECTION('',(1.,0.,0.));
#9639=DIRECTION('',(0.,0.,1.));
#9640=DIRECTION('',(1.,0.,0.));
#9641=DIRECTION('',(0.,0.,1.));
#9642=DIRECTION('',(1.,0.,0.));
#9643=DIRECTION('',(0.,0.,1.));
#9644=DIRECTION('',(1.,0.,0.));
#9645=DIRECTION('',(1.,0.,0.));
#9646=DIRECTION('',(0.,0.,-1.));
#9647=DIRECTION('',(0.,-1.,0.));
#9648=DIRECTION('',(0.,0.,-1.));
#9649=DIRECTION('',(0.,-1.,0.));
#9650=DIRECTION('',(0.,0.,-1.));
#9651=DIRECTION('',(0.,1.,0.));
#9652=DIRECTION('',(0.,0.,1.));
#9653=DIRECTION('',(1.,0.,0.));
#9654=DIRECTION('',(0.,0.,-1.));
#9655=DIRECTION('',(1.,0.,0.));
#9656=DIRECTION('',(1.,0.,0.));
#9657=DIRECTION('',(0.,0.,-1.));
#9658=DIRECTION('',(0.,-1.,0.));
#9659=DIRECTION('',(0.,0.,-1.));
#9660=DIRECTION('',(0.,-1.,0.));
#9661=DIRECTION('',(0.,1.,0.));
#9662=DIRECTION('',(0.,0.,1.));
#9663=DIRECTION('',(1.,0.,0.));
#9664=DIRECTION('',(1.,0.,0.));
#9665=DIRECTION('',(0.,0.,1.));
#9666=DIRECTION('',(1.,0.,0.));
#9667=DIRECTION('',(0.,0.,1.));
#9668=DIRECTION('',(1.,0.,0.));
#9669=DIRECTION('',(0.,0.,1.));
#9670=DIRECTION('',(1.,0.,0.));
#9671=DIRECTION('',(0.,1.,0.));
#9672=DIRECTION('',(0.,0.,1.));
#9673=DIRECTION('',(1.,0.,0.));
#9674=DIRECTION('',(0.,0.,-1.));
#9675=DIRECTION('',(1.,0.,0.));
#9676=DIRECTION('',(0.,0.,-1.));
#9677=DIRECTION('',(1.,0.,0.));
#9678=DIRECTION('',(0.,0.,-1.));
#9679=DIRECTION('',(0.,-1.,0.));
#9680=DIRECTION('',(0.,0.,-1.));
#9681=DIRECTION('',(0.,-1.,0.));
#9682=DIRECTION('',(0.,1.,0.));
#9683=DIRECTION('',(0.,0.,1.));
#9684=DIRECTION('',(1.,0.,0.));
#9685=DIRECTION('',(0.,0.,-1.));
#9686=DIRECTION('',(1.,0.,0.));
#9687=DIRECTION('',(0.,0.,-1.));
#9688=DIRECTION('',(-1.,0.,0.));
#9689=DIRECTION('',(0.,0.,1.));
#9690=DIRECTION('',(1.,0.,0.));
#9691=DIRECTION('',(0.,0.,1.));
#9692=DIRECTION('',(1.,0.,0.));
#9693=DIRECTION('',(1.,0.,0.));
#9694=DIRECTION('',(0.,0.,-1.));
#9695=DIRECTION('',(0.,-1.,0.));
#9696=DIRECTION('',(0.,-1.,0.));
#9697=DIRECTION('',(0.,0.,1.));
#9698=DIRECTION('',(1.,0.,0.));
#9699=DIRECTION('',(0.,0.,1.));
#9700=DIRECTION('',(1.,0.,0.));
#9701=DIRECTION('',(0.,0.,1.));
#9702=DIRECTION('',(1.,0.,0.));
#9703=DIRECTION('',(0.,1.,0.));
#9704=DIRECTION('',(0.,0.,1.));
#9705=DIRECTION('',(1.,0.,0.));
#9706=DIRECTION('',(0.,0.,-1.));
#9707=DIRECTION('',(1.,0.,0.));
#9708=DIRECTION('',(0.,0.,-1.));
#9709=DIRECTION('',(1.,0.,0.));
#9710=DIRECTION('',(0.,0.,-1.));
#9711=DIRECTION('',(0.,-1.,0.));
#9712=DIRECTION('',(0.,0.,-1.));
#9713=DIRECTION('',(0.,-1.,0.));
#9714=DIRECTION('',(0.,1.,0.));
#9715=DIRECTION('',(0.,0.,1.));
#9716=DIRECTION('',(1.,0.,0.));
#9717=DIRECTION('',(0.,0.,-1.));
#9718=DIRECTION('',(1.,0.,0.));
#9719=DIRECTION('',(1.,0.,0.));
#9720=DIRECTION('',(0.,0.,-1.));
#9721=DIRECTION('',(0.,-1.,0.));
#9722=DIRECTION('',(0.,-1.,0.));
#9723=DIRECTION('',(0.,0.,1.));
#9724=DIRECTION('',(1.,0.,0.));
#9725=DIRECTION('',(0.,0.,1.));
#9726=DIRECTION('',(1.,0.,0.));
#9727=DIRECTION('',(0.,0.,1.));
#9728=DIRECTION('',(1.,0.,0.));
#9729=DIRECTION('',(0.,-1.,0.));
#9730=DIRECTION('',(0.,0.,-1.));
#9731=DIRECTION('',(-1.,0.,0.));
#9732=DIRECTION('',(0.,0.,-1.));
#9733=DIRECTION('',(-1.,0.,0.));
#9734=DIRECTION('',(0.,0.,-1.));
#9735=DIRECTION('',(-1.,0.,0.));
#9736=DIRECTION('',(0.,0.,1.));
#9737=DIRECTION('',(0.,1.,0.));
#9738=DIRECTION('',(0.,0.,-1.));
#9739=DIRECTION('',(0.,1.,0.));
#9740=DIRECTION('',(0.,-1.,0.));
#9741=DIRECTION('',(0.,0.,-1.));
#9742=DIRECTION('',(-1.,0.,0.));
#9743=DIRECTION('',(0.,0.,-1.));
#9744=DIRECTION('',(-1.,0.,0.));
#9745=DIRECTION('',(0.,0.,-1.));
#9746=DIRECTION('',(-1.,0.,0.));
#9747=DIRECTION('',(0.,0.,1.));
#9748=DIRECTION('',(1.,0.,0.));
#9749=DIRECTION('',(0.,0.,1.));
#9750=DIRECTION('',(1.,0.,0.));
#9751=DIRECTION('',(-1.,0.,0.));
#9752=DIRECTION('',(0.,0.,1.));
#9753=DIRECTION('',(0.,1.,0.));
#9754=DIRECTION('',(0.,1.,0.));
#9755=DIRECTION('',(0.,0.,1.));
#9756=DIRECTION('',(1.,0.,0.));
#9757=DIRECTION('',(0.,0.,1.));
#9758=DIRECTION('',(1.,0.,0.));
#9759=DIRECTION('',(0.,0.,1.));
#9760=DIRECTION('',(1.,0.,0.));
#9761=DIRECTION('',(1.,-2.21678271569019E-17,0.));
#9762=DIRECTION('',(-2.21678271569019E-17,-1.,0.));
#9763=DIRECTION('',(0.,0.,1.));
#9764=DIRECTION('',(2.21678271569019E-17,1.,0.));
#9765=DIRECTION('',(0.,0.,1.));
#9766=DIRECTION('',(-2.21678271569019E-17,-1.,0.));
#9767=DIRECTION('',(-6.12323399573677E-17,1.,0.));
#9768=DIRECTION('',(0.,0.,-1.));
#9769=DIRECTION('',(0.,0.,1.));
#9770=DIRECTION('',(1.,6.12323399573677E-17,0.));
#9771=DIRECTION('',(-1.,-6.12323399573677E-17,0.));
#9772=DIRECTION('',(1.,-1.05567994271171E-16,0.));
#9773=DIRECTION('',(-1.05567994271171E-16,-1.,0.));
#9774=DIRECTION('',(0.,0.,1.));
#9775=DIRECTION('',(-1.05567994271171E-16,-1.,0.));
#9776=DIRECTION('',(1.05567994271171E-16,1.,0.));
#9777=DIRECTION('',(-6.12323399573677E-17,1.,0.));
#9778=DIRECTION('',(0.,0.,-1.));
#9779=DIRECTION('',(-1.,-6.12323399573677E-17,0.));
#9780=DIRECTION('',(1.,6.12323399573677E-17,0.));
#9781=DIRECTION('',(0.,0.,-1.));
#9782=DIRECTION('',(6.12323399573677E-17,-1.,0.));
#9783=DIRECTION('',(1.05567994271171E-16,1.,0.));
#9784=DIRECTION('',(1.,6.12323399573677E-17,0.));
#9785=DIRECTION('',(-2.21678271569019E-17,-1.,0.));
#9786=DIRECTION('',(-1.,-6.12323399573677E-17,0.));
#9787=DIRECTION('',(0.,0.,-1.));
#9788=DIRECTION('',(6.12323399573677E-17,-1.,0.));
#9789=DIRECTION('',(2.21678271569019E-17,1.,0.));
#9790=DIRECTION('',(-1.,-6.12323399573677E-17,0.));
#9791=DIRECTION('',(-1.05567994271171E-16,-1.,0.));
#9792=DIRECTION('',(1.,6.12323399573677E-17,0.));
#9793=DIRECTION('',(4.32978028117746E-17,-0.707106781186548,-0.707106781186548));
#9794=DIRECTION('',(1.,6.12323399573677E-17,0.));
#9795=DIRECTION('',(-0.577350269189626,-0.577350269189626,0.577350269189626));
#9796=DIRECTION('',(-0.577350269189626,0.577350269189626,-0.577350269189626));
#9797=DIRECTION('',(-0.707106781186548,1.56750209068166E-17,0.707106781186548));
#9798=DIRECTION('',(2.21678271569019E-17,1.,0.));
#9799=DIRECTION('',(0.577350269189626,0.577350269189626,0.577350269189626));
#9800=DIRECTION('',(-0.707106781186548,7.4647844625408E-17,-0.707106781186548));
#9801=DIRECTION('',(-1.05567994271171E-16,-1.,0.));
#9802=DIRECTION('',(-0.577350269189626,0.577350269189626,0.577350269189626));
#9803=DIRECTION('',(4.32978028117746E-17,-0.707106781186548,0.707106781186548));
#9804=DIRECTION('',(-1.,-6.12323399573677E-17,0.));
#9805=DIRECTION('',(-4.32978028117748E-17,0.707106781186549,-0.707106781186546));
#9806=DIRECTION('',(-1.,-6.12323399573677E-17,0.));
#9807=DIRECTION('',(0.577350269189625,0.577350269189625,0.577350269189628));
#9808=DIRECTION('',(0.577350269189625,-0.577350269189625,-0.577350269189628));
#9809=DIRECTION('',(0.707106781186549,-1.56750209068167E-17,0.707106781186546));
#9810=DIRECTION('',(-2.21678271569019E-17,-1.,0.));
#9811=DIRECTION('',(-0.577350269189625,-0.577350269189625,0.577350269189628));
#9812=DIRECTION('',(0.707106781186549,-7.46478446254082E-17,-0.707106781186546));
#9813=DIRECTION('',(1.05567994271171E-16,1.,0.));
#9814=DIRECTION('',(0.577350269189625,-0.577350269189625,0.577350269189628));
#9815=DIRECTION('',(-4.32978028117748E-17,0.707106781186549,0.707106781186546));
#9816=DIRECTION('',(1.,6.12323399573677E-17,0.));
#9817=DIRECTION('',(0.,0.,1.));
#9818=DIRECTION('',(1.,0.,0.));
#9819=DIRECTION('',(-1.,-5.42101086242753E-16,0.));
#9820=DIRECTION('',(5.42101086242753E-16,-1.,0.));
#9821=DIRECTION('',(-5.42101086242753E-16,1.,0.));
#9822=DIRECTION('',(0.,0.,-1.));
#9823=DIRECTION('',(-5.42101086242753E-16,1.,0.));
#9824=DIRECTION('',(0.,0.,-1.));
#9825=DIRECTION('',(0.,1.,0.));
#9826=DIRECTION('',(0.,0.,1.));
#9827=DIRECTION('',(1.,0.,0.));
#9828=DIRECTION('',(0.,0.,-1.));
#9829=DIRECTION('',(1.,0.,0.));
#9830=DIRECTION('',(-1.,0.,0.));
#9831=DIRECTION('',(0.,0.,1.));
#9832=DIRECTION('',(0.,1.,0.));
#9833=DIRECTION('',(0.,0.,-1.));
#9834=DIRECTION('',(0.,1.,0.));
#9835=DIRECTION('',(0.,1.,0.));
#9836=DIRECTION('',(0.,0.,1.));
#9837=DIRECTION('',(1.,0.,0.));
#9838=DIRECTION('',(1.,0.,0.));
#9839=DIRECTION('',(0.,0.,1.));
#9840=DIRECTION('',(1.,0.,0.));
#9841=DIRECTION('',(0.,0.,1.));
#9842=DIRECTION('',(1.,0.,0.));
#9843=DIRECTION('',(0.,0.,1.));
#9844=DIRECTION('',(1.,0.,0.));
#9845=DIRECTION('',(0.,1.,0.));
#9846=DIRECTION('',(0.,0.,1.));
#9847=DIRECTION('',(1.,0.,0.));
#9848=DIRECTION('',(0.,0.,-1.));
#9849=DIRECTION('',(1.,0.,0.));
#9850=DIRECTION('',(0.,0.,-1.));
#9851=DIRECTION('',(1.,0.,0.));
#9852=DIRECTION('',(0.,0.,-1.));
#9853=DIRECTION('',(0.,-1.,0.));
#9854=DIRECTION('',(0.,0.,-1.));
#9855=DIRECTION('',(0.,-1.,0.));
#9856=DIRECTION('',(0.,1.,0.));
#9857=DIRECTION('',(0.,0.,1.));
#9858=DIRECTION('',(1.,0.,0.));
#9859=DIRECTION('',(0.,0.,-1.));
#9860=DIRECTION('',(1.,0.,0.));
#9861=DIRECTION('',(0.,0.,-1.));
#9862=DIRECTION('',(-1.,0.,0.));
#9863=DIRECTION('',(0.,0.,1.));
#9864=DIRECTION('',(1.,0.,0.));
#9865=DIRECTION('',(0.,0.,1.));
#9866=DIRECTION('',(1.,0.,0.));
#9867=DIRECTION('',(1.,0.,0.));
#9868=DIRECTION('',(0.,0.,-1.));
#9869=DIRECTION('',(0.,-1.,0.));
#9870=DIRECTION('',(0.,-1.,0.));
#9871=DIRECTION('',(0.,0.,1.));
#9872=DIRECTION('',(1.,0.,0.));
#9873=DIRECTION('',(0.,0.,1.));
#9874=DIRECTION('',(1.,0.,0.));
#9875=DIRECTION('',(0.,0.,1.));
#9876=DIRECTION('',(1.,0.,0.));
#9877=DIRECTION('',(0.707106781186545,0.70710678118655,0.));
#9878=DIRECTION('',(0.70710678118655,-0.707106781186545,0.));
#9879=DIRECTION('',(0.70710678118655,-0.707106781186545,0.));
#9880=DIRECTION('',(0.,0.,-1.));
#9881=DIRECTION('',(0.70710678118655,-0.707106781186545,0.));
#9882=DIRECTION('',(0.,0.,-1.));
#9883=DIRECTION('',(-1.,1.513563213143E-16,0.));
#9884=DIRECTION('',(1.513563213143E-16,1.,0.));
#9885=DIRECTION('',(1.513563213143E-16,1.,0.));
#9886=DIRECTION('',(1.513563213143E-16,1.,0.));
#9887=DIRECTION('',(0.,0.,-1.));
#9888=DIRECTION('',(0.707106781186547,-0.707106781186548,0.));
#9889=DIRECTION('',(-0.707106781186548,-0.707106781186547,0.));
#9890=DIRECTION('',(-0.707106781186548,-0.707106781186547,0.));
#9891=DIRECTION('',(-0.707106781186548,-0.707106781186547,0.));
#9892=DIRECTION('',(0.,0.,-1.));
#9893=DIRECTION('',(-4.50619906784662E-17,-1.,0.));
#9894=DIRECTION('',(-1.,4.50619906784662E-17,0.));
#9895=DIRECTION('',(-1.,4.50619906784662E-17,0.));
#9896=DIRECTION('',(-1.,4.50619906784662E-17,0.));
#9897=DIRECTION('',(0.,0.,-1.));
#9898=DIRECTION('',(0.707106781186546,0.707106781186549,0.));
#9899=DIRECTION('',(0.707106781186549,-0.707106781186546,0.));
#9900=DIRECTION('',(0.707106781186549,-0.707106781186546,0.));
#9901=DIRECTION('',(0.707106781186549,-0.707106781186546,0.));
#9902=DIRECTION('',(0.,0.,-1.));
#9903=DIRECTION('',(-1.,1.513563213143E-16,0.));
#9904=DIRECTION('',(1.513563213143E-16,1.,0.));
#9905=DIRECTION('',(1.513563213143E-16,1.,0.));
#9906=DIRECTION('',(1.513563213143E-16,1.,0.));
#9907=DIRECTION('',(0.,0.,-1.));
#9908=DIRECTION('',(-0.707106781186545,0.70710678118655,0.));
#9909=DIRECTION('',(0.70710678118655,0.707106781186545,0.));
#9910=DIRECTION('',(0.70710678118655,0.707106781186545,0.));
#9911=DIRECTION('',(0.70710678118655,0.707106781186545,0.));
#9912=DIRECTION('',(0.,0.,-1.));
#9913=DIRECTION('',(-4.50619906784662E-17,-1.,0.));
#9914=DIRECTION('',(-1.,4.50619906784662E-17,0.));
#9915=DIRECTION('',(-1.,4.50619906784662E-17,0.));
#9916=DIRECTION('',(-1.,4.50619906784662E-17,0.));
#9917=DIRECTION('',(0.,0.,-1.));
#9918=DIRECTION('',(6.12323399573677E-17,-1.,0.));
#9919=DIRECTION('',(0.,0.,-1.));
#9920=DIRECTION('',(6.12323399573677E-17,-1.,0.));
#9921=DIRECTION('',(0.,0.,1.));
#9922=DIRECTION('',(1.,0.,0.));
#9923=DIRECTION('',(1.,0.,0.));
#9924=DIRECTION('',(0.,0.,-1.));
#9925=DIRECTION('',(0.,-1.,0.));
#9926=DIRECTION('',(0.,0.,-1.));
#9927=DIRECTION('',(0.,-1.,0.));
#9928=DIRECTION('',(0.,0.,-1.));
#9929=DIRECTION('',(0.,1.,0.));
#9930=DIRECTION('',(0.,0.,1.));
#9931=DIRECTION('',(1.,0.,0.));
#9932=DIRECTION('',(0.,0.,-1.));
#9933=DIRECTION('',(1.,0.,0.));
#9934=DIRECTION('',(1.,0.,0.));
#9935=DIRECTION('',(0.,0.,-1.));
#9936=DIRECTION('',(0.,-1.,0.));
#9937=DIRECTION('',(0.,0.,-1.));
#9938=DIRECTION('',(0.,-1.,0.));
#9939=DIRECTION('',(0.,1.,0.));
#9940=DIRECTION('',(0.,0.,1.));
#9941=DIRECTION('',(1.,0.,0.));
#9942=DIRECTION('',(1.,0.,0.));
#9943=DIRECTION('',(0.,0.,1.));
#9944=DIRECTION('',(1.,0.,0.));
#9945=DIRECTION('',(0.,0.,1.));
#9946=DIRECTION('',(1.,0.,0.));
#9947=DIRECTION('',(0.,0.,1.));
#9948=DIRECTION('',(1.,0.,0.));
#9949=DIRECTION('',(0.,1.,0.));
#9950=DIRECTION('',(0.,0.,1.));
#9951=DIRECTION('',(1.,0.,0.));
#9952=DIRECTION('',(0.,0.,-1.));
#9953=DIRECTION('',(1.,0.,0.));
#9954=DIRECTION('',(0.,0.,-1.));
#9955=DIRECTION('',(1.,0.,0.));
#9956=DIRECTION('',(0.,0.,-1.));
#9957=DIRECTION('',(0.,-1.,0.));
#9958=DIRECTION('',(0.,0.,-1.));
#9959=DIRECTION('',(0.,-1.,0.));
#9960=DIRECTION('',(0.,1.,0.));
#9961=DIRECTION('',(0.,0.,1.));
#9962=DIRECTION('',(1.,0.,0.));
#9963=DIRECTION('',(0.,0.,-1.));
#9964=DIRECTION('',(1.,0.,0.));
#9965=DIRECTION('',(0.,0.,-1.));
#9966=DIRECTION('',(-1.,0.,0.));
#9967=DIRECTION('',(0.,0.,1.));
#9968=DIRECTION('',(1.,0.,0.));
#9969=DIRECTION('',(0.,0.,1.));
#9970=DIRECTION('',(1.,0.,0.));
#9971=DIRECTION('',(1.,0.,0.));
#9972=DIRECTION('',(0.,0.,-1.));
#9973=DIRECTION('',(0.,-1.,0.));
#9974=DIRECTION('',(0.,-1.,0.));
#9975=DIRECTION('',(0.,0.,1.));
#9976=DIRECTION('',(1.,0.,0.));
#9977=DIRECTION('',(0.,0.,1.));
#9978=DIRECTION('',(1.,0.,0.));
#9979=DIRECTION('',(0.,0.,1.));
#9980=DIRECTION('',(1.,0.,0.));
#9981=DIRECTION('',(1.,-2.21678271569019E-17,0.));
#9982=DIRECTION('',(-2.21678271569019E-17,-1.,0.));
#9983=DIRECTION('',(0.,0.,1.));
#9984=DIRECTION('',(2.21678271569019E-17,1.,0.));
#9985=DIRECTION('',(0.,0.,1.));
#9986=DIRECTION('',(-2.21678271569019E-17,-1.,0.));
#9987=DIRECTION('',(-6.12323399573677E-17,1.,0.));
#9988=DIRECTION('',(0.,0.,-1.));
#9989=DIRECTION('',(0.,0.,1.));
#9990=DIRECTION('',(1.,6.12323399573677E-17,0.));
#9991=DIRECTION('',(-1.,-6.12323399573677E-17,0.));
#9992=DIRECTION('',(1.,-1.05567994271171E-16,0.));
#9993=DIRECTION('',(-1.05567994271171E-16,-1.,0.));
#9994=DIRECTION('',(0.,0.,1.));
#9995=DIRECTION('',(-1.05567994271171E-16,-1.,0.));
#9996=DIRECTION('',(1.05567994271171E-16,1.,0.));
#9997=DIRECTION('',(-6.12323399573677E-17,1.,0.));
#9998=DIRECTION('',(0.,0.,-1.));
#9999=DIRECTION('',(-1.,-6.12323399573677E-17,0.));
#10000=DIRECTION('',(1.,6.12323399573677E-17,0.));
#10001=DIRECTION('',(0.,0.,-1.));
#10002=DIRECTION('',(6.12323399573677E-17,-1.,0.));
#10003=DIRECTION('',(1.05567994271171E-16,1.,0.));
#10004=DIRECTION('',(1.,6.12323399573677E-17,0.));
#10005=DIRECTION('',(-2.21678271569019E-17,-1.,0.));
#10006=DIRECTION('',(-1.,-6.12323399573677E-17,0.));
#10007=DIRECTION('',(0.,0.,-1.));
#10008=DIRECTION('',(6.12323399573677E-17,-1.,0.));
#10009=DIRECTION('',(2.21678271569019E-17,1.,0.));
#10010=DIRECTION('',(-1.,-6.12323399573677E-17,0.));
#10011=DIRECTION('',(-1.05567994271171E-16,-1.,0.));
#10012=DIRECTION('',(1.,6.12323399573677E-17,0.));
#10013=DIRECTION('',(4.32978028117746E-17,-0.707106781186548,-0.707106781186548));
#10014=DIRECTION('',(1.,6.12323399573677E-17,0.));
#10015=DIRECTION('',(-0.577350269189626,-0.577350269189626,0.577350269189626));
#10016=DIRECTION('',(-0.577350269189626,0.577350269189626,-0.577350269189626));
#10017=DIRECTION('',(-0.707106781186548,1.56750209068166E-17,0.707106781186548));
#10018=DIRECTION('',(2.21678271569019E-17,1.,0.));
#10019=DIRECTION('',(0.577350269189626,0.577350269189626,0.577350269189626));
#10020=DIRECTION('',(-0.707106781186548,7.4647844625408E-17,-0.707106781186548));
#10021=DIRECTION('',(-1.05567994271171E-16,-1.,0.));
#10022=DIRECTION('',(-0.577350269189626,0.577350269189626,0.577350269189626));
#10023=DIRECTION('',(4.32978028117746E-17,-0.707106781186548,0.707106781186548));
#10024=DIRECTION('',(-1.,-6.12323399573677E-17,0.));
#10025=DIRECTION('',(-4.32978028117748E-17,0.707106781186549,-0.707106781186546));
#10026=DIRECTION('',(-1.,-6.12323399573677E-17,0.));
#10027=DIRECTION('',(0.577350269189625,0.577350269189625,0.577350269189628));
#10028=DIRECTION('',(0.577350269189625,-0.577350269189625,-0.577350269189628));
#10029=DIRECTION('',(0.707106781186549,-1.56750209068167E-17,0.707106781186546));
#10030=DIRECTION('',(-2.21678271569019E-17,-1.,0.));
#10031=DIRECTION('',(-0.577350269189625,-0.577350269189625,0.577350269189628));
#10032=DIRECTION('',(0.707106781186549,-7.46478446254082E-17,-0.707106781186546));
#10033=DIRECTION('',(1.05567994271171E-16,1.,0.));
#10034=DIRECTION('',(0.577350269189625,-0.577350269189625,0.577350269189628));
#10035=DIRECTION('',(-4.32978028117748E-17,0.707106781186549,0.707106781186546));
#10036=DIRECTION('',(1.,6.12323399573677E-17,0.));
#10037=DIRECTION('',(0.,0.,1.));
#10038=DIRECTION('',(1.,0.,0.));
#10039=DIRECTION('',(0.,1.,0.));
#10040=DIRECTION('',(0.,0.,1.));
#10041=DIRECTION('',(1.,0.,0.));
#10042=DIRECTION('',(0.,0.,-1.));
#10043=DIRECTION('',(1.,0.,0.));
#10044=DIRECTION('',(0.,0.,-1.));
#10045=DIRECTION('',(1.,0.,0.));
#10046=DIRECTION('',(0.,0.,-1.));
#10047=DIRECTION('',(0.,-1.,0.));
#10048=DIRECTION('',(0.,0.,-1.));
#10049=DIRECTION('',(0.,-1.,0.));
#10050=DIRECTION('',(0.,1.,0.));
#10051=DIRECTION('',(0.,0.,1.));
#10052=DIRECTION('',(1.,0.,0.));
#10053=DIRECTION('',(0.,0.,-1.));
#10054=DIRECTION('',(1.,0.,0.));
#10055=DIRECTION('',(1.,0.,0.));
#10056=DIRECTION('',(0.,0.,-1.));
#10057=DIRECTION('',(0.,-1.,0.));
#10058=DIRECTION('',(0.,-1.,0.));
#10059=DIRECTION('',(0.,0.,1.));
#10060=DIRECTION('',(1.,0.,0.));
#10061=DIRECTION('',(0.,0.,1.));
#10062=DIRECTION('',(1.,0.,0.));
#10063=DIRECTION('',(0.,0.,1.));
#10064=DIRECTION('',(1.,0.,0.));
#10065=DIRECTION('',(0.707106781186545,0.70710678118655,0.));
#10066=DIRECTION('',(0.70710678118655,-0.707106781186545,0.));
#10067=DIRECTION('',(0.70710678118655,-0.707106781186545,0.));
#10068=DIRECTION('',(0.,0.,-1.));
#10069=DIRECTION('',(0.70710678118655,-0.707106781186545,0.));
#10070=DIRECTION('',(0.,0.,-1.));
#10071=DIRECTION('',(-1.,1.513563213143E-16,0.));
#10072=DIRECTION('',(1.513563213143E-16,1.,0.));
#10073=DIRECTION('',(1.513563213143E-16,1.,0.));
#10074=DIRECTION('',(1.513563213143E-16,1.,0.));
#10075=DIRECTION('',(0.,0.,-1.));
#10076=DIRECTION('',(0.707106781186547,-0.707106781186548,0.));
#10077=DIRECTION('',(-0.707106781186548,-0.707106781186547,0.));
#10078=DIRECTION('',(-0.707106781186548,-0.707106781186547,0.));
#10079=DIRECTION('',(-0.707106781186548,-0.707106781186547,0.));
#10080=DIRECTION('',(0.,0.,-1.));
#10081=DIRECTION('',(-4.50619906784662E-17,-1.,0.));
#10082=DIRECTION('',(-1.,4.50619906784662E-17,0.));
#10083=DIRECTION('',(-1.,4.50619906784662E-17,0.));
#10084=DIRECTION('',(-1.,4.50619906784662E-17,0.));
#10085=DIRECTION('',(0.,0.,-1.));
#10086=DIRECTION('',(0.707106781186546,0.707106781186549,0.));
#10087=DIRECTION('',(0.707106781186549,-0.707106781186546,0.));
#10088=DIRECTION('',(0.707106781186549,-0.707106781186546,0.));
#10089=DIRECTION('',(0.707106781186549,-0.707106781186546,0.));
#10090=DIRECTION('',(0.,0.,-1.));
#10091=DIRECTION('',(-1.,1.513563213143E-16,0.));
#10092=DIRECTION('',(1.513563213143E-16,1.,0.));
#10093=DIRECTION('',(1.513563213143E-16,1.,0.));
#10094=DIRECTION('',(1.513563213143E-16,1.,0.));
#10095=DIRECTION('',(0.,0.,-1.));
#10096=DIRECTION('',(-0.707106781186545,0.70710678118655,0.));
#10097=DIRECTION('',(0.70710678118655,0.707106781186545,0.));
#10098=DIRECTION('',(0.70710678118655,0.707106781186545,0.));
#10099=DIRECTION('',(0.70710678118655,0.707106781186545,0.));
#10100=DIRECTION('',(0.,0.,-1.));
#10101=DIRECTION('',(-4.50619906784662E-17,-1.,0.));
#10102=DIRECTION('',(-1.,4.50619906784662E-17,0.));
#10103=DIRECTION('',(-1.,4.50619906784662E-17,0.));
#10104=DIRECTION('',(-1.,4.50619906784662E-17,0.));
#10105=DIRECTION('',(0.,0.,-1.));
#10106=DIRECTION('',(6.12323399573677E-17,-1.,0.));
#10107=DIRECTION('',(0.,0.,-1.));
#10108=DIRECTION('',(6.12323399573677E-17,-1.,0.));
#10109=DIRECTION('',(0.,0.,1.));
#10110=DIRECTION('',(1.,0.,0.));
#10111=DIRECTION('',(1.,-2.21678271569019E-17,0.));
#10112=DIRECTION('',(-2.21678271569019E-17,-1.,0.));
#10113=DIRECTION('',(0.,0.,1.));
#10114=DIRECTION('',(2.21678271569019E-17,1.,0.));
#10115=DIRECTION('',(0.,0.,1.));
#10116=DIRECTION('',(-2.21678271569019E-17,-1.,0.));
#10117=DIRECTION('',(-6.12323399573677E-17,1.,0.));
#10118=DIRECTION('',(0.,0.,-1.));
#10119=DIRECTION('',(0.,0.,1.));
#10120=DIRECTION('',(1.,6.12323399573677E-17,0.));
#10121=DIRECTION('',(-1.,-6.12323399573677E-17,0.));
#10122=DIRECTION('',(1.,-1.05567994271171E-16,0.));
#10123=DIRECTION('',(-1.05567994271171E-16,-1.,0.));
#10124=DIRECTION('',(0.,0.,1.));
#10125=DIRECTION('',(-1.05567994271171E-16,-1.,0.));
#10126=DIRECTION('',(1.05567994271171E-16,1.,0.));
#10127=DIRECTION('',(-6.12323399573677E-17,1.,0.));
#10128=DIRECTION('',(0.,0.,-1.));
#10129=DIRECTION('',(-1.,-6.12323399573677E-17,0.));
#10130=DIRECTION('',(1.,6.12323399573677E-17,0.));
#10131=DIRECTION('',(0.,0.,-1.));
#10132=DIRECTION('',(6.12323399573677E-17,-1.,0.));
#10133=DIRECTION('',(1.05567994271171E-16,1.,0.));
#10134=DIRECTION('',(1.,6.12323399573677E-17,0.));
#10135=DIRECTION('',(-2.21678271569019E-17,-1.,0.));
#10136=DIRECTION('',(-1.,-6.12323399573677E-17,0.));
#10137=DIRECTION('',(0.,0.,-1.));
#10138=DIRECTION('',(6.12323399573677E-17,-1.,0.));
#10139=DIRECTION('',(2.21678271569019E-17,1.,0.));
#10140=DIRECTION('',(-1.,-6.12323399573677E-17,0.));
#10141=DIRECTION('',(-1.05567994271171E-16,-1.,0.));
#10142=DIRECTION('',(1.,6.12323399573677E-17,0.));
#10143=DIRECTION('',(4.32978028117746E-17,-0.707106781186548,-0.707106781186548));
#10144=DIRECTION('',(1.,6.12323399573677E-17,0.));
#10145=DIRECTION('',(-0.577350269189626,-0.577350269189626,0.577350269189626));
#10146=DIRECTION('',(-0.577350269189626,0.577350269189626,-0.577350269189626));
#10147=DIRECTION('',(-0.707106781186548,1.56750209068166E-17,0.707106781186548));
#10148=DIRECTION('',(2.21678271569019E-17,1.,0.));
#10149=DIRECTION('',(0.577350269189626,0.577350269189626,0.577350269189626));
#10150=DIRECTION('',(-0.707106781186548,7.4647844625408E-17,-0.707106781186548));
#10151=DIRECTION('',(-1.05567994271171E-16,-1.,0.));
#10152=DIRECTION('',(-0.577350269189626,0.577350269189626,0.577350269189626));
#10153=DIRECTION('',(4.32978028117746E-17,-0.707106781186548,0.707106781186548));
#10154=DIRECTION('',(-1.,-6.12323399573677E-17,0.));
#10155=DIRECTION('',(-4.32978028117748E-17,0.707106781186549,-0.707106781186546));
#10156=DIRECTION('',(-1.,-6.12323399573677E-17,0.));
#10157=DIRECTION('',(0.577350269189625,0.577350269189625,0.577350269189628));
#10158=DIRECTION('',(0.577350269189625,-0.577350269189625,-0.577350269189628));
#10159=DIRECTION('',(0.707106781186549,-1.56750209068167E-17,0.707106781186546));
#10160=DIRECTION('',(-2.21678271569019E-17,-1.,0.));
#10161=DIRECTION('',(-0.577350269189625,-0.577350269189625,0.577350269189628));
#10162=DIRECTION('',(0.707106781186549,-7.46478446254082E-17,-0.707106781186546));
#10163=DIRECTION('',(1.05567994271171E-16,1.,0.));
#10164=DIRECTION('',(0.577350269189625,-0.577350269189625,0.577350269189628));
#10165=DIRECTION('',(-4.32978028117748E-17,0.707106781186549,0.707106781186546));
#10166=DIRECTION('',(1.,6.12323399573677E-17,0.));
#10167=DIRECTION('',(0.,0.,1.));
#10168=DIRECTION('',(1.,0.,0.));
#10169=DIRECTION('',(0.,0.,1.));
#10170=DIRECTION('',(1.,0.,0.));
#10171=DIRECTION('',(-1.,0.,0.));
#10172=DIRECTION('',(-0.461821196076148,0.886973045168114,0.));
#10173=DIRECTION('',(-0.998156418938853,-0.060694013964847,0.));
#10174=DIRECTION('',(-0.99955034099029,-0.0299852601488794,2.18837996742978E-14));
#10175=DIRECTION('',(-1.,0.,0.));
#10176=DIRECTION('',(0.,-1.,0.));
#10177=DIRECTION('',(-1.,0.,0.));
#10178=DIRECTION('',(0.,1.,0.));
#10179=DIRECTION('',(1.,0.,0.));
#10180=DIRECTION('',(0.,0.,1.));
#10181=DIRECTION('',(1.,0.,0.));
#10182=DIRECTION('',(0.,0.,1.));
#10183=DIRECTION('',(1.,0.,0.));
#10184=DIRECTION('',(0.,0.,1.));
#10185=DIRECTION('',(1.,0.,0.));
#10186=DIRECTION('',(0.,0.,1.));
#10187=DIRECTION('',(1.,0.,0.));
#10188=DIRECTION('',(0.,0.,1.));
#10189=DIRECTION('',(1.,0.,0.));
#10190=DIRECTION('',(0.501167968631896,-0.865350025837741,0.));
#10191=DIRECTION('',(1.,0.,0.));
#10192=DIRECTION('',(0.,-1.,0.));
#10193=DIRECTION('',(1.,0.,0.));
#10194=DIRECTION('',(0.,-1.,0.));
#10195=DIRECTION('',(0.,0.,1.));
#10196=DIRECTION('',(1.,0.,0.));
#10197=DIRECTION('',(0.,0.,1.));
#10198=DIRECTION('',(1.,0.,0.));
#10199=DIRECTION('',(0.,0.,1.));
#10200=DIRECTION('',(1.,0.,0.));
#10201=DIRECTION('',(0.,0.,1.));
#10202=DIRECTION('',(1.,0.,0.));
#10203=DIRECTION('',(0.,0.,1.));
#10204=DIRECTION('',(1.,0.,0.));
#10205=DIRECTION('',(0.,0.,1.));
#10206=DIRECTION('',(1.,0.,0.));
#10207=DIRECTION('',(0.,0.,1.));
#10208=DIRECTION('',(1.,0.,0.));
#10209=DIRECTION('',(0.,0.,1.));
#10210=DIRECTION('',(1.,0.,0.));
#10211=DIRECTION('',(0.,0.,1.));
#10212=DIRECTION('',(1.,0.,0.));
#10213=DIRECTION('',(0.,0.,1.));
#10214=DIRECTION('',(1.,0.,0.));
#10215=DIRECTION('',(0.,0.,1.));
#10216=DIRECTION('',(1.,0.,0.));
#10217=DIRECTION('',(0.,0.,1.));
#10218=DIRECTION('',(1.,0.,0.));
#10219=DIRECTION('',(0.,0.,1.));
#10220=DIRECTION('',(1.,0.,0.));
#10221=DIRECTION('',(0.,0.,1.));
#10222=DIRECTION('',(1.,0.,0.));
#10223=DIRECTION('',(0.,0.,1.));
#10224=DIRECTION('',(1.,0.,0.));
#10225=DIRECTION('',(0.,0.,1.));
#10226=DIRECTION('',(1.,0.,0.));
#10227=DIRECTION('',(0.,0.,1.));
#10228=DIRECTION('',(1.,0.,0.));
#10229=DIRECTION('',(0.,0.,1.));
#10230=DIRECTION('',(1.,0.,0.));
#10231=DIRECTION('',(0.,0.,1.));
#10232=DIRECTION('',(1.,0.,0.));
#10233=DIRECTION('',(0.,0.,1.));
#10234=DIRECTION('',(1.,0.,0.));
#10235=DIRECTION('',(0.,0.,1.));
#10236=DIRECTION('',(1.,0.,0.));
#10237=DIRECTION('',(0.,0.,1.));
#10238=DIRECTION('',(1.,0.,0.));
#10239=DIRECTION('',(0.,0.,1.));
#10240=DIRECTION('',(1.,0.,0.));
#10241=DIRECTION('',(0.,0.,1.));
#10242=DIRECTION('',(1.,0.,0.));
#10243=DIRECTION('',(0.,0.,1.));
#10244=DIRECTION('',(1.,0.,0.));
#10245=DIRECTION('',(0.,0.,1.));
#10246=DIRECTION('',(1.,0.,0.));
#10247=DIRECTION('',(-1.,0.,0.));
#10248=DIRECTION('',(0.,1.,0.));
#10249=DIRECTION('',(1.,0.,0.));
#10250=DIRECTION('',(0.,0.,1.));
#10251=DIRECTION('',(1.,0.,0.));
#10252=DIRECTION('',(0.,0.,1.));
#10253=DIRECTION('',(1.,0.,0.));
#10254=DIRECTION('',(1.,0.,0.));
#10255=DIRECTION('',(-0.52870952919882,-0.848802823825629,0.));
#10256=DIRECTION('',(0.581581982529338,-0.813487798062912,0.));
#10257=DIRECTION('',(-1.,0.,0.));
#10258=DIRECTION('',(-0.562092876829094,0.827074118696743,0.));
#10259=DIRECTION('',(0.,-1.,0.));
#10260=DIRECTION('',(-1.,0.,0.));
#10261=DIRECTION('',(0.,1.,0.));
#10262=DIRECTION('',(1.,0.,0.));
#10263=DIRECTION('',(0.,-1.,0.));
#10264=DIRECTION('',(0.512138525156553,0.85890286473528,0.));
#10265=DIRECTION('',(0.,0.,1.));
#10266=DIRECTION('',(1.,0.,0.));
#10267=DIRECTION('',(0.,0.,1.));
#10268=DIRECTION('',(1.,0.,0.));
#10269=DIRECTION('',(0.,0.,1.));
#10270=DIRECTION('',(1.,0.,0.));
#10271=DIRECTION('',(0.,0.,1.));
#10272=DIRECTION('',(1.,0.,0.));
#10273=DIRECTION('',(1.,0.,0.));
#10274=DIRECTION('',(0.,1.,0.));
#10275=DIRECTION('',(-1.,0.,0.));
#10276=DIRECTION('',(0.,0.,1.));
#10277=DIRECTION('',(1.,0.,0.));
#10278=DIRECTION('',(0.,0.,1.));
#10279=DIRECTION('',(1.,0.,0.));
#10280=DIRECTION('',(0.,0.,1.));
#10281=DIRECTION('',(1.,0.,0.));
#10282=DIRECTION('',(0.,0.,1.));
#10283=DIRECTION('',(1.,0.,0.));
#10284=DIRECTION('',(0.,0.,1.));
#10285=DIRECTION('',(1.,0.,0.));
#10286=DIRECTION('',(0.,0.,1.));
#10287=DIRECTION('',(1.,0.,0.));
#10288=DIRECTION('',(0.,0.,1.));
#10289=DIRECTION('',(1.,0.,0.));
#10290=DIRECTION('',(0.,0.,1.));
#10291=DIRECTION('',(1.,0.,0.));
#10292=DIRECTION('',(0.,0.,1.));
#10293=DIRECTION('',(1.,0.,0.));
#10294=DIRECTION('',(0.,0.,1.));
#10295=DIRECTION('',(1.,0.,0.));
#10296=DIRECTION('',(0.,0.,1.));
#10297=DIRECTION('',(1.,0.,0.));
#10298=DIRECTION('',(0.,0.,1.));
#10299=DIRECTION('',(1.,0.,0.));
#10300=DIRECTION('',(0.,0.,1.));
#10301=DIRECTION('',(1.,0.,0.));
#10302=DIRECTION('',(0.,0.,1.));
#10303=DIRECTION('',(1.,0.,0.));
#10304=DIRECTION('',(0.,0.,1.));
#10305=DIRECTION('',(1.,0.,0.));
#10306=DIRECTION('',(0.,0.,1.));
#10307=DIRECTION('',(1.,0.,0.));
#10308=DIRECTION('',(0.,0.,1.));
#10309=DIRECTION('',(1.,0.,0.));
#10310=DIRECTION('',(0.,0.,1.));
#10311=DIRECTION('',(1.,0.,0.));
#10312=DIRECTION('',(0.,0.,1.));
#10313=DIRECTION('',(1.,0.,0.));
#10314=DIRECTION('',(0.,0.,1.));
#10315=DIRECTION('',(1.,0.,0.));
#10316=DIRECTION('',(0.,0.,1.));
#10317=DIRECTION('',(1.,0.,0.));
#10318=DIRECTION('',(0.,0.,1.));
#10319=DIRECTION('',(1.,0.,0.));
#10320=DIRECTION('',(0.,0.,1.));
#10321=DIRECTION('',(1.,0.,0.));
#10322=DIRECTION('',(0.,0.,1.));
#10323=DIRECTION('',(1.,0.,0.));
#10324=DIRECTION('',(0.,0.,1.));
#10325=DIRECTION('',(1.,0.,0.));
#10326=DIRECTION('',(1.,0.,0.));
#10327=DIRECTION('',(0.,-1.,0.));
#10328=DIRECTION('',(1.,0.,0.));
#10329=DIRECTION('',(0.,-1.,0.));
#10330=DIRECTION('',(-0.461821196076148,0.886973045168114,0.));
#10331=DIRECTION('',(-1.,0.,0.));
#10332=DIRECTION('',(0.501167968631896,-0.865350025837741,0.));
#10333=DIRECTION('',(0.,0.,1.));
#10334=DIRECTION('',(1.,0.,0.));
#10335=DIRECTION('',(0.,0.,1.));
#10336=DIRECTION('',(1.,0.,0.));
#10337=DIRECTION('',(0.,0.,1.));
#10338=DIRECTION('',(1.,0.,0.));
#10339=DIRECTION('',(0.,0.,1.));
#10340=DIRECTION('',(1.,0.,0.));
#10341=DIRECTION('',(0.,0.,1.));
#10342=DIRECTION('',(1.,0.,0.));
#10343=DIRECTION('',(1.,0.,0.));
#10344=DIRECTION('',(0.,1.,0.));
#10345=DIRECTION('',(-1.,0.,0.));
#10346=DIRECTION('',(0.,-1.,0.));
#10347=DIRECTION('',(-1.,0.,0.));
#10348=DIRECTION('',(-0.99955034099029,-0.0299852601488794,2.18837996742978E-14));
#10349=DIRECTION('',(-0.998156418938853,-0.060694013964847,4.38396900840308E-14));
#10350=DIRECTION('',(-0.52870952919882,-0.848802823825629,0.));
#10351=DIRECTION('',(1.,0.,0.));
#10352=DIRECTION('',(0.512138525156553,0.85890286473528,0.));
#10353=DIRECTION('',(0.,-1.,0.));
#10354=DIRECTION('',(1.,0.,0.));
#10355=DIRECTION('',(0.,1.,0.));
#10356=DIRECTION('',(-1.,0.,0.));
#10357=DIRECTION('',(0.,-1.,0.));
#10358=DIRECTION('',(-0.562092876829094,0.827074118696743,0.));
#10359=DIRECTION('',(-1.,0.,0.));
#10360=DIRECTION('',(0.581581982529338,-0.813487798062912,0.));
#10361=DIRECTION('',(0.,1.,0.));
#10362=DIRECTION('',(0.,0.,1.));
#10363=DIRECTION('',(0.,0.,-1.));
#10364=DIRECTION('',(0.,0.,-1.));
#10365=DIRECTION('',(1.,0.,0.));
#10366=DIRECTION('',(0.,0.,-1.));
#10367=DIRECTION('',(0.,0.,-1.));
#10368=DIRECTION('',(0.,1.,0.));
#10369=DIRECTION('',(0.,0.,1.));
#10370=DIRECTION('',(0.,0.,-1.));
#10371=DIRECTION('',(1.,0.,0.));
#10372=DIRECTION('',(0.,0.,-1.));
#10373=DIRECTION('',(0.,0.,1.));
#10374=DIRECTION('',(1.,0.,0.));
#10375=DIRECTION('',(0.,0.,1.));
#10376=DIRECTION('',(1.,0.,0.));
#10377=DIRECTION('',(0.,0.,1.));
#10378=DIRECTION('',(1.,0.,0.));
#10379=DIRECTION('',(0.,0.,1.));
#10380=DIRECTION('',(1.,0.,0.));
#10381=DIRECTION('',(0.,0.,1.));
#10382=DIRECTION('',(1.,0.,0.));
#10383=DIRECTION('',(0.,0.,1.));
#10384=DIRECTION('',(0.989034698439072,-0.147683327710119,0.));
#10385=DIRECTION('',(0.,0.,1.));
#10386=DIRECTION('',(0.,0.,1.));
#10387=DIRECTION('',(0.,0.,1.));
#10388=DIRECTION('',(0.988944640876085,0.148285189019241,0.));
#10389=DIRECTION('',(0.,0.,1.));
#10390=DIRECTION('',(0.,0.,1.));
#10391=DIRECTION('',(0.872084089852639,0.489356046479345,0.));
#10392=DIRECTION('',(0.,0.,1.));
#10393=DIRECTION('',(0.,0.,1.));
#10394=DIRECTION('',(0.592158765640209,0.805821317833838,0.));
#10395=DIRECTION('',(0.,0.,1.));
#10396=DIRECTION('',(0.,0.,1.));
#10397=DIRECTION('',(0.200526076852187,0.979688364992803,0.));
#10398=DIRECTION('',(0.,0.,1.));
#10399=DIRECTION('',(0.,0.,1.));
#10400=DIRECTION('',(-0.200519884529674,0.979689632438869,0.));
#10401=DIRECTION('',(0.,0.,1.));
#10402=DIRECTION('',(0.,0.,1.));
#10403=DIRECTION('',(-0.591876455108113,0.806028697931193,0.));
#10404=DIRECTION('',(0.,0.,1.));
#10405=DIRECTION('',(0.,0.,1.));
#10406=DIRECTION('',(-0.872084089852578,0.489356046479452,0.));
#10407=DIRECTION('',(0.,0.,1.));
#10408=DIRECTION('',(0.,0.,1.));
#10409=DIRECTION('',(0.,0.,1.));
#10410=DIRECTION('',(-0.989034698439075,-0.147683327710099,0.));
#10411=DIRECTION('',(0.,0.,1.));
#10412=DIRECTION('',(0.,0.,1.));
#10413=DIRECTION('',(-0.872810980369841,-0.488058390508593,0.));
#10414=DIRECTION('',(0.,0.,1.));
#10415=DIRECTION('',(0.,0.,1.));
#10416=DIRECTION('',(-0.589165559540488,-0.808012341150396,0.));
#10417=DIRECTION('',(0.,0.,1.));
#10418=DIRECTION('',(0.,0.,1.));
#10419=DIRECTION('',(-0.196847565355519,-0.980434105900853,0.));
#10420=DIRECTION('',(0.,0.,1.));
#10421=DIRECTION('',(0.,0.,1.));
#10422=DIRECTION('',(0.196853858654853,-0.98043284233684,0.));
#10423=DIRECTION('',(0.,0.,1.));
#10424=DIRECTION('',(0.,0.,1.));
#10425=DIRECTION('',(0.589447134337883,-0.807806954550936,0.));
#10426=DIRECTION('',(0.,0.,1.));
#10427=DIRECTION('',(0.,0.,1.));
#10428=DIRECTION('',(0.872810980369908,-0.488058390508472,0.));
#10429=DIRECTION('',(0.886973045168114,0.461821196076148,0.));
#10430=DIRECTION('',(-0.461821196076148,0.886973045168114,0.));
#10431=DIRECTION('',(1.06292262148996E-27,-2.04144747441512E-27,1.));
#10432=DIRECTION('',(0.,0.,1.));
#10433=DIRECTION('',(0.,1.,0.));
#10434=DIRECTION('',(0.,0.,1.));
#10435=DIRECTION('',(0.,0.,1.));
#10436=DIRECTION('',(-0.865350025837741,-0.501167968631896,0.));
#10437=DIRECTION('',(0.501167968631896,-0.865350025837741,0.));
#10438=DIRECTION('',(0.,0.,1.));
#10439=DIRECTION('',(0.,0.,1.));
#10440=DIRECTION('',(0.639170841222485,-0.769064779931405,0.));
#10441=DIRECTION('',(0.,0.,1.));
#10442=DIRECTION('',(0.,0.,1.));
#10443=DIRECTION('',(0.,0.,1.));
#10444=DIRECTION('',(0.972461043666999,0.233065481249565,0.));
#10445=DIRECTION('',(0.,0.,1.));
#10446=DIRECTION('',(0.,0.,1.));
#10447=DIRECTION('',(0.774979442111563,0.631986443133435,0.));
#10448=DIRECTION('',(0.,0.,1.));
#10449=DIRECTION('',(0.,0.,1.));
#10450=DIRECTION('',(0.478889080382679,0.877875417522459,0.));
#10451=DIRECTION('',(0.,0.,1.));
#10452=DIRECTION('',(0.,0.,1.));
#10453=DIRECTION('',(0.158193419418429,0.987408143602586,0.));
#10454=DIRECTION('',(0.,0.,1.));
#10455=DIRECTION('',(0.,-1.,0.));
#10456=DIRECTION('',(0.,0.,-1.));
#10457=DIRECTION('',(0.,0.,1.));
#10458=DIRECTION('',(1.,0.,0.));
#10459=DIRECTION('',(0.,0.,-1.));
#10460=DIRECTION('',(0.,0.,1.));
#10461=DIRECTION('',(0.,1.,0.));
#10462=DIRECTION('',(0.,0.,1.));
#10463=DIRECTION('',(0.,0.,1.));
#10464=DIRECTION('',(-1.,0.,0.));
#10465=DIRECTION('',(0.,0.,1.));
#10466=DIRECTION('',(0.,0.,1.));
#10467=DIRECTION('',(0.,1.,0.));
#10468=DIRECTION('',(0.,0.,1.));
#10469=DIRECTION('',(0.,0.,1.));
#10470=DIRECTION('',(-0.0299852601488794,0.999550340990289,6.12446477948088E-29));
#10471=DIRECTION('',(-0.99955034099029,-0.0299852601488794,2.18837996742978E-14));
#10472=DIRECTION('',(0.,0.,1.));
#10473=DIRECTION('',(-0.060694013964847,0.998156418938853,2.10219694094623E-27));
#10474=DIRECTION('',(-0.998156418938853,-0.060694013964847,4.38396900840308E-14));
#10475=DIRECTION('',(0.,0.,1.));
#10476=DIRECTION('',(0.,0.,1.));
#10477=DIRECTION('',(0.,0.,1.));
#10478=DIRECTION('',(0.984358760698921,0.176175566510468,0.));
#10479=DIRECTION('',(0.,0.,1.));
#10480=DIRECTION('',(0.,0.,1.));
#10481=DIRECTION('',(0.84888243630515,0.528581695987132,0.));
#10482=DIRECTION('',(0.,0.,1.));
#10483=DIRECTION('',(0.,0.,1.));
#10484=DIRECTION('',(0.56083538091886,0.827927337095229,0.));
#10485=DIRECTION('',(0.,0.,1.));
#10486=DIRECTION('',(0.,0.,1.));
#10487=DIRECTION('',(0.,-1.,0.));
#10488=DIRECTION('',(0.,0.,-1.));
#10489=DIRECTION('',(0.,0.,1.));
#10490=DIRECTION('',(1.,0.,0.));
#10491=DIRECTION('',(0.,0.,-1.));
#10492=DIRECTION('',(0.,0.,1.));
#10493=DIRECTION('',(0.,1.,0.));
#10494=DIRECTION('',(0.,0.,1.));
#10495=DIRECTION('',(0.,0.,1.));
#10496=DIRECTION('',(0.,0.,1.));
#10497=DIRECTION('',(0.0756690461936992,-0.997132987844719,0.));
#10498=DIRECTION('',(0.,0.,1.));
#10499=DIRECTION('',(0.,0.,1.));
#10500=DIRECTION('',(0.238328101472132,-0.97118469718622,0.));
#10501=DIRECTION('',(0.,0.,1.));
#10502=DIRECTION('',(0.,0.,1.));
#10503=DIRECTION('',(0.456195732658596,-0.889879460097876,0.));
#10504=DIRECTION('',(0.,0.,1.));
#10505=DIRECTION('',(0.,0.,1.));
#10506=DIRECTION('',(0.708520957300777,-0.705689771121554,0.));
#10507=DIRECTION('',(0.,0.,1.));
#10508=DIRECTION('',(0.,0.,1.));
#10509=DIRECTION('',(0.906355339668074,-0.4225162698112,0.));
#10510=DIRECTION('',(-0.848802823825629,0.52870952919882,0.));
#10511=DIRECTION('',(-0.52870952919882,-0.848802823825629,0.));
#10512=DIRECTION('',(0.,0.,1.));
#10513=DIRECTION('',(0.,0.,1.));
#10514=DIRECTION('',(0.,-1.,0.));
#10515=DIRECTION('',(0.,0.,-1.));
#10516=DIRECTION('',(0.,0.,1.));
#10517=DIRECTION('',(0.85890286473528,-0.512138525156553,0.));
#10518=DIRECTION('',(0.512138525156553,0.85890286473528,0.));
#10519=DIRECTION('',(0.,0.,1.));
#10520=DIRECTION('',(-1.,0.,0.));
#10521=DIRECTION('',(0.,0.,1.));
#10522=DIRECTION('',(0.,0.,1.));
#10523=DIRECTION('',(0.,-1.,0.));
#10524=DIRECTION('',(0.,0.,-1.));
#10525=DIRECTION('',(0.,0.,1.));
#10526=DIRECTION('',(1.,0.,0.));
#10527=DIRECTION('',(0.,0.,-1.));
#10528=DIRECTION('',(0.,0.,1.));
#10529=DIRECTION('',(0.,1.,0.));
#10530=DIRECTION('',(0.,0.,1.));
#10531=DIRECTION('',(0.,0.,1.));
#10532=DIRECTION('',(-1.,0.,0.));
#10533=DIRECTION('',(0.,0.,1.));
#10534=DIRECTION('',(0.,0.,1.));
#10535=DIRECTION('',(0.827074118696743,0.562092876829094,0.));
#10536=DIRECTION('',(-0.562092876829094,0.827074118696743,0.));
#10537=DIRECTION('',(0.,0.,1.));
#10538=DIRECTION('',(0.,1.,0.));
#10539=DIRECTION('',(0.,0.,1.));
#10540=DIRECTION('',(0.,0.,1.));
#10541=DIRECTION('',(-0.813487798062912,-0.581581982529338,0.));
#10542=DIRECTION('',(0.581581982529338,-0.813487798062912,0.));
#10543=DIRECTION('',(0.,0.,1.));
#10544=DIRECTION('',(1.,0.,0.));
#10545=DIRECTION('',(0.707106781186545,0.70710678118655,0.));
#10546=DIRECTION('',(0.70710678118655,-0.707106781186545,0.));
#10547=DIRECTION('',(0.70710678118655,-0.707106781186545,0.));
#10548=DIRECTION('',(0.,0.,-1.));
#10549=DIRECTION('',(0.70710678118655,-0.707106781186545,0.));
#10550=DIRECTION('',(0.,0.,-1.));
#10551=DIRECTION('',(-1.,1.513563213143E-16,0.));
#10552=DIRECTION('',(1.513563213143E-16,1.,0.));
#10553=DIRECTION('',(1.513563213143E-16,1.,0.));
#10554=DIRECTION('',(1.513563213143E-16,1.,0.));
#10555=DIRECTION('',(0.,0.,-1.));
#10556=DIRECTION('',(0.707106781186547,-0.707106781186548,0.));
#10557=DIRECTION('',(-0.707106781186548,-0.707106781186547,0.));
#10558=DIRECTION('',(-0.707106781186548,-0.707106781186547,0.));
#10559=DIRECTION('',(-0.707106781186548,-0.707106781186547,0.));
#10560=DIRECTION('',(0.,0.,-1.));
#10561=DIRECTION('',(-4.50619906784662E-17,-1.,0.));
#10562=DIRECTION('',(-1.,4.50619906784662E-17,0.));
#10563=DIRECTION('',(-1.,4.50619906784662E-17,0.));
#10564=DIRECTION('',(-1.,4.50619906784662E-17,0.));
#10565=DIRECTION('',(0.,0.,-1.));
#10566=DIRECTION('',(0.707106781186546,0.707106781186549,0.));
#10567=DIRECTION('',(0.707106781186549,-0.707106781186546,0.));
#10568=DIRECTION('',(0.707106781186549,-0.707106781186546,0.));
#10569=DIRECTION('',(0.707106781186549,-0.707106781186546,0.));
#10570=DIRECTION('',(0.,0.,-1.));
#10571=DIRECTION('',(-1.,1.513563213143E-16,0.));
#10572=DIRECTION('',(1.513563213143E-16,1.,0.));
#10573=DIRECTION('',(1.513563213143E-16,1.,0.));
#10574=DIRECTION('',(1.513563213143E-16,1.,0.));
#10575=DIRECTION('',(0.,0.,-1.));
#10576=DIRECTION('',(-0.707106781186545,0.70710678118655,0.));
#10577=DIRECTION('',(0.70710678118655,0.707106781186545,0.));
#10578=DIRECTION('',(0.70710678118655,0.707106781186545,0.));
#10579=DIRECTION('',(0.70710678118655,0.707106781186545,0.));
#10580=DIRECTION('',(0.,0.,-1.));
#10581=DIRECTION('',(-4.50619906784662E-17,-1.,0.));
#10582=DIRECTION('',(-1.,4.50619906784662E-17,0.));
#10583=DIRECTION('',(-1.,4.50619906784662E-17,0.));
#10584=DIRECTION('',(-1.,4.50619906784662E-17,0.));
#10585=DIRECTION('',(0.,0.,-1.));
#10586=DIRECTION('',(6.12323399573677E-17,-1.,0.));
#10587=DIRECTION('',(0.,0.,-1.));
#10588=DIRECTION('',(6.12323399573677E-17,-1.,0.));
#10589=DIRECTION('',(0.,0.,1.));
#10590=DIRECTION('',(1.,0.,0.));
#10591=DIRECTION('',(0.,1.,0.));
#10592=DIRECTION('',(0.,0.,1.));
#10593=DIRECTION('',(1.,0.,0.));
#10594=DIRECTION('',(0.,0.,-1.));
#10595=DIRECTION('',(1.,0.,0.));
#10596=DIRECTION('',(0.,0.,-1.));
#10597=DIRECTION('',(1.,0.,0.));
#10598=DIRECTION('',(0.,0.,-1.));
#10599=DIRECTION('',(0.,-1.,0.));
#10600=DIRECTION('',(0.,0.,-1.));
#10601=DIRECTION('',(0.,-1.,0.));
#10602=DIRECTION('',(0.,1.,0.));
#10603=DIRECTION('',(0.,0.,1.));
#10604=DIRECTION('',(1.,0.,0.));
#10605=DIRECTION('',(0.,0.,-1.));
#10606=DIRECTION('',(1.,0.,0.));
#10607=DIRECTION('',(1.,0.,0.));
#10608=DIRECTION('',(0.,0.,-1.));
#10609=DIRECTION('',(0.,-1.,0.));
#10610=DIRECTION('',(0.,-1.,0.));
#10611=DIRECTION('',(0.,0.,1.));
#10612=DIRECTION('',(1.,0.,0.));
#10613=DIRECTION('',(0.,0.,1.));
#10614=DIRECTION('',(1.,0.,0.));
#10615=DIRECTION('',(0.,0.,1.));
#10616=DIRECTION('',(1.,0.,0.));
#10617=DIRECTION('',(0.,0.,1.));
#10618=DIRECTION('',(1.,0.,0.));
#10619=DIRECTION('',(1.,0.,0.));
#10620=DIRECTION('',(0.,-1.,0.));
#10621=DIRECTION('',(-1.,0.,0.));
#10622=DIRECTION('',(0.,0.,1.));
#10623=DIRECTION('',(1.,0.,0.));
#10624=DIRECTION('',(0.,0.,1.));
#10625=DIRECTION('',(1.,0.,0.));
#10626=DIRECTION('',(0.,0.,1.));
#10627=DIRECTION('',(1.,0.,0.));
#10628=DIRECTION('',(0.,0.,1.));
#10629=DIRECTION('',(0.,0.,1.));
#10630=DIRECTION('',(0.,0.,1.));
#10631=DIRECTION('',(0.992841563372489,0.119438812954886,0.));
#10632=DIRECTION('',(0.,0.,1.));
#10633=DIRECTION('',(0.,0.,1.));
#10634=DIRECTION('',(1.,0.,0.));
#10635=DIRECTION('',(0.,0.,1.));
#10636=DIRECTION('',(0.887417715172618,0.460966157974542,0.));
#10637=DIRECTION('',(0.,0.,1.));
#10638=DIRECTION('',(0.,0.,1.));
#10639=DIRECTION('',(1.,0.,0.));
#10640=DIRECTION('',(0.,0.,1.));
#10641=DIRECTION('',(0.574476132749142,0.81852133319883,0.));
#10642=DIRECTION('',(0.,0.,1.));
#10643=DIRECTION('',(0.,0.,1.));
#10644=DIRECTION('',(1.,0.,0.));
#10645=DIRECTION('',(0.,0.,1.));
#10646=DIRECTION('',(0.,1.,0.));
#10647=DIRECTION('',(0.,0.,1.));
#10648=DIRECTION('',(0.,0.,1.));
#10649=DIRECTION('',(-1.,0.,0.));
#10650=DIRECTION('',(-1.,0.,0.));
#10651=DIRECTION('',(0.,0.,1.));
#10652=DIRECTION('',(0.,0.,1.));
#10653=DIRECTION('',(0.,-1.,0.));
#10654=DIRECTION('',(0.,-1.,0.));
#10655=DIRECTION('',(0.,0.,-1.));
#10656=DIRECTION('',(0.,0.,1.));
#10657=DIRECTION('',(1.,0.,0.));
#10658=DIRECTION('',(0.,0.,1.));
#10659=DIRECTION('',(1.,0.,0.));
#10660=DIRECTION('',(0.,0.,1.));
#10661=DIRECTION('',(1.,0.,0.));
#10662=DIRECTION('',(0.,1.,0.));
#10663=DIRECTION('',(0.,0.,1.));
#10664=DIRECTION('',(1.,0.,0.));
#10665=DIRECTION('',(0.,0.,-1.));
#10666=DIRECTION('',(1.,0.,0.));
#10667=DIRECTION('',(0.,0.,-1.));
#10668=DIRECTION('',(0.,0.,-1.));
#10669=DIRECTION('',(-1.,0.,0.));
#10670=DIRECTION('',(0.,0.,1.));
#10671=DIRECTION('',(1.,0.,0.));
#10672=DIRECTION('',(0.,0.,-1.));
#10673=DIRECTION('',(0.,0.,1.));
#10674=DIRECTION('',(1.,0.,0.));
#10675=DIRECTION('',(1.,0.,0.));
#10676=DIRECTION('',(0.,0.,-1.));
#10677=DIRECTION('',(0.,-1.,0.));
#10678=DIRECTION('',(0.,0.,-1.));
#10679=DIRECTION('',(0.,-1.,0.));
#10680=DIRECTION('',(0.,0.,-1.));
#10681=DIRECTION('',(-1.,0.,0.));
#10682=DIRECTION('',(0.,0.,1.));
#10683=DIRECTION('',(1.,0.,0.));
#10684=DIRECTION('',(0.,0.,-1.));
#10685=DIRECTION('',(0.,0.,1.));
#10686=DIRECTION('',(1.,0.,0.));
#10687=DIRECTION('',(0.,1.,0.));
#10688=DIRECTION('',(0.,0.,1.));
#10689=DIRECTION('',(1.,0.,0.));
#10690=DIRECTION('',(0.,0.,-1.));
#10691=DIRECTION('',(1.,0.,0.));
#10692=DIRECTION('',(0.,0.,-1.));
#10693=DIRECTION('',(-1.,0.,0.));
#10694=DIRECTION('',(0.,0.,1.));
#10695=DIRECTION('',(1.,0.,0.));
#10696=DIRECTION('',(0.,0.,-1.));
#10697=DIRECTION('',(0.,0.,1.));
#10698=DIRECTION('',(1.,0.,0.));
#10699=DIRECTION('',(1.,0.,0.));
#10700=DIRECTION('',(0.,0.,-1.));
#10701=DIRECTION('',(0.,-1.,0.));
#10702=DIRECTION('',(0.,0.,-1.));
#10703=DIRECTION('',(0.,-1.,0.));
#10704=DIRECTION('',(0.,0.,-1.));
#10705=DIRECTION('',(-1.,0.,0.));
#10706=DIRECTION('',(0.,0.,1.));
#10707=DIRECTION('',(1.,0.,0.));
#10708=DIRECTION('',(0.,0.,1.));
#10709=DIRECTION('',(1.,0.,0.));
#10710=DIRECTION('',(0.,0.,1.));
#10711=DIRECTION('',(1.,0.,0.));
#10712=DIRECTION('',(0.,0.,1.));
#10713=DIRECTION('',(1.,0.,0.));
#10714=CARTESIAN_POINT('',(0.,0.,0.));
#10715=CARTESIAN_POINT('',(0.0098,-0.00705,0.));
#10716=CARTESIAN_POINT('',(0.0098,-0.00390625879087262,0.));
#10717=CARTESIAN_POINT('',(0.00567161822073103,-0.00390625879087262,0.));
#10718=CARTESIAN_POINT('',(0.00603338727955452,-0.00390628619633453,0.));
#10719=CARTESIAN_POINT('',(0.00567161822073103,-0.00705,0.));
#10720=CARTESIAN_POINT('',(0.00567161822073103,-0.00293676054752723,0.));
#10721=CARTESIAN_POINT('',(0.0098,-0.00293676054752723,0.));
#10722=CARTESIAN_POINT('',(0.00597017055649,-0.00293676054752723,0.));
#10723=CARTESIAN_POINT('',(0.00621613093274694,-0.00298510265171596,0.));
#10724=CARTESIAN_POINT('',(0.00612316534776861,-0.00293676054752723,0.));
#10725=CARTESIAN_POINT('',(0.00597017055649,-0.00293676054752723,0.));
#10726=CARTESIAN_POINT('',(0.00621613093274694,-0.00298510265171596,0.));
#10727=CARTESIAN_POINT('',(0.00603944448579591,-0.00334741789948743,0.));
#10728=CARTESIAN_POINT('',(0.00636043174428544,-0.00310457437697044,0.));
#10729=CARTESIAN_POINT('',(0.0060415373479953,-0.00334073205621277,0.));
#10730=CARTESIAN_POINT('',(0.00642833969192948,-0.00325391084339492,0.));
#10731=CARTESIAN_POINT('',(0.00577093370947403,-0.00340533634527478,0.));
#10732=CARTESIAN_POINT('',(0.00644489384469745,-0.00339203423527664,0.));
#10733=CARTESIAN_POINT('',(0.00569487057552738,-0.00341379014042752,0.));
#10734=CARTESIAN_POINT('',(0.00640849999329896,-0.00364252178865258,0.));
#10735=CARTESIAN_POINT('',(0.00602341868208808,-0.00351815385757931,0.));
#10736=CARTESIAN_POINT('',(0.00631216211604199,-0.00380041531367165,0.));
#10737=CARTESIAN_POINT('',(0.00606209183187936,-0.00354190644222165,0.));
#10738=CARTESIAN_POINT('',(0.00617921284304687,-0.00388156393241197,0.));
#10739=CARTESIAN_POINT('',(0.00603131746218663,-0.00345350332547267,0.));
#10740=CARTESIAN_POINT('',(0.00603131746218663,-0.00345350332547267,-0.0234000000000001));
#10741=CARTESIAN_POINT('',(0.00617921031471269,-0.00388155650686409,-0.0234));
#10742=CARTESIAN_POINT('',(0.00617921284304687,-0.00388156393241197,0.0016));
#10743=CARTESIAN_POINT('',(0.00603131746218663,-0.00345350332547267,0.0016));
#10744=CARTESIAN_POINT('',(0.00603338727955452,-0.00390628619633453,0.0016));
#10745=CARTESIAN_POINT('',(0.00603338715427526,-0.00390625879087262,-0.0234));
#10746=CARTESIAN_POINT('',(0.00606209183187936,-0.00354190644222165,-0.0234));
#10747=CARTESIAN_POINT('',(0.00631201829325316,-0.00380027802399733,-0.0234));
#10748=CARTESIAN_POINT('',(0.00631216211604199,-0.00380041531367165,0.0016));
#10749=CARTESIAN_POINT('',(0.00606209183187936,-0.00354190644222165,0.0016));
#10750=CARTESIAN_POINT('',(0.00602341868208808,-0.00351815385757931,-0.0234));
#10751=CARTESIAN_POINT('',(0.00640843688567353,-0.00364250214549126,-0.0234));
#10752=CARTESIAN_POINT('',(0.00640849999329896,-0.00364252178865258,0.0016));
#10753=CARTESIAN_POINT('',(0.00602341868208808,-0.00351815385757931,0.0016));
#10754=CARTESIAN_POINT('',(0.00569487057552738,-0.00341379014042752,-0.0234000000000001));
#10755=CARTESIAN_POINT('',(0.0064450918877507,-0.00339202629796394,-0.0234));
#10756=CARTESIAN_POINT('',(0.00644489384469745,-0.00339203423527664,0.0016));
#10757=CARTESIAN_POINT('',(0.00569487057552738,-0.00341379014042752,0.0016));
#10758=CARTESIAN_POINT('',(0.00577093370947403,-0.00340533634527478,-0.0234000000000002));
#10759=CARTESIAN_POINT('',(0.0064283580824546,-0.00325390600028186,-0.0234));
#10760=CARTESIAN_POINT('',(0.00642833969192948,-0.00325391084339492,0.0016));
#10761=CARTESIAN_POINT('',(0.00577093370947403,-0.00340533634527478,0.0016));
#10762=CARTESIAN_POINT('',(0.0060415373479953,-0.00334073205621277,-0.0234));
#10763=CARTESIAN_POINT('',(0.00636036039744189,-0.00310462983240238,-0.0234));
#10764=CARTESIAN_POINT('',(0.00636043174428544,-0.00310457437697044,0.0016));
#10765=CARTESIAN_POINT('',(0.0060415373479953,-0.00334073205621277,0.0016));
#10766=CARTESIAN_POINT('',(0.00603944448579591,-0.00334741789948743,-0.0234));
#10767=CARTESIAN_POINT('',(0.00621613093274694,-0.00298510265171596,-0.0234));
#10768=CARTESIAN_POINT('',(0.00621613093274694,-0.00298510265171596,0.0016));
#10769=CARTESIAN_POINT('',(0.00603944448579591,-0.00334741789948743,0.0016));
#10770=CARTESIAN_POINT('',(0.00621613093274694,-0.00298510265171596,0.));
#10771=CARTESIAN_POINT('',(0.00621613093274694,-0.00298510265171596,0.0016));
#10772=CARTESIAN_POINT('',(0.00615415387609472,-0.00295287458225681,0.));
#10773=CARTESIAN_POINT('',(0.00615415387609472,-0.00295287458225681,0.0016));
#10774=CARTESIAN_POINT('',(0.00607216708400907,-0.00293676054752723,0.));
#10775=CARTESIAN_POINT('',(0.00607216708400907,-0.00293676054752723,0.0016));
#10776=CARTESIAN_POINT('',(0.00597017055649,-0.00293676054752723,0.));
#10777=CARTESIAN_POINT('',(0.00597017055649,-0.00293676054752723,0.0016));
#10778=CARTESIAN_POINT('',(0.00597017055649,-0.00293676054752723,-0.0234));
#10779=CARTESIAN_POINT('',(0.00597017055649,-0.00293676054752723,0.0016));
#10780=CARTESIAN_POINT('',(0.00621613093274694,-0.00298510265171596,0.0016));
#10781=CARTESIAN_POINT('',(0.00612316534776861,-0.00293676054752723,0.0016));
#10782=CARTESIAN_POINT('',(0.00597017055649,-0.00293676054752723,0.0016));
#10783=CARTESIAN_POINT('',(0.00582089438861052,-0.00293676054752723,-0.0234));
#10784=CARTESIAN_POINT('',(0.00567161822073103,-0.00293676054752723,-0.0234));
#10785=CARTESIAN_POINT('',(0.00567161822073103,-0.00293676054752723,0.0016));
#10786=CARTESIAN_POINT('',(0.00582089438861052,-0.00293676054752723,0.0016));
#10787=CARTESIAN_POINT('',(0.00567161822073103,-0.00342150966919993,-0.0234));
#10788=CARTESIAN_POINT('',(0.00567161822073103,-0.00390625879087262,-0.0234));
#10789=CARTESIAN_POINT('',(0.00567161822073103,-0.00390625879087262,0.0016));
#10790=CARTESIAN_POINT('',(0.00567161822073103,-0.00342150966919993,0.0016));
#10791=CARTESIAN_POINT('',(0.00585250268750315,-0.00390625879087262,-0.0234));
#10792=CARTESIAN_POINT('',(0.00585250268750315,-0.00390625879087262,0.0016));
#10793=CARTESIAN_POINT('',(0.0098,-0.00705,0.0016));
#10794=CARTESIAN_POINT('',(0.,0.,0.));
#10795=CARTESIAN_POINT('',(0.0098,-0.00705,0.));
#10796=CARTESIAN_POINT('',(0.00843288564694608,-0.00419297817140516,0.));
#10797=CARTESIAN_POINT('',(0.00843030557954322,-0.00477319928101987,0.));
#10798=CARTESIAN_POINT('',(0.00866466035558254,-0.00472506111082047,0.));
#10799=CARTESIAN_POINT('',(0.00842875384752682,-0.0042526936028711,0.));
#10800=CARTESIAN_POINT('',(0.00820285292695518,-0.00472186501072891,0.));
#10801=CARTESIAN_POINT('',(0.00844226365185907,-0.00424611002844514,0.));
#10802=CARTESIAN_POINT('',(0.0080102577437547,-0.00455895257378965,0.));
#10803=CARTESIAN_POINT('',(0.00869314370919566,-0.00407283238439074,0.));
#10804=CARTESIAN_POINT('',(0.00787752630451561,-0.00427175482269772,0.));
#10805=CARTESIAN_POINT('',(0.00955841853039181,-0.00385918005054018,0.));
#10806=CARTESIAN_POINT('',(0.00782629486457154,-0.0038467608164865,0.));
#10807=CARTESIAN_POINT('',(0.00787941805598772,-0.00341513488622999,0.));
#10808=CARTESIAN_POINT('',(0.00782948225605651,-0.00359123826577464,0.));
#10809=CARTESIAN_POINT('',(0.00782629486457154,-0.0038467608164865,0.));
#10810=CARTESIAN_POINT('',(0.00787941805598772,-0.00341513488622999,0.));
#10811=CARTESIAN_POINT('',(0.00868021339410647,-0.00361853246929785,0.));
#10812=CARTESIAN_POINT('',(0.0080171904997213,-0.00312767894253499,0.));
#10813=CARTESIAN_POINT('',(0.00842028030950636,-0.00342893851500877,0.));
#10814=CARTESIAN_POINT('',(0.00821639515786606,-0.00296976020003216,0.));
#10815=CARTESIAN_POINT('',(0.00844803818353315,-0.00352433064045942,0.));
#10816=CARTESIAN_POINT('',(0.00845049237837475,-0.00292350742362949,0.));
#10817=CARTESIAN_POINT('',(0.00845234982070702,-0.00345789148666829,0.));
#10818=CARTESIAN_POINT('',(0.0086779602655914,-0.00297321685005799,0.));
#10819=CARTESIAN_POINT('',(0.00845164445637797,-0.00343322884834527,0.));
#10820=CARTESIAN_POINT('',(0.0088704887922565,-0.00313619804834608,0.));
#10821=CARTESIAN_POINT('',(0.00817081471641383,-0.00363034360896274,0.));
#10822=CARTESIAN_POINT('',(0.00900331102206594,-0.00342335180069793,0.));
#10823=CARTESIAN_POINT('',(0.00734174040125593,-0.00383343434858558,0.));
#10824=CARTESIAN_POINT('',(0.00905450305011376,-0.0038467608164865,0.));
#10825=CARTESIAN_POINT('',(0.00900164547465465,-0.00427998044248549,0.));
#10826=CARTESIAN_POINT('',(0.00905131565862878,-0.00410228336719835,0.));
#10827=CARTESIAN_POINT('',(0.00905450305011376,-0.0038467608164865,0.));
#10828=CARTESIAN_POINT('',(0.00900164547465465,-0.00427998044248549,0.));
#10829=CARTESIAN_POINT('',(0.00822469419379045,-0.00408784449066009,0.));
#10830=CARTESIAN_POINT('',(0.00886392886187938,-0.00456721175169472,0.));
#10831=CARTESIAN_POINT('',(0.00844464540834719,-0.00424527616144039,0.));
#10832=CARTESIAN_POINT('',(0.00844464540834719,-0.00424527616144039,-0.0234));
#10833=CARTESIAN_POINT('',(0.00886379079292965,-0.00456711129208998,-0.0234));
#10834=CARTESIAN_POINT('',(0.00886392886187938,-0.00456721175169472,0.0016));
#10835=CARTESIAN_POINT('',(0.00844464540834719,-0.00424527616144039,0.0016));
#10836=CARTESIAN_POINT('',(0.008664658879716,-0.00472506174645925,0.0016));
#10837=CARTESIAN_POINT('',(0.00866457882511895,-0.00472488717059605,-0.0234));
#10838=CARTESIAN_POINT('',(0.00822469419379045,-0.00408784449066009,-0.0234000000000001));
#10839=CARTESIAN_POINT('',(0.00900164547465465,-0.00427998044248549,-0.0234));
#10840=CARTESIAN_POINT('',(0.00900164547465465,-0.00427998044248549,0.0016));
#10841=CARTESIAN_POINT('',(0.00822469419379045,-0.00408784449066009,0.0016));
#10842=CARTESIAN_POINT('',(0.00900164547465465,-0.00427998044248549,0.));
#10843=CARTESIAN_POINT('',(0.00900164547465465,-0.00427998044248549,0.0016));
#10844=CARTESIAN_POINT('',(0.0090347589306374,-0.0041615157256274,0.));
#10845=CARTESIAN_POINT('',(0.0090347589306374,-0.0041615157256274,0.0016));
#10846=CARTESIAN_POINT('',(0.00905237812245711,-0.00401710918362773,0.));
#10847=CARTESIAN_POINT('',(0.00905237812245711,-0.00401710918362773,0.0016));
#10848=CARTESIAN_POINT('',(0.00905450305011376,-0.0038467608164865,0.));
#10849=CARTESIAN_POINT('',(0.00905450305011376,-0.0038467608164865,0.0016));
#10850=CARTESIAN_POINT('',(0.00905450305011376,-0.0038467608164865,-0.0234));
#10851=CARTESIAN_POINT('',(0.00905450305011376,-0.0038467608164865,0.0016));
#10852=CARTESIAN_POINT('',(0.00900164547465465,-0.00427998044248549,0.0016));
#10853=CARTESIAN_POINT('',(0.00905131565862878,-0.00410228336719835,0.0016));
#10854=CARTESIAN_POINT('',(0.00905450305011376,-0.0038467608164865,0.0016));
#10855=CARTESIAN_POINT('',(0.00734174040125593,-0.00383343434858558,-0.0234000000000001));
#10856=CARTESIAN_POINT('',(0.00900323917039714,-0.00342336898089949,-0.0234));
#10857=CARTESIAN_POINT('',(0.00900331102206594,-0.00342335180069793,0.0016));
#10858=CARTESIAN_POINT('',(0.00734174040125593,-0.00383343434858558,0.0016));
#10859=CARTESIAN_POINT('',(0.00817081471641383,-0.00363034360896274,-0.0234000000000001));
#10860=CARTESIAN_POINT('',(0.00887043119185667,-0.003136238131295,-0.0234));
#10861=CARTESIAN_POINT('',(0.0088704887922565,-0.00313619804834608,0.0016));
#10862=CARTESIAN_POINT('',(0.00817081471641383,-0.00363034360896274,0.0016));
#10863=CARTESIAN_POINT('',(0.00845164445637797,-0.00343322884834527,-0.0234));
#10864=CARTESIAN_POINT('',(0.008677859622973,-0.0029734155496044,-0.0234));
#10865=CARTESIAN_POINT('',(0.0086779602655914,-0.00297321685005799,0.0016));
#10866=CARTESIAN_POINT('',(0.00845164445637797,-0.00343322884834527,0.0016));
#10867=CARTESIAN_POINT('',(0.00845234982070702,-0.00345789148666829,-0.0234));
#10868=CARTESIAN_POINT('',(0.00845049236371172,-0.00292347974967318,-0.0234));
#10869=CARTESIAN_POINT('',(0.00845049237837475,-0.00292350742362949,0.0016));
#10870=CARTESIAN_POINT('',(0.00845234982070702,-0.00345789148666829,0.0016));
#10871=CARTESIAN_POINT('',(0.00844803818353315,-0.00352433064045942,-0.0234000000000001));
#10872=CARTESIAN_POINT('',(0.00821648470552342,-0.00296996254216235,-0.0234));
#10873=CARTESIAN_POINT('',(0.00821639515786606,-0.00296976020003216,0.0016));
#10874=CARTESIAN_POINT('',(0.00844803818353315,-0.00352433064045942,0.0016));
#10875=CARTESIAN_POINT('',(0.00842028030950636,-0.00342893851500877,-0.0234));
#10876=CARTESIAN_POINT('',(0.00801727273771273,-0.00312773842066842,-0.0234));
#10877=CARTESIAN_POINT('',(0.0080171904997213,-0.00312767894253499,0.0016));
#10878=CARTESIAN_POINT('',(0.00842028030950636,-0.00342893851500877,0.0016));
#10879=CARTESIAN_POINT('',(0.00868021339410647,-0.00361853246929785,-0.0234000000000001));
#10880=CARTESIAN_POINT('',(0.00787941805598772,-0.00341513488622999,-0.0234));
#10881=CARTESIAN_POINT('',(0.00787941805598772,-0.00341513488622999,0.0016));
#10882=CARTESIAN_POINT('',(0.00868021339410647,-0.00361853246929785,0.0016));
#10883=CARTESIAN_POINT('',(0.00787941805598772,-0.00341513488622999,0.));
#10884=CARTESIAN_POINT('',(0.00787941805598772,-0.00341513488622999,0.0016));
#10885=CARTESIAN_POINT('',(0.00784612752270025,-0.00353253713925975,0.));
#10886=CARTESIAN_POINT('',(0.00784612752270025,-0.00353253713925975,0.0016));
#10887=CARTESIAN_POINT('',(0.00782841979222819,-0.00367641244934526,0.));
#10888=CARTESIAN_POINT('',(0.00782841979222819,-0.00367641244934526,0.0016));
#10889=CARTESIAN_POINT('',(0.00782629486457154,-0.0038467608164865,0.));
#10890=CARTESIAN_POINT('',(0.00782629486457154,-0.0038467608164865,0.0016));
#10891=CARTESIAN_POINT('',(0.00782629486457154,-0.0038467608164865,-0.0234));
#10892=CARTESIAN_POINT('',(0.00782629486457154,-0.0038467608164865,0.0016));
#10893=CARTESIAN_POINT('',(0.00787941805598772,-0.00341513488622999,0.0016));
#10894=CARTESIAN_POINT('',(0.00782948225605651,-0.00359123826577464,0.0016));
#10895=CARTESIAN_POINT('',(0.00782629486457154,-0.0038467608164865,0.0016));
#10896=CARTESIAN_POINT('',(0.00955841853039181,-0.00385918005054018,-0.0234000000000001));
#10897=CARTESIAN_POINT('',(0.00787755874428816,-0.00427174634781598,-0.0234));
#10898=CARTESIAN_POINT('',(0.00787752630451561,-0.00427175482269772,0.0016));
#10899=CARTESIAN_POINT('',(0.00955841853039181,-0.00385918005054018,0.0016));
#10900=CARTESIAN_POINT('',(0.00869314370919566,-0.00407283238439074,-0.0234000000000001));
#10901=CARTESIAN_POINT('',(0.00801036672282862,-0.00455887719742047,-0.0234));
#10902=CARTESIAN_POINT('',(0.0080102577437547,-0.00455895257378965,0.0016));
#10903=CARTESIAN_POINT('',(0.00869314370919566,-0.00407283238439074,0.0016));
#10904=CARTESIAN_POINT('',(0.00844226365185907,-0.00424611002844514,-0.0234));
#10905=CARTESIAN_POINT('',(0.0082029382917123,-0.00472169977911108,-0.0234));
#10906=CARTESIAN_POINT('',(0.00820285292695518,-0.00472186501072891,0.0016));
#10907=CARTESIAN_POINT('',(0.00844226365185907,-0.00424611002844514,0.0016));
#10908=CARTESIAN_POINT('',(0.00842875384752682,-0.0042526936028711,-0.0234));
#10909=CARTESIAN_POINT('',(0.00843030555097357,-0.00477322927478478,-0.0234));
#10910=CARTESIAN_POINT('',(0.00843030557954322,-0.00477319928101987,0.0016));
#10911=CARTESIAN_POINT('',(0.00842875384752682,-0.0042526936028711,0.0016));
#10912=CARTESIAN_POINT('',(0.00843288564694608,-0.00419297817140516,-0.0234));
#10913=CARTESIAN_POINT('',(0.00843288564694608,-0.00419297817140516,0.0016));
#10914=CARTESIAN_POINT('',(0.0098,-0.00705,0.0016));
#10915=CARTESIAN_POINT('',(0.,0.,0.));
#10916=CARTESIAN_POINT('',(0.017205,-0.005685,-2.E-5));
#10917=CARTESIAN_POINT('',(0.017205,-0.005685,-0.00202));
#10918=CARTESIAN_POINT('',(0.01708,-0.00556,-0.00202));
#10919=CARTESIAN_POINT('',(0.01733,-0.00581,-0.00202));
#10920=CARTESIAN_POINT('',(0.01733,-0.00581,-2.E-5));
#10921=CARTESIAN_POINT('',(0.01733,-0.00581,-2.E-5));
#10922=CARTESIAN_POINT('',(0.017205,-0.005685,-2.E-5));
#10923=CARTESIAN_POINT('',(0.01708,-0.00556,-2.E-5));
#10924=CARTESIAN_POINT('',(0.01708,-0.00556,-2.E-5));
#10925=CARTESIAN_POINT('',(0.01708,-0.00454,-2.E-5));
#10926=CARTESIAN_POINT('',(0.01708,-0.00454,-0.00202));
#10927=CARTESIAN_POINT('',(0.01708,-0.00352,-0.00202));
#10928=CARTESIAN_POINT('',(0.01708,-0.00454,-2.E-5));
#10929=CARTESIAN_POINT('',(0.01708,-0.00352,-2.E-5));
#10930=CARTESIAN_POINT('',(0.01708,-0.00352,-2.E-5));
#10931=CARTESIAN_POINT('',(0.017205,-0.003395,-2.E-5));
#10932=CARTESIAN_POINT('',(0.017205,-0.003395,-0.00202));
#10933=CARTESIAN_POINT('',(0.01733,-0.00327,-0.00202));
#10934=CARTESIAN_POINT('',(0.017205,-0.003395,-2.E-5));
#10935=CARTESIAN_POINT('',(0.01733,-0.00327,-2.E-5));
#10936=CARTESIAN_POINT('',(0.01733,-0.00327,-2.E-5));
#10937=CARTESIAN_POINT('',(0.01835,-0.00327,-2.E-5));
#10938=CARTESIAN_POINT('',(0.01835,-0.00327,-0.00202));
#10939=CARTESIAN_POINT('',(0.01937,-0.00327,-0.00202));
#10940=CARTESIAN_POINT('',(0.01835,-0.00327,-2.E-5));
#10941=CARTESIAN_POINT('',(0.01937,-0.00327,-2.E-5));
#10942=CARTESIAN_POINT('',(0.01937,-0.00327,-2.E-5));
#10943=CARTESIAN_POINT('',(0.019495,-0.003395,-2.E-5));
#10944=CARTESIAN_POINT('',(0.019495,-0.003395,-0.00202));
#10945=CARTESIAN_POINT('',(0.01962,-0.00352,-0.00202));
#10946=CARTESIAN_POINT('',(0.019495,-0.003395,-2.E-5));
#10947=CARTESIAN_POINT('',(0.01962,-0.00352,-2.E-5));
#10948=CARTESIAN_POINT('',(0.01962,-0.00352,-2.E-5));
#10949=CARTESIAN_POINT('',(0.01962,-0.00454,-2.E-5));
#10950=CARTESIAN_POINT('',(0.01962,-0.00454,-0.00202));
#10951=CARTESIAN_POINT('',(0.01962,-0.00556,-0.00202));
#10952=CARTESIAN_POINT('',(0.01962,-0.00454,-2.E-5));
#10953=CARTESIAN_POINT('',(0.01962,-0.00556,-2.E-5));
#10954=CARTESIAN_POINT('',(0.01962,-0.00556,-2.E-5));
#10955=CARTESIAN_POINT('',(0.019495,-0.005685,-2.E-5));
#10956=CARTESIAN_POINT('',(0.019495,-0.005685,-0.00202));
#10957=CARTESIAN_POINT('',(0.01937,-0.00581,-0.00202));
#10958=CARTESIAN_POINT('',(0.019495,-0.005685,-2.E-5));
#10959=CARTESIAN_POINT('',(0.01937,-0.00581,-2.E-5));
#10960=CARTESIAN_POINT('',(0.01937,-0.00581,-2.E-5));
#10961=CARTESIAN_POINT('',(0.01835,-0.00581,-2.E-5));
#10962=CARTESIAN_POINT('',(0.01835,-0.00581,-0.00202));
#10963=CARTESIAN_POINT('',(0.01835,-0.00581,-2.E-5));
#10964=CARTESIAN_POINT('',(0.01835,-0.00454,-2.E-5));
#10965=CARTESIAN_POINT('',(0.01835,-0.00454,-0.00202));
#10966=CARTESIAN_POINT('',(0.,0.,0.));
#10967=CARTESIAN_POINT('',(0.018675,-0.002,-0.00802));
#10968=CARTESIAN_POINT('',(0.018675,-0.002325,-0.00802));
#10969=CARTESIAN_POINT('',(0.018675,-0.002325,-0.00787));
#10970=CARTESIAN_POINT('',(0.018675,-0.002325,0.00283));
#10971=CARTESIAN_POINT('',(0.018675,-0.002,-0.00787));
#10972=CARTESIAN_POINT('',(0.018675,-0.001675,-0.00787));
#10973=CARTESIAN_POINT('',(0.018675,-0.001675,-0.00802));
#10974=CARTESIAN_POINT('',(0.018675,-0.001675,0.00283));
#10975=CARTESIAN_POINT('',(0.018675,-0.002325,0.00283));
#10976=CARTESIAN_POINT('',(0.01835,-0.002325,-0.00802));
#10977=CARTESIAN_POINT('',(0.018025,-0.002325,-0.00802));
#10978=CARTESIAN_POINT('',(0.018025,-0.002325,-0.00787));
#10979=CARTESIAN_POINT('',(0.018025,-0.002325,0.00283));
#10980=CARTESIAN_POINT('',(0.018675,-0.002325,-0.00787));
#10981=CARTESIAN_POINT('',(0.01835,-0.002325,0.00283));
#10982=CARTESIAN_POINT('',(0.018025,-0.002,-0.00802));
#10983=CARTESIAN_POINT('',(0.018025,-0.001675,-0.00802));
#10984=CARTESIAN_POINT('',(0.018025,-0.001675,-0.00787));
#10985=CARTESIAN_POINT('',(0.018025,-0.001675,0.00283));
#10986=CARTESIAN_POINT('',(0.018025,-0.002325,-0.00787));
#10987=CARTESIAN_POINT('',(0.018025,-0.002,0.00283));
#10988=CARTESIAN_POINT('',(0.01835,-0.001675,-0.00802));
#10989=CARTESIAN_POINT('',(0.01835,-0.001675,-0.00787));
#10990=CARTESIAN_POINT('',(0.018675,-0.001675,0.00283));
#10991=CARTESIAN_POINT('',(0.01835,-0.002,-0.00802));
#10992=CARTESIAN_POINT('',(0.018175,-0.001675,-0.00802));
#10993=CARTESIAN_POINT('',(0.018175,-0.002175,-0.00802));
#10994=CARTESIAN_POINT('',(0.018175,-0.001825,-0.00802));
#10995=CARTESIAN_POINT('',(0.01835,-0.001825,-0.00802));
#10996=CARTESIAN_POINT('',(0.018525,-0.001825,-0.00802));
#10997=CARTESIAN_POINT('',(0.018525,-0.002,-0.00802));
#10998=CARTESIAN_POINT('',(0.018525,-0.002175,-0.00802));
#10999=CARTESIAN_POINT('',(0.018025,-0.002175,-0.00802));
#11000=CARTESIAN_POINT('',(0.01835,-0.002,0.00298));
#11001=CARTESIAN_POINT('',(0.018525,-0.001675,0.00298));
#11002=CARTESIAN_POINT('',(0.018525,-0.002175,0.00298));
#11003=CARTESIAN_POINT('',(0.018525,-0.001825,0.00298));
#11004=CARTESIAN_POINT('',(0.018025,-0.001825,0.00298));
#11005=CARTESIAN_POINT('',(0.018175,-0.001825,0.00298));
#11006=CARTESIAN_POINT('',(0.018175,-0.002,0.00298));
#11007=CARTESIAN_POINT('',(0.018175,-0.002175,0.00298));
#11008=CARTESIAN_POINT('',(0.01835,-0.002175,0.00298));
#11009=CARTESIAN_POINT('',(0.01835,-0.002175,-0.00802));
#11010=CARTESIAN_POINT('',(0.0182333333333334,-0.00211666666666667,-0.00807833333333333));
#11011=CARTESIAN_POINT('',(0.0184666666666666,-0.00211666666666667,-0.00807833333333333));
#11012=CARTESIAN_POINT('',(0.018675,-0.002,-0.00787));
#11013=CARTESIAN_POINT('',(0.0185666666666667,-0.00178333333333333,-0.00797833333333333));
#11014=CARTESIAN_POINT('',(0.018175,-0.002,-0.00802));
#11015=CARTESIAN_POINT('',(0.0182333333333334,-0.00188333333333333,-0.00807833333333333));
#11016=CARTESIAN_POINT('',(0.01835,-0.001675,-0.00787));
#11017=CARTESIAN_POINT('',(0.01835,-0.002325,0.00283));
#11018=CARTESIAN_POINT('',(0.0181333333333334,-0.00221666666666666,0.00293833333333333));
#11019=CARTESIAN_POINT('',(0.0185666666666667,-0.00221666666666666,0.00293833333333333));
#11020=CARTESIAN_POINT('',(0.018525,-0.002,0.00298));
#11021=CARTESIAN_POINT('',(0.0184666666666666,-0.00188333333333333,0.00303833333333333));
#11022=CARTESIAN_POINT('',(0.018025,-0.002,0.00283));
#11023=CARTESIAN_POINT('',(0.0181333333333334,-0.00178333333333333,0.00293833333333333));
#11024=CARTESIAN_POINT('',(0.01835,-0.001825,0.00298));
#11025=CARTESIAN_POINT('',(0.,0.,0.));
#11026=CARTESIAN_POINT('',(0.017205,-0.003145,-2.E-5));
#11027=CARTESIAN_POINT('',(0.017205,-0.003145,-0.00202));
#11028=CARTESIAN_POINT('',(0.01708,-0.00302,-0.00202));
#11029=CARTESIAN_POINT('',(0.01733,-0.00327,-0.00202));
#11030=CARTESIAN_POINT('',(0.01733,-0.00327,-2.E-5));
#11031=CARTESIAN_POINT('',(0.01733,-0.00327,-2.E-5));
#11032=CARTESIAN_POINT('',(0.017205,-0.003145,-2.E-5));
#11033=CARTESIAN_POINT('',(0.01708,-0.00302,-2.E-5));
#11034=CARTESIAN_POINT('',(0.01708,-0.00302,-2.E-5));
#11035=CARTESIAN_POINT('',(0.01708,-0.002,-2.E-5));
#11036=CARTESIAN_POINT('',(0.01708,-0.002,-0.00202));
#11037=CARTESIAN_POINT('',(0.01708,-0.00098,-0.00202));
#11038=CARTESIAN_POINT('',(0.01708,-0.002,-2.E-5));
#11039=CARTESIAN_POINT('',(0.01708,-0.00098,-2.E-5));
#11040=CARTESIAN_POINT('',(0.01708,-0.00098,-2.E-5));
#11041=CARTESIAN_POINT('',(0.017205,-0.000855,-2.E-5));
#11042=CARTESIAN_POINT('',(0.017205,-0.000855,-0.00202));
#11043=CARTESIAN_POINT('',(0.01733,-0.00073,-0.00202));
#11044=CARTESIAN_POINT('',(0.017205,-0.000855,-2.E-5));
#11045=CARTESIAN_POINT('',(0.01733,-0.00073,-2.E-5));
#11046=CARTESIAN_POINT('',(0.01733,-0.00073,-2.E-5));
#11047=CARTESIAN_POINT('',(0.01835,-0.00073,-2.E-5));
#11048=CARTESIAN_POINT('',(0.01835,-0.00073,-0.00202));
#11049=CARTESIAN_POINT('',(0.01937,-0.00073,-0.00202));
#11050=CARTESIAN_POINT('',(0.01835,-0.00073,-2.E-5));
#11051=CARTESIAN_POINT('',(0.01937,-0.00073,-2.E-5));
#11052=CARTESIAN_POINT('',(0.01937,-0.00073,-2.E-5));
#11053=CARTESIAN_POINT('',(0.019495,-0.000855,-2.E-5));
#11054=CARTESIAN_POINT('',(0.019495,-0.000855,-0.00202));
#11055=CARTESIAN_POINT('',(0.01962,-0.00098,-0.00202));
#11056=CARTESIAN_POINT('',(0.019495,-0.000855,-2.E-5));
#11057=CARTESIAN_POINT('',(0.01962,-0.00098,-2.E-5));
#11058=CARTESIAN_POINT('',(0.01962,-0.00098,-2.E-5));
#11059=CARTESIAN_POINT('',(0.01962,-0.002,-2.E-5));
#11060=CARTESIAN_POINT('',(0.01962,-0.002,-0.00202));
#11061=CARTESIAN_POINT('',(0.01962,-0.00302,-0.00202));
#11062=CARTESIAN_POINT('',(0.01962,-0.002,-2.E-5));
#11063=CARTESIAN_POINT('',(0.01962,-0.00302,-2.E-5));
#11064=CARTESIAN_POINT('',(0.01962,-0.00302,-2.E-5));
#11065=CARTESIAN_POINT('',(0.019495,-0.003145,-2.E-5));
#11066=CARTESIAN_POINT('',(0.019495,-0.003145,-0.00202));
#11067=CARTESIAN_POINT('',(0.01937,-0.00327,-0.00202));
#11068=CARTESIAN_POINT('',(0.019495,-0.003145,-2.E-5));
#11069=CARTESIAN_POINT('',(0.01937,-0.00327,-2.E-5));
#11070=CARTESIAN_POINT('',(0.01937,-0.00327,-2.E-5));
#11071=CARTESIAN_POINT('',(0.01835,-0.00327,-2.E-5));
#11072=CARTESIAN_POINT('',(0.01835,-0.00327,-0.00202));
#11073=CARTESIAN_POINT('',(0.01835,-0.00327,-2.E-5));
#11074=CARTESIAN_POINT('',(0.01835,-0.002,-2.E-5));
#11075=CARTESIAN_POINT('',(0.01835,-0.002,-0.00202));
#11076=CARTESIAN_POINT('',(0.,0.,0.));
#11077=CARTESIAN_POINT('',(0.0145481255656481,-0.00334516175649918,0.0039));
#11078=CARTESIAN_POINT('',(0.0145481255656481,-0.00334516175649918,0.0016));
#11079=CARTESIAN_POINT('',(0.0131881255656481,-0.00334516175649918,0.0016));
#11080=CARTESIAN_POINT('',(0.0159081255656481,-0.00334516175649918,0.0016));
#11081=CARTESIAN_POINT('',(0.0159081255656481,-0.00334516175649918,0.0039));
#11082=CARTESIAN_POINT('',(0.0159081255656481,-0.00334516175649918,0.0039));
#11083=CARTESIAN_POINT('',(0.0145481255656481,-0.00334516175649918,0.0039));
#11084=CARTESIAN_POINT('',(0.0131881255656481,-0.00334516175649918,0.0039));
#11085=CARTESIAN_POINT('',(0.0131881255656481,-0.00334516175649918,0.0039));
#11086=CARTESIAN_POINT('',(0.0159081255656481,-0.00311601852854643,0.0039));
#11087=CARTESIAN_POINT('',(0.0159081255656481,-0.00311601852854643,0.0016));
#11088=CARTESIAN_POINT('',(0.0159081255656481,-0.00288687530059367,0.0016));
#11089=CARTESIAN_POINT('',(0.0159081255656481,-0.00288687530059367,0.0039));
#11090=CARTESIAN_POINT('',(0.0159081255656481,-0.00288687530059367,0.0039));
#11091=CARTESIAN_POINT('',(0.0159081255656481,-0.00311601852854643,0.0039));
#11092=CARTESIAN_POINT('',(0.0145481255656481,-0.00288687530059367,0.0039));
#11093=CARTESIAN_POINT('',(0.0145481255656481,-0.00288687530059367,0.0016));
#11094=CARTESIAN_POINT('',(0.0131881255656481,-0.00288687530059367,0.0016));
#11095=CARTESIAN_POINT('',(0.0131881255656481,-0.00288687530059367,0.0039));
#11096=CARTESIAN_POINT('',(0.0131881255656481,-0.00288687530059367,0.0039));
#11097=CARTESIAN_POINT('',(0.0145481255656481,-0.00288687530059367,0.0039));
#11098=CARTESIAN_POINT('',(0.0131881255656481,-0.00311601852854643,0.0039));
#11099=CARTESIAN_POINT('',(0.0131881255656481,-0.00311601852854643,0.0016));
#11100=CARTESIAN_POINT('',(0.0131881255656481,-0.00311601852854643,0.0039));
#11101=CARTESIAN_POINT('',(0.0098,-0.00705,0.0039));
#11102=CARTESIAN_POINT('',(0.0098,-0.00705,0.0016));
#11103=CARTESIAN_POINT('',(0.,0.,0.));
#11104=CARTESIAN_POINT('',(0.0145481255656481,-0.00534516175649918,0.0039));
#11105=CARTESIAN_POINT('',(0.0145481255656481,-0.00534516175649918,0.0016));
#11106=CARTESIAN_POINT('',(0.0131881255656481,-0.00534516175649918,0.0016));
#11107=CARTESIAN_POINT('',(0.0159081255656481,-0.00534516175649918,0.0016));
#11108=CARTESIAN_POINT('',(0.0131881255656481,-0.00534516175649918,0.0039));
#11109=CARTESIAN_POINT('',(0.0131881255656481,-0.00534516175649918,0.0039));
#11110=CARTESIAN_POINT('',(0.0145481255656481,-0.00534516175649918,0.0039));
#11111=CARTESIAN_POINT('',(0.0159081255656481,-0.00534516175649918,0.0039));
#11112=CARTESIAN_POINT('',(0.0159081255656481,-0.00534516175649918,0.0039));
#11113=CARTESIAN_POINT('',(0.0131881255656481,-0.00557430498445194,0.0039));
#11114=CARTESIAN_POINT('',(0.0131881255656481,-0.00557430498445194,0.0016));
#11115=CARTESIAN_POINT('',(0.0131881255656481,-0.00580344821240469,0.0016));
#11116=CARTESIAN_POINT('',(0.0131881255656481,-0.00580344821240469,0.0039));
#11117=CARTESIAN_POINT('',(0.0131881255656481,-0.00580344821240469,0.0039));
#11118=CARTESIAN_POINT('',(0.0131881255656481,-0.00557430498445194,0.0039));
#11119=CARTESIAN_POINT('',(0.0145481255656481,-0.00580344821240469,0.0039));
#11120=CARTESIAN_POINT('',(0.0145481255656481,-0.00580344821240469,0.0016));
#11121=CARTESIAN_POINT('',(0.0159081255656481,-0.00580344821240469,0.0016));
#11122=CARTESIAN_POINT('',(0.0159081255656481,-0.00580344821240469,0.0039));
#11123=CARTESIAN_POINT('',(0.0159081255656481,-0.00580344821240469,0.0039));
#11124=CARTESIAN_POINT('',(0.0145481255656481,-0.00580344821240469,0.0039));
#11125=CARTESIAN_POINT('',(0.0159081255656481,-0.00557430498445194,0.0039));
#11126=CARTESIAN_POINT('',(0.0159081255656481,-0.00557430498445194,0.0016));
#11127=CARTESIAN_POINT('',(0.0159081255656481,-0.00557430498445194,0.0039));
#11128=CARTESIAN_POINT('',(0.0098,-0.00705,0.0039));
#11129=CARTESIAN_POINT('',(0.0098,-0.00705,0.0016));
#11130=CARTESIAN_POINT('',(0.,0.,0.));
#11131=CARTESIAN_POINT('',(0.000653449718271696,-0.000606929621886723,0.001725));
#11132=CARTESIAN_POINT('',(0.000653449718271696,-0.000606929621886723,0.0016));
#11133=CARTESIAN_POINT('',(0.000653449718271696,-0.000706929621886723,0.0016));
#11134=CARTESIAN_POINT('',(0.000653449718271696,-0.000506929621886724,0.0016));
#11135=CARTESIAN_POINT('',(0.000653449718271696,-0.000706929621886723,0.001725));
#11136=CARTESIAN_POINT('',(0.000653449718271696,-0.000706929621886723,0.001725));
#11137=CARTESIAN_POINT('',(0.000653449718271696,-0.000606929621886723,0.001725));
#11138=CARTESIAN_POINT('',(0.000653449718271696,-0.000506929621886724,0.001725));
#11139=CARTESIAN_POINT('',(0.000653449718271696,-0.000506929621886724,0.001725));
#11140=CARTESIAN_POINT('',(0.0011534497182717,-0.000706929621886723,0.001725));
#11141=CARTESIAN_POINT('',(0.0011534497182717,-0.000706929621886723,0.0016));
#11142=CARTESIAN_POINT('',(0.00165344971827169,-0.000706929621886723,0.0016));
#11143=CARTESIAN_POINT('',(0.00165344971827169,-0.000706929621886723,0.001725));
#11144=CARTESIAN_POINT('',(0.00165344971827169,-0.000706929621886723,0.001725));
#11145=CARTESIAN_POINT('',(0.0011534497182717,-0.000706929621886723,0.001725));
#11146=CARTESIAN_POINT('',(0.00165344971827169,-0.000606929621886724,0.001725));
#11147=CARTESIAN_POINT('',(0.00165344971827169,-0.000606929621886724,0.0016));
#11148=CARTESIAN_POINT('',(0.00165344971827169,-0.000506929621886724,0.0016));
#11149=CARTESIAN_POINT('',(0.00165344971827169,-0.000506929621886724,0.001725));
#11150=CARTESIAN_POINT('',(0.00165344971827169,-0.000506929621886724,0.001725));
#11151=CARTESIAN_POINT('',(0.00165344971827169,-0.000606929621886724,0.001725));
#11152=CARTESIAN_POINT('',(0.0011534497182717,-0.000506929621886724,0.001725));
#11153=CARTESIAN_POINT('',(0.0011534497182717,-0.000506929621886724,0.0016));
#11154=CARTESIAN_POINT('',(0.0011534497182717,-0.000506929621886724,0.001725));
#11155=CARTESIAN_POINT('',(0.0098,-0.00705,0.001725));
#11156=CARTESIAN_POINT('',(0.0098,-0.00705,0.0016));
#11157=CARTESIAN_POINT('',(0.,0.,0.));
#11158=CARTESIAN_POINT('',(0.01835,-0.002,-2.E-5));
#11159=CARTESIAN_POINT('',(0.01835,-0.002,-2.E-5));
#11160=CARTESIAN_POINT('',(0.018825,-0.002,-2.E-5));
#11161=CARTESIAN_POINT('',(0.01835,-0.002,0.));
#11162=CARTESIAN_POINT('',(0.018825,-0.002,0.));
#11163=CARTESIAN_POINT('',(0.01835,-0.002,-2.E-5));
#11164=CARTESIAN_POINT('',(0.01835,-0.002,-2.E-5));
#11165=CARTESIAN_POINT('',(0.01935,-0.002,-2.E-5));
#11166=CARTESIAN_POINT('',(0.01835,-0.002,0.));
#11167=CARTESIAN_POINT('',(0.01935,-0.002,0.));
#11168=CARTESIAN_POINT('',(0.0098,-0.00705,-2.E-5));
#11169=CARTESIAN_POINT('',(0.0098,-0.00705,0.));
#11170=CARTESIAN_POINT('',(0.,0.,0.));
#11171=CARTESIAN_POINT('',(0.00165344971827169,-0.00200692962188673,0.001725));
#11172=CARTESIAN_POINT('',(0.00165344971827169,-0.00200692962188673,0.0016));
#11173=CARTESIAN_POINT('',(0.00165344971827169,-0.00190692962188672,0.0016));
#11174=CARTESIAN_POINT('',(0.00165344971827169,-0.00210692962188673,0.0016));
#11175=CARTESIAN_POINT('',(0.00165344971827169,-0.00190692962188672,0.001725));
#11176=CARTESIAN_POINT('',(0.00165344971827169,-0.00190692962188672,0.001725));
#11177=CARTESIAN_POINT('',(0.00165344971827169,-0.00200692962188673,0.001725));
#11178=CARTESIAN_POINT('',(0.00165344971827169,-0.00210692962188673,0.001725));
#11179=CARTESIAN_POINT('',(0.00165344971827169,-0.00210692962188673,0.001725));
#11180=CARTESIAN_POINT('',(0.0011534497182717,-0.00190692962188672,0.001725));
#11181=CARTESIAN_POINT('',(0.0011534497182717,-0.00190692962188672,0.0016));
#11182=CARTESIAN_POINT('',(0.000653449718271696,-0.00190692962188672,0.0016));
#11183=CARTESIAN_POINT('',(0.000653449718271696,-0.00190692962188672,0.001725));
#11184=CARTESIAN_POINT('',(0.000653449718271696,-0.00190692962188672,0.001725));
#11185=CARTESIAN_POINT('',(0.0011534497182717,-0.00190692962188672,0.001725));
#11186=CARTESIAN_POINT('',(0.000653449718271696,-0.00200692962188673,0.001725));
#11187=CARTESIAN_POINT('',(0.000653449718271696,-0.00200692962188673,0.0016));
#11188=CARTESIAN_POINT('',(0.000653449718271696,-0.00210692962188673,0.0016));
#11189=CARTESIAN_POINT('',(0.000653449718271696,-0.00210692962188673,0.001725));
#11190=CARTESIAN_POINT('',(0.000653449718271696,-0.00210692962188673,0.001725));
#11191=CARTESIAN_POINT('',(0.000653449718271696,-0.00200692962188673,0.001725));
#11192=CARTESIAN_POINT('',(0.0011534497182717,-0.00210692962188673,0.001725));
#11193=CARTESIAN_POINT('',(0.0011534497182717,-0.00210692962188673,0.0016));
#11194=CARTESIAN_POINT('',(0.0011534497182717,-0.00210692962188673,0.001725));
#11195=CARTESIAN_POINT('',(0.0098,-0.00705,0.001725));
#11196=CARTESIAN_POINT('',(0.0098,-0.00705,0.0016));
#11197=CARTESIAN_POINT('',(0.,0.,0.));
#11198=CARTESIAN_POINT('',(0.01835,-0.00354,-2.E-5));
#11199=CARTESIAN_POINT('',(0.01835,-0.00354,0.));
#11200=CARTESIAN_POINT('',(0.01735,-0.00354,0.));
#11201=CARTESIAN_POINT('',(0.01935,-0.00354,0.));
#11202=CARTESIAN_POINT('',(0.01935,-0.00354,-2.E-5));
#11203=CARTESIAN_POINT('',(0.01935,-0.00354,-2.E-5));
#11204=CARTESIAN_POINT('',(0.01835,-0.00354,-2.E-5));
#11205=CARTESIAN_POINT('',(0.01735,-0.00354,-2.E-5));
#11206=CARTESIAN_POINT('',(0.01735,-0.00354,-2.E-5));
#11207=CARTESIAN_POINT('',(0.01735,-0.00454,-2.E-5));
#11208=CARTESIAN_POINT('',(0.01735,-0.00454,0.));
#11209=CARTESIAN_POINT('',(0.01735,-0.00554,0.));
#11210=CARTESIAN_POINT('',(0.01735,-0.00454,-2.E-5));
#11211=CARTESIAN_POINT('',(0.01735,-0.00554,-2.E-5));
#11212=CARTESIAN_POINT('',(0.01735,-0.00554,-2.E-5));
#11213=CARTESIAN_POINT('',(0.01835,-0.00554,-2.E-5));
#11214=CARTESIAN_POINT('',(0.01835,-0.00554,0.));
#11215=CARTESIAN_POINT('',(0.01935,-0.00554,0.));
#11216=CARTESIAN_POINT('',(0.01835,-0.00554,-2.E-5));
#11217=CARTESIAN_POINT('',(0.01935,-0.00554,-2.E-5));
#11218=CARTESIAN_POINT('',(0.01935,-0.00554,-2.E-5));
#11219=CARTESIAN_POINT('',(0.01835,-0.00454,-2.E-5));
#11220=CARTESIAN_POINT('',(0.01835,-0.00454,-2.E-5));
#11221=CARTESIAN_POINT('',(0.018825,-0.00454,-2.E-5));
#11222=CARTESIAN_POINT('',(0.01835,-0.00454,0.));
#11223=CARTESIAN_POINT('',(0.018825,-0.00454,0.));
#11224=CARTESIAN_POINT('',(0.01935,-0.00454,-2.E-5));
#11225=CARTESIAN_POINT('',(0.01935,-0.00454,0.));
#11226=CARTESIAN_POINT('',(0.01935,-0.00454,-2.E-5));
#11227=CARTESIAN_POINT('',(0.0098,-0.00705,-2.E-5));
#11228=CARTESIAN_POINT('',(0.0098,-0.00705,0.));
#11229=CARTESIAN_POINT('',(0.,0.,0.));
#11230=CARTESIAN_POINT('',(0.01835,-0.00808,-2.E-5));
#11231=CARTESIAN_POINT('',(0.01835,-0.00808,0.));
#11232=CARTESIAN_POINT('',(0.01935,-0.00808,0.));
#11233=CARTESIAN_POINT('',(0.01735,-0.00808,0.));
#11234=CARTESIAN_POINT('',(0.01735,-0.00808,-2.E-5));
#11235=CARTESIAN_POINT('',(0.01735,-0.00808,-2.E-5));
#11236=CARTESIAN_POINT('',(0.01835,-0.00808,-2.E-5));
#11237=CARTESIAN_POINT('',(0.01935,-0.00808,-2.E-5));
#11238=CARTESIAN_POINT('',(0.01935,-0.00808,-2.E-5));
#11239=CARTESIAN_POINT('',(0.01935,-0.00708,-2.E-5));
#11240=CARTESIAN_POINT('',(0.01935,-0.00708,0.));
#11241=CARTESIAN_POINT('',(0.01935,-0.00608,0.));
#11242=CARTESIAN_POINT('',(0.01935,-0.00708,-2.E-5));
#11243=CARTESIAN_POINT('',(0.01935,-0.00608,-2.E-5));
#11244=CARTESIAN_POINT('',(0.01935,-0.00608,-2.E-5));
#11245=CARTESIAN_POINT('',(0.01835,-0.00608,-2.E-5));
#11246=CARTESIAN_POINT('',(0.01835,-0.00608,0.));
#11247=CARTESIAN_POINT('',(0.01735,-0.00608,0.));
#11248=CARTESIAN_POINT('',(0.01835,-0.00608,-2.E-5));
#11249=CARTESIAN_POINT('',(0.01735,-0.00608,-2.E-5));
#11250=CARTESIAN_POINT('',(0.01735,-0.00608,-2.E-5));
#11251=CARTESIAN_POINT('',(0.01835,-0.00708,-2.E-5));
#11252=CARTESIAN_POINT('',(0.01835,-0.00708,-2.E-5));
#11253=CARTESIAN_POINT('',(0.018825,-0.00708,-2.E-5));
#11254=CARTESIAN_POINT('',(0.01835,-0.00708,0.));
#11255=CARTESIAN_POINT('',(0.018825,-0.00708,0.));
#11256=CARTESIAN_POINT('',(0.01735,-0.00708,-2.E-5));
#11257=CARTESIAN_POINT('',(0.01735,-0.00708,0.));
#11258=CARTESIAN_POINT('',(0.01735,-0.00708,-2.E-5));
#11259=CARTESIAN_POINT('',(0.0098,-0.00705,-2.E-5));
#11260=CARTESIAN_POINT('',(0.0098,-0.00705,0.));
#11261=CARTESIAN_POINT('',(0.,0.,0.));
#11262=CARTESIAN_POINT('',(0.01835,-0.01116,-2.E-5));
#11263=CARTESIAN_POINT('',(0.01835,-0.01116,0.));
#11264=CARTESIAN_POINT('',(0.01735,-0.01116,0.));
#11265=CARTESIAN_POINT('',(0.01935,-0.01116,0.));
#11266=CARTESIAN_POINT('',(0.01935,-0.01116,-2.E-5));
#11267=CARTESIAN_POINT('',(0.01935,-0.01116,-2.E-5));
#11268=CARTESIAN_POINT('',(0.01835,-0.01116,-2.E-5));
#11269=CARTESIAN_POINT('',(0.01735,-0.01116,-2.E-5));
#11270=CARTESIAN_POINT('',(0.01735,-0.01116,-2.E-5));
#11271=CARTESIAN_POINT('',(0.01735,-0.01216,-2.E-5));
#11272=CARTESIAN_POINT('',(0.01735,-0.01216,0.));
#11273=CARTESIAN_POINT('',(0.01735,-0.01316,0.));
#11274=CARTESIAN_POINT('',(0.01735,-0.01216,-2.E-5));
#11275=CARTESIAN_POINT('',(0.01735,-0.01316,-2.E-5));
#11276=CARTESIAN_POINT('',(0.01735,-0.01316,-2.E-5));
#11277=CARTESIAN_POINT('',(0.01835,-0.01316,-2.E-5));
#11278=CARTESIAN_POINT('',(0.01835,-0.01316,0.));
#11279=CARTESIAN_POINT('',(0.01935,-0.01316,0.));
#11280=CARTESIAN_POINT('',(0.01835,-0.01316,-2.E-5));
#11281=CARTESIAN_POINT('',(0.01935,-0.01316,-2.E-5));
#11282=CARTESIAN_POINT('',(0.01935,-0.01316,-2.E-5));
#11283=CARTESIAN_POINT('',(0.01835,-0.01216,-2.E-5));
#11284=CARTESIAN_POINT('',(0.01835,-0.01216,-2.E-5));
#11285=CARTESIAN_POINT('',(0.018825,-0.01216,-2.E-5));
#11286=CARTESIAN_POINT('',(0.01835,-0.01216,0.));
#11287=CARTESIAN_POINT('',(0.018825,-0.01216,0.));
#11288=CARTESIAN_POINT('',(0.01935,-0.01216,-2.E-5));
#11289=CARTESIAN_POINT('',(0.01935,-0.01216,0.));
#11290=CARTESIAN_POINT('',(0.01935,-0.01216,-2.E-5));
#11291=CARTESIAN_POINT('',(0.0098,-0.00705,-2.E-5));
#11292=CARTESIAN_POINT('',(0.0098,-0.00705,0.));
#11293=CARTESIAN_POINT('',(0.,0.,0.));
#11294=CARTESIAN_POINT('',(0.0081534497182717,-0.000606929621886723,0.001725));
#11295=CARTESIAN_POINT('',(0.0081534497182717,-0.000606929621886723,0.0016));
#11296=CARTESIAN_POINT('',(0.0081534497182717,-0.000706929621886723,0.0016));
#11297=CARTESIAN_POINT('',(0.0081534497182717,-0.000506929621886724,0.0016));
#11298=CARTESIAN_POINT('',(0.0081534497182717,-0.000706929621886723,0.001725));
#11299=CARTESIAN_POINT('',(0.0081534497182717,-0.000706929621886723,0.001725));
#11300=CARTESIAN_POINT('',(0.0081534497182717,-0.000606929621886723,0.001725));
#11301=CARTESIAN_POINT('',(0.0081534497182717,-0.000506929621886724,0.001725));
#11302=CARTESIAN_POINT('',(0.0081534497182717,-0.000506929621886724,0.001725));
#11303=CARTESIAN_POINT('',(0.0086534497182717,-0.000706929621886723,0.001725));
#11304=CARTESIAN_POINT('',(0.0086534497182717,-0.000706929621886723,0.0016));
#11305=CARTESIAN_POINT('',(0.0091534497182717,-0.000706929621886723,0.0016));
#11306=CARTESIAN_POINT('',(0.0091534497182717,-0.000706929621886723,0.001725));
#11307=CARTESIAN_POINT('',(0.0091534497182717,-0.000706929621886723,0.001725));
#11308=CARTESIAN_POINT('',(0.0086534497182717,-0.000706929621886723,0.001725));
#11309=CARTESIAN_POINT('',(0.0091534497182717,-0.000606929621886724,0.001725));
#11310=CARTESIAN_POINT('',(0.0091534497182717,-0.000606929621886724,0.0016));
#11311=CARTESIAN_POINT('',(0.0091534497182717,-0.000506929621886724,0.0016));
#11312=CARTESIAN_POINT('',(0.0091534497182717,-0.000506929621886724,0.001725));
#11313=CARTESIAN_POINT('',(0.0091534497182717,-0.000506929621886724,0.001725));
#11314=CARTESIAN_POINT('',(0.0091534497182717,-0.000606929621886724,0.001725));
#11315=CARTESIAN_POINT('',(0.0086534497182717,-0.000506929621886724,0.001725));
#11316=CARTESIAN_POINT('',(0.0086534497182717,-0.000506929621886724,0.0016));
#11317=CARTESIAN_POINT('',(0.0086534497182717,-0.000506929621886724,0.001725));
#11318=CARTESIAN_POINT('',(0.0173,-0.00705,0.001725));
#11319=CARTESIAN_POINT('',(0.0173,-0.00705,0.0016));
#11320=CARTESIAN_POINT('',(0.,0.,0.));
#11321=CARTESIAN_POINT('',(0.01835,-0.00862,-2.E-5));
#11322=CARTESIAN_POINT('',(0.01835,-0.00862,0.));
#11323=CARTESIAN_POINT('',(0.01735,-0.00862,0.));
#11324=CARTESIAN_POINT('',(0.01935,-0.00862,0.));
#11325=CARTESIAN_POINT('',(0.01935,-0.00862,-2.E-5));
#11326=CARTESIAN_POINT('',(0.01935,-0.00862,-2.E-5));
#11327=CARTESIAN_POINT('',(0.01835,-0.00862,-2.E-5));
#11328=CARTESIAN_POINT('',(0.01735,-0.00862,-2.E-5));
#11329=CARTESIAN_POINT('',(0.01735,-0.00862,-2.E-5));
#11330=CARTESIAN_POINT('',(0.01735,-0.00962,-2.E-5));
#11331=CARTESIAN_POINT('',(0.01735,-0.00962,0.));
#11332=CARTESIAN_POINT('',(0.01735,-0.01062,0.));
#11333=CARTESIAN_POINT('',(0.01735,-0.00962,-2.E-5));
#11334=CARTESIAN_POINT('',(0.01735,-0.01062,-2.E-5));
#11335=CARTESIAN_POINT('',(0.01735,-0.01062,-2.E-5));
#11336=CARTESIAN_POINT('',(0.01835,-0.01062,-2.E-5));
#11337=CARTESIAN_POINT('',(0.01835,-0.01062,0.));
#11338=CARTESIAN_POINT('',(0.01935,-0.01062,0.));
#11339=CARTESIAN_POINT('',(0.01835,-0.01062,-2.E-5));
#11340=CARTESIAN_POINT('',(0.01935,-0.01062,-2.E-5));
#11341=CARTESIAN_POINT('',(0.01935,-0.01062,-2.E-5));
#11342=CARTESIAN_POINT('',(0.01835,-0.00962,-2.E-5));
#11343=CARTESIAN_POINT('',(0.01835,-0.00962,-2.E-5));
#11344=CARTESIAN_POINT('',(0.018825,-0.00962,-2.E-5));
#11345=CARTESIAN_POINT('',(0.01835,-0.00962,0.));
#11346=CARTESIAN_POINT('',(0.018825,-0.00962,0.));
#11347=CARTESIAN_POINT('',(0.01935,-0.00962,-2.E-5));
#11348=CARTESIAN_POINT('',(0.01935,-0.00962,0.));
#11349=CARTESIAN_POINT('',(0.01935,-0.00962,-2.E-5));
#11350=CARTESIAN_POINT('',(0.0098,-0.00705,-2.E-5));
#11351=CARTESIAN_POINT('',(0.0098,-0.00705,0.));
#11352=CARTESIAN_POINT('',(0.,0.,0.));
#11353=CARTESIAN_POINT('',(0.0091534497182717,-0.00200692962188673,0.001725));
#11354=CARTESIAN_POINT('',(0.0091534497182717,-0.00200692962188673,0.0016));
#11355=CARTESIAN_POINT('',(0.0091534497182717,-0.00190692962188672,0.0016));
#11356=CARTESIAN_POINT('',(0.0091534497182717,-0.00210692962188673,0.0016));
#11357=CARTESIAN_POINT('',(0.0091534497182717,-0.00190692962188672,0.001725));
#11358=CARTESIAN_POINT('',(0.0091534497182717,-0.00190692962188672,0.001725));
#11359=CARTESIAN_POINT('',(0.0091534497182717,-0.00200692962188673,0.001725));
#11360=CARTESIAN_POINT('',(0.0091534497182717,-0.00210692962188673,0.001725));
#11361=CARTESIAN_POINT('',(0.0091534497182717,-0.00210692962188673,0.001725));
#11362=CARTESIAN_POINT('',(0.0086534497182717,-0.00190692962188672,0.001725));
#11363=CARTESIAN_POINT('',(0.0086534497182717,-0.00190692962188672,0.0016));
#11364=CARTESIAN_POINT('',(0.0081534497182717,-0.00190692962188672,0.0016));
#11365=CARTESIAN_POINT('',(0.0081534497182717,-0.00190692962188672,0.001725));
#11366=CARTESIAN_POINT('',(0.0081534497182717,-0.00190692962188672,0.001725));
#11367=CARTESIAN_POINT('',(0.0086534497182717,-0.00190692962188672,0.001725));
#11368=CARTESIAN_POINT('',(0.0081534497182717,-0.00200692962188673,0.001725));
#11369=CARTESIAN_POINT('',(0.0081534497182717,-0.00200692962188673,0.0016));
#11370=CARTESIAN_POINT('',(0.0081534497182717,-0.00210692962188673,0.0016));
#11371=CARTESIAN_POINT('',(0.0081534497182717,-0.00210692962188673,0.001725));
#11372=CARTESIAN_POINT('',(0.0081534497182717,-0.00210692962188673,0.001725));
#11373=CARTESIAN_POINT('',(0.0081534497182717,-0.00200692962188673,0.001725));
#11374=CARTESIAN_POINT('',(0.0086534497182717,-0.00210692962188673,0.001725));
#11375=CARTESIAN_POINT('',(0.0086534497182717,-0.00210692962188673,0.0016));
#11376=CARTESIAN_POINT('',(0.0086534497182717,-0.00210692962188673,0.001725));
#11377=CARTESIAN_POINT('',(0.0173,-0.00705,0.001725));
#11378=CARTESIAN_POINT('',(0.0173,-0.00705,0.0016));
#11379=CARTESIAN_POINT('',(0.,0.,0.));
#11380=CARTESIAN_POINT('',(0.0131881255656481,-0.0103451617564992,0.0039));
#11381=CARTESIAN_POINT('',(0.0131881255656481,-0.0103451617564992,0.0016));
#11382=CARTESIAN_POINT('',(0.0131881255656481,-0.00934516175649918,0.0016));
#11383=CARTESIAN_POINT('',(0.0131881255656481,-0.0113451617564992,0.0016));
#11384=CARTESIAN_POINT('',(0.0131881255656481,-0.0113451617564992,0.0039));
#11385=CARTESIAN_POINT('',(0.0131881255656481,-0.0113451617564992,0.0039));
#11386=CARTESIAN_POINT('',(0.0131881255656481,-0.0103451617564992,0.0039));
#11387=CARTESIAN_POINT('',(0.0131881255656481,-0.00934516175649918,0.0039));
#11388=CARTESIAN_POINT('',(0.0131881255656481,-0.00934516175649918,0.0039));
#11389=CARTESIAN_POINT('',(0.0145481255656481,-0.0113451617564992,0.0039));
#11390=CARTESIAN_POINT('',(0.0145481255656481,-0.0113451617564992,0.0016));
#11391=CARTESIAN_POINT('',(0.0159081255656481,-0.0113451617564992,0.0016));
#11392=CARTESIAN_POINT('',(0.0159081255656481,-0.0113451617564992,0.0039));
#11393=CARTESIAN_POINT('',(0.0159081255656481,-0.0113451617564992,0.0039));
#11394=CARTESIAN_POINT('',(0.0145481255656481,-0.0113451617564992,0.0039));
#11395=CARTESIAN_POINT('',(0.0159081255656481,-0.0103451617564992,0.0039));
#11396=CARTESIAN_POINT('',(0.0159081255656481,-0.0103451617564992,0.0016));
#11397=CARTESIAN_POINT('',(0.0159081255656481,-0.00934516175649918,0.0016));
#11398=CARTESIAN_POINT('',(0.0159081255656481,-0.00934516175649918,0.0039));
#11399=CARTESIAN_POINT('',(0.0159081255656481,-0.00934516175649918,0.0039));
#11400=CARTESIAN_POINT('',(0.0159081255656481,-0.0103451617564992,0.0039));
#11401=CARTESIAN_POINT('',(0.0145481255656481,-0.00934516175649918,0.0039));
#11402=CARTESIAN_POINT('',(0.0145481255656481,-0.00934516175649918,0.0016));
#11403=CARTESIAN_POINT('',(0.0145481255656481,-0.00934516175649918,0.0039));
#11404=CARTESIAN_POINT('',(0.0098,-0.01305,0.0039));
#11405=CARTESIAN_POINT('',(0.0098,-0.01305,0.0016));
#11406=CARTESIAN_POINT('',(0.,0.,0.));
#11407=CARTESIAN_POINT('',(0.0131881255656481,-0.00434516175649918,0.0039));
#11408=CARTESIAN_POINT('',(0.0131881255656481,-0.00434516175649918,0.0016));
#11409=CARTESIAN_POINT('',(0.0131881255656481,-0.00334516175649918,0.0016));
#11410=CARTESIAN_POINT('',(0.0131881255656481,-0.00534516175649918,0.0016));
#11411=CARTESIAN_POINT('',(0.0131881255656481,-0.00534516175649918,0.0039));
#11412=CARTESIAN_POINT('',(0.0131881255656481,-0.00534516175649918,0.0039));
#11413=CARTESIAN_POINT('',(0.0131881255656481,-0.00434516175649918,0.0039));
#11414=CARTESIAN_POINT('',(0.0131881255656481,-0.00334516175649918,0.0039));
#11415=CARTESIAN_POINT('',(0.0131881255656481,-0.00334516175649918,0.0039));
#11416=CARTESIAN_POINT('',(0.0145481255656481,-0.00534516175649918,0.0039));
#11417=CARTESIAN_POINT('',(0.0145481255656481,-0.00534516175649918,0.0016));
#11418=CARTESIAN_POINT('',(0.0159081255656481,-0.00534516175649918,0.0016));
#11419=CARTESIAN_POINT('',(0.0159081255656481,-0.00534516175649918,0.0039));
#11420=CARTESIAN_POINT('',(0.0159081255656481,-0.00534516175649918,0.0039));
#11421=CARTESIAN_POINT('',(0.0145481255656481,-0.00534516175649918,0.0039));
#11422=CARTESIAN_POINT('',(0.0159081255656481,-0.00434516175649918,0.0039));
#11423=CARTESIAN_POINT('',(0.0159081255656481,-0.00434516175649918,0.0016));
#11424=CARTESIAN_POINT('',(0.0159081255656481,-0.00334516175649918,0.0016));
#11425=CARTESIAN_POINT('',(0.0159081255656481,-0.00334516175649918,0.0039));
#11426=CARTESIAN_POINT('',(0.0159081255656481,-0.00334516175649918,0.0039));
#11427=CARTESIAN_POINT('',(0.0159081255656481,-0.00434516175649918,0.0039));
#11428=CARTESIAN_POINT('',(0.0145481255656481,-0.00334516175649918,0.0039));
#11429=CARTESIAN_POINT('',(0.0145481255656481,-0.00334516175649918,0.0016));
#11430=CARTESIAN_POINT('',(0.0145481255656481,-0.00334516175649918,0.0039));
#11431=CARTESIAN_POINT('',(0.0098,-0.00705,0.0039));
#11432=CARTESIAN_POINT('',(0.0098,-0.00705,0.0016));
#11433=CARTESIAN_POINT('',(0.,0.,0.));
#11434=CARTESIAN_POINT('',(0.0145481255656481,-0.00934516175649918,0.0039));
#11435=CARTESIAN_POINT('',(0.0145481255656481,-0.00934516175649918,0.0016));
#11436=CARTESIAN_POINT('',(0.0131881255656481,-0.00934516175649918,0.0016));
#11437=CARTESIAN_POINT('',(0.0159081255656481,-0.00934516175649918,0.0016));
#11438=CARTESIAN_POINT('',(0.0159081255656481,-0.00934516175649918,0.0039));
#11439=CARTESIAN_POINT('',(0.0159081255656481,-0.00934516175649918,0.0039));
#11440=CARTESIAN_POINT('',(0.0145481255656481,-0.00934516175649918,0.0039));
#11441=CARTESIAN_POINT('',(0.0131881255656481,-0.00934516175649918,0.0039));
#11442=CARTESIAN_POINT('',(0.0131881255656481,-0.00934516175649918,0.0039));
#11443=CARTESIAN_POINT('',(0.0159081255656481,-0.00911601852854643,0.0039));
#11444=CARTESIAN_POINT('',(0.0159081255656481,-0.00911601852854643,0.0016));
#11445=CARTESIAN_POINT('',(0.0159081255656481,-0.00888687530059367,0.0016));
#11446=CARTESIAN_POINT('',(0.0159081255656481,-0.00888687530059367,0.0039));
#11447=CARTESIAN_POINT('',(0.0159081255656481,-0.00888687530059367,0.0039));
#11448=CARTESIAN_POINT('',(0.0159081255656481,-0.00911601852854643,0.0039));
#11449=CARTESIAN_POINT('',(0.0145481255656481,-0.00888687530059367,0.0039));
#11450=CARTESIAN_POINT('',(0.0145481255656481,-0.00888687530059367,0.0016));
#11451=CARTESIAN_POINT('',(0.0131881255656481,-0.00888687530059367,0.0016));
#11452=CARTESIAN_POINT('',(0.0131881255656481,-0.00888687530059367,0.0039));
#11453=CARTESIAN_POINT('',(0.0131881255656481,-0.00888687530059367,0.0039));
#11454=CARTESIAN_POINT('',(0.0145481255656481,-0.00888687530059367,0.0039));
#11455=CARTESIAN_POINT('',(0.0131881255656481,-0.00911601852854643,0.0039));
#11456=CARTESIAN_POINT('',(0.0131881255656481,-0.00911601852854643,0.0016));
#11457=CARTESIAN_POINT('',(0.0131881255656481,-0.00911601852854643,0.0039));
#11458=CARTESIAN_POINT('',(0.0098,-0.01305,0.0039));
#11459=CARTESIAN_POINT('',(0.0098,-0.01305,0.0016));
#11460=CARTESIAN_POINT('',(0.,0.,0.));
#11461=CARTESIAN_POINT('',(0.0026534497182717,-0.000706929621886723,0.001725));
#11462=CARTESIAN_POINT('',(0.0026534497182717,-0.000706929621886723,0.0016));
#11463=CARTESIAN_POINT('',(0.0021534497182717,-0.000706929621886723,0.0016));
#11464=CARTESIAN_POINT('',(0.0031534497182717,-0.000706929621886723,0.0016));
#11465=CARTESIAN_POINT('',(0.0021534497182717,-0.000706929621886723,0.001725));
#11466=CARTESIAN_POINT('',(0.0021534497182717,-0.000706929621886723,0.001725));
#11467=CARTESIAN_POINT('',(0.0026534497182717,-0.000706929621886723,0.001725));
#11468=CARTESIAN_POINT('',(0.0031534497182717,-0.000706929621886723,0.001725));
#11469=CARTESIAN_POINT('',(0.0031534497182717,-0.000706929621886723,0.001725));
#11470=CARTESIAN_POINT('',(0.0021534497182717,-0.00130692962188672,0.001725));
#11471=CARTESIAN_POINT('',(0.0021534497182717,-0.00130692962188672,0.0016));
#11472=CARTESIAN_POINT('',(0.0021534497182717,-0.00190692962188672,0.0016));
#11473=CARTESIAN_POINT('',(0.0021534497182717,-0.00190692962188672,0.001725));
#11474=CARTESIAN_POINT('',(0.0021534497182717,-0.00190692962188672,0.001725));
#11475=CARTESIAN_POINT('',(0.0021534497182717,-0.00130692962188672,0.001725));
#11476=CARTESIAN_POINT('',(0.0026534497182717,-0.00190692962188672,0.001725));
#11477=CARTESIAN_POINT('',(0.0026534497182717,-0.00190692962188672,0.0016));
#11478=CARTESIAN_POINT('',(0.0031534497182717,-0.00190692962188672,0.0016));
#11479=CARTESIAN_POINT('',(0.0031534497182717,-0.00190692962188672,0.001725));
#11480=CARTESIAN_POINT('',(0.0031534497182717,-0.00190692962188672,0.001725));
#11481=CARTESIAN_POINT('',(0.0026534497182717,-0.00190692962188672,0.001725));
#11482=CARTESIAN_POINT('',(0.0031534497182717,-0.00130692962188672,0.001725));
#11483=CARTESIAN_POINT('',(0.0031534497182717,-0.00130692962188672,0.0016));
#11484=CARTESIAN_POINT('',(0.0031534497182717,-0.00130692962188672,0.001725));
#11485=CARTESIAN_POINT('',(0.0113,-0.00705,0.001725));
#11486=CARTESIAN_POINT('',(0.0113,-0.00705,0.0016));
#11487=CARTESIAN_POINT('',(0.,0.,0.));
#11488=CARTESIAN_POINT('',(0.0145481255656481,-0.0113451617564992,0.0039));
#11489=CARTESIAN_POINT('',(0.0145481255656481,-0.0113451617564992,0.0016));
#11490=CARTESIAN_POINT('',(0.0131881255656481,-0.0113451617564992,0.0016));
#11491=CARTESIAN_POINT('',(0.0159081255656481,-0.0113451617564992,0.0016));
#11492=CARTESIAN_POINT('',(0.0131881255656481,-0.0113451617564992,0.0039));
#11493=CARTESIAN_POINT('',(0.0131881255656481,-0.0113451617564992,0.0039));
#11494=CARTESIAN_POINT('',(0.0145481255656481,-0.0113451617564992,0.0039));
#11495=CARTESIAN_POINT('',(0.0159081255656481,-0.0113451617564992,0.0039));
#11496=CARTESIAN_POINT('',(0.0159081255656481,-0.0113451617564992,0.0039));
#11497=CARTESIAN_POINT('',(0.0131881255656481,-0.0115743049844519,0.0039));
#11498=CARTESIAN_POINT('',(0.0131881255656481,-0.0115743049844519,0.0016));
#11499=CARTESIAN_POINT('',(0.0131881255656481,-0.0118034482124047,0.0016));
#11500=CARTESIAN_POINT('',(0.0131881255656481,-0.0118034482124047,0.0039));
#11501=CARTESIAN_POINT('',(0.0131881255656481,-0.0118034482124047,0.0039));
#11502=CARTESIAN_POINT('',(0.0131881255656481,-0.0115743049844519,0.0039));
#11503=CARTESIAN_POINT('',(0.0145481255656481,-0.0118034482124047,0.0039));
#11504=CARTESIAN_POINT('',(0.0145481255656481,-0.0118034482124047,0.0016));
#11505=CARTESIAN_POINT('',(0.0159081255656481,-0.0118034482124047,0.0016));
#11506=CARTESIAN_POINT('',(0.0159081255656481,-0.0118034482124047,0.0039));
#11507=CARTESIAN_POINT('',(0.0159081255656481,-0.0118034482124047,0.0039));
#11508=CARTESIAN_POINT('',(0.0145481255656481,-0.0118034482124047,0.0039));
#11509=CARTESIAN_POINT('',(0.0159081255656481,-0.0115743049844519,0.0039));
#11510=CARTESIAN_POINT('',(0.0159081255656481,-0.0115743049844519,0.0016));
#11511=CARTESIAN_POINT('',(0.0159081255656481,-0.0115743049844519,0.0039));
#11512=CARTESIAN_POINT('',(0.0098,-0.01305,0.0039));
#11513=CARTESIAN_POINT('',(0.0098,-0.01305,0.0016));
#11514=CARTESIAN_POINT('',(0.,0.,0.));
#11515=CARTESIAN_POINT('',(0.0021534497182717,-0.000606929621886723,0.001725));
#11516=CARTESIAN_POINT('',(0.0021534497182717,-0.000606929621886723,0.0016));
#11517=CARTESIAN_POINT('',(0.0021534497182717,-0.000706929621886723,0.0016));
#11518=CARTESIAN_POINT('',(0.0021534497182717,-0.000506929621886724,0.0016));
#11519=CARTESIAN_POINT('',(0.0021534497182717,-0.000706929621886723,0.001725));
#11520=CARTESIAN_POINT('',(0.0021534497182717,-0.000706929621886723,0.001725));
#11521=CARTESIAN_POINT('',(0.0021534497182717,-0.000606929621886723,0.001725));
#11522=CARTESIAN_POINT('',(0.0021534497182717,-0.000506929621886724,0.001725));
#11523=CARTESIAN_POINT('',(0.0021534497182717,-0.000506929621886724,0.001725));
#11524=CARTESIAN_POINT('',(0.0026534497182717,-0.000706929621886723,0.001725));
#11525=CARTESIAN_POINT('',(0.0026534497182717,-0.000706929621886723,0.0016));
#11526=CARTESIAN_POINT('',(0.0031534497182717,-0.000706929621886723,0.0016));
#11527=CARTESIAN_POINT('',(0.0031534497182717,-0.000706929621886723,0.001725));
#11528=CARTESIAN_POINT('',(0.0031534497182717,-0.000706929621886723,0.001725));
#11529=CARTESIAN_POINT('',(0.0026534497182717,-0.000706929621886723,0.001725));
#11530=CARTESIAN_POINT('',(0.0031534497182717,-0.000606929621886724,0.001725));
#11531=CARTESIAN_POINT('',(0.0031534497182717,-0.000606929621886724,0.0016));
#11532=CARTESIAN_POINT('',(0.0031534497182717,-0.000506929621886724,0.0016));
#11533=CARTESIAN_POINT('',(0.0031534497182717,-0.000506929621886724,0.001725));
#11534=CARTESIAN_POINT('',(0.0031534497182717,-0.000506929621886724,0.001725));
#11535=CARTESIAN_POINT('',(0.0031534497182717,-0.000606929621886724,0.001725));
#11536=CARTESIAN_POINT('',(0.0026534497182717,-0.000506929621886724,0.001725));
#11537=CARTESIAN_POINT('',(0.0026534497182717,-0.000506929621886724,0.0016));
#11538=CARTESIAN_POINT('',(0.0026534497182717,-0.000506929621886724,0.001725));
#11539=CARTESIAN_POINT('',(0.0113,-0.00705,0.001725));
#11540=CARTESIAN_POINT('',(0.0113,-0.00705,0.0016));
#11541=CARTESIAN_POINT('',(0.,0.,0.));
#11542=CARTESIAN_POINT('',(0.018675,-0.00454,-0.00802));
#11543=CARTESIAN_POINT('',(0.018675,-0.004865,-0.00802));
#11544=CARTESIAN_POINT('',(0.018675,-0.004865,-0.00787));
#11545=CARTESIAN_POINT('',(0.018675,-0.004865,0.00283));
#11546=CARTESIAN_POINT('',(0.018675,-0.00454,-0.00787));
#11547=CARTESIAN_POINT('',(0.018675,-0.004215,-0.00787));
#11548=CARTESIAN_POINT('',(0.018675,-0.004215,-0.00802));
#11549=CARTESIAN_POINT('',(0.018675,-0.004215,0.00283));
#11550=CARTESIAN_POINT('',(0.018675,-0.004865,0.00283));
#11551=CARTESIAN_POINT('',(0.01835,-0.004865,-0.00802));
#11552=CARTESIAN_POINT('',(0.018025,-0.004865,-0.00802));
#11553=CARTESIAN_POINT('',(0.018025,-0.004865,-0.00787));
#11554=CARTESIAN_POINT('',(0.018025,-0.004865,0.00283));
#11555=CARTESIAN_POINT('',(0.018675,-0.004865,-0.00787));
#11556=CARTESIAN_POINT('',(0.01835,-0.004865,0.00283));
#11557=CARTESIAN_POINT('',(0.018025,-0.00454,-0.00802));
#11558=CARTESIAN_POINT('',(0.018025,-0.004215,-0.00802));
#11559=CARTESIAN_POINT('',(0.018025,-0.004215,-0.00787));
#11560=CARTESIAN_POINT('',(0.018025,-0.004215,0.00283));
#11561=CARTESIAN_POINT('',(0.018025,-0.004865,-0.00787));
#11562=CARTESIAN_POINT('',(0.018025,-0.00454,0.00283));
#11563=CARTESIAN_POINT('',(0.01835,-0.004215,-0.00802));
#11564=CARTESIAN_POINT('',(0.01835,-0.004215,-0.00787));
#11565=CARTESIAN_POINT('',(0.018675,-0.004215,0.00283));
#11566=CARTESIAN_POINT('',(0.01835,-0.00454,-0.00802));
#11567=CARTESIAN_POINT('',(0.018175,-0.004215,-0.00802));
#11568=CARTESIAN_POINT('',(0.018175,-0.004715,-0.00802));
#11569=CARTESIAN_POINT('',(0.018175,-0.004365,-0.00802));
#11570=CARTESIAN_POINT('',(0.01835,-0.004365,-0.00802));
#11571=CARTESIAN_POINT('',(0.018525,-0.004365,-0.00802));
#11572=CARTESIAN_POINT('',(0.018525,-0.00454,-0.00802));
#11573=CARTESIAN_POINT('',(0.018525,-0.004715,-0.00802));
#11574=CARTESIAN_POINT('',(0.018025,-0.004715,-0.00802));
#11575=CARTESIAN_POINT('',(0.01835,-0.00454,0.00298));
#11576=CARTESIAN_POINT('',(0.018525,-0.004215,0.00298));
#11577=CARTESIAN_POINT('',(0.018525,-0.004715,0.00298));
#11578=CARTESIAN_POINT('',(0.018525,-0.004365,0.00298));
#11579=CARTESIAN_POINT('',(0.018025,-0.004365,0.00298));
#11580=CARTESIAN_POINT('',(0.018175,-0.004365,0.00298));
#11581=CARTESIAN_POINT('',(0.018175,-0.00454,0.00298));
#11582=CARTESIAN_POINT('',(0.018175,-0.004715,0.00298));
#11583=CARTESIAN_POINT('',(0.01835,-0.004715,0.00298));
#11584=CARTESIAN_POINT('',(0.01835,-0.004715,-0.00802));
#11585=CARTESIAN_POINT('',(0.0182333333333334,-0.00465666666666667,-0.00807833333333333));
#11586=CARTESIAN_POINT('',(0.0184666666666666,-0.00465666666666666,-0.00807833333333333));
#11587=CARTESIAN_POINT('',(0.018675,-0.00454,-0.00787));
#11588=CARTESIAN_POINT('',(0.0185666666666667,-0.00432333333333333,-0.00797833333333333));
#11589=CARTESIAN_POINT('',(0.018175,-0.00454,-0.00802));
#11590=CARTESIAN_POINT('',(0.0182333333333334,-0.00442333333333333,-0.00807833333333333));
#11591=CARTESIAN_POINT('',(0.01835,-0.004215,-0.00787));
#11592=CARTESIAN_POINT('',(0.01835,-0.004865,0.00283));
#11593=CARTESIAN_POINT('',(0.0181333333333334,-0.00475666666666667,0.00293833333333333));
#11594=CARTESIAN_POINT('',(0.0185666666666667,-0.00475666666666667,0.00293833333333333));
#11595=CARTESIAN_POINT('',(0.018525,-0.00454,0.00298));
#11596=CARTESIAN_POINT('',(0.0184666666666666,-0.00442333333333333,0.00303833333333333));
#11597=CARTESIAN_POINT('',(0.018025,-0.00454,0.00283));
#11598=CARTESIAN_POINT('',(0.0181333333333334,-0.00432333333333333,0.00293833333333333));
#11599=CARTESIAN_POINT('',(0.01835,-0.004365,0.00298));
#11600=CARTESIAN_POINT('',(0.,0.,0.));
#11601=CARTESIAN_POINT('',(0.0031534497182717,-0.00200692962188673,0.001725));
#11602=CARTESIAN_POINT('',(0.0031534497182717,-0.00200692962188673,0.0016));
#11603=CARTESIAN_POINT('',(0.0031534497182717,-0.00190692962188672,0.0016));
#11604=CARTESIAN_POINT('',(0.0031534497182717,-0.00210692962188673,0.0016));
#11605=CARTESIAN_POINT('',(0.0031534497182717,-0.00190692962188672,0.001725));
#11606=CARTESIAN_POINT('',(0.0031534497182717,-0.00190692962188672,0.001725));
#11607=CARTESIAN_POINT('',(0.0031534497182717,-0.00200692962188673,0.001725));
#11608=CARTESIAN_POINT('',(0.0031534497182717,-0.00210692962188673,0.001725));
#11609=CARTESIAN_POINT('',(0.0031534497182717,-0.00210692962188673,0.001725));
#11610=CARTESIAN_POINT('',(0.0026534497182717,-0.00190692962188672,0.001725));
#11611=CARTESIAN_POINT('',(0.0026534497182717,-0.00190692962188672,0.0016));
#11612=CARTESIAN_POINT('',(0.0021534497182717,-0.00190692962188672,0.0016));
#11613=CARTESIAN_POINT('',(0.0021534497182717,-0.00190692962188672,0.001725));
#11614=CARTESIAN_POINT('',(0.0021534497182717,-0.00190692962188672,0.001725));
#11615=CARTESIAN_POINT('',(0.0026534497182717,-0.00190692962188672,0.001725));
#11616=CARTESIAN_POINT('',(0.0021534497182717,-0.00200692962188673,0.001725));
#11617=CARTESIAN_POINT('',(0.0021534497182717,-0.00200692962188673,0.0016));
#11618=CARTESIAN_POINT('',(0.0021534497182717,-0.00210692962188673,0.0016));
#11619=CARTESIAN_POINT('',(0.0021534497182717,-0.00210692962188673,0.001725));
#11620=CARTESIAN_POINT('',(0.0021534497182717,-0.00210692962188673,0.001725));
#11621=CARTESIAN_POINT('',(0.0021534497182717,-0.00200692962188673,0.001725));
#11622=CARTESIAN_POINT('',(0.0026534497182717,-0.00210692962188673,0.001725));
#11623=CARTESIAN_POINT('',(0.0026534497182717,-0.00210692962188673,0.0016));
#11624=CARTESIAN_POINT('',(0.0026534497182717,-0.00210692962188673,0.001725));
#11625=CARTESIAN_POINT('',(0.0113,-0.00705,0.001725));
#11626=CARTESIAN_POINT('',(0.0113,-0.00705,0.0016));
#11627=CARTESIAN_POINT('',(0.,0.,0.));
#11628=CARTESIAN_POINT('',(0.00415344971827169,-0.000706929621886723,0.001725));
#11629=CARTESIAN_POINT('',(0.00415344971827169,-0.000706929621886723,0.0016));
#11630=CARTESIAN_POINT('',(0.00365344971827169,-0.000706929621886723,0.0016));
#11631=CARTESIAN_POINT('',(0.0046534497182717,-0.000706929621886723,0.0016));
#11632=CARTESIAN_POINT('',(0.00365344971827169,-0.000706929621886723,0.001725));
#11633=CARTESIAN_POINT('',(0.00365344971827169,-0.000706929621886723,0.001725));
#11634=CARTESIAN_POINT('',(0.00415344971827169,-0.000706929621886723,0.001725));
#11635=CARTESIAN_POINT('',(0.0046534497182717,-0.000706929621886723,0.001725));
#11636=CARTESIAN_POINT('',(0.0046534497182717,-0.000706929621886723,0.001725));
#11637=CARTESIAN_POINT('',(0.00365344971827169,-0.00130692962188672,0.001725));
#11638=CARTESIAN_POINT('',(0.00365344971827169,-0.00130692962188672,0.0016));
#11639=CARTESIAN_POINT('',(0.00365344971827169,-0.00190692962188672,0.0016));
#11640=CARTESIAN_POINT('',(0.00365344971827169,-0.00190692962188672,0.001725));
#11641=CARTESIAN_POINT('',(0.00365344971827169,-0.00190692962188672,0.001725));
#11642=CARTESIAN_POINT('',(0.00365344971827169,-0.00130692962188672,0.001725));
#11643=CARTESIAN_POINT('',(0.00415344971827169,-0.00190692962188672,0.001725));
#11644=CARTESIAN_POINT('',(0.00415344971827169,-0.00190692962188672,0.0016));
#11645=CARTESIAN_POINT('',(0.0046534497182717,-0.00190692962188672,0.0016));
#11646=CARTESIAN_POINT('',(0.0046534497182717,-0.00190692962188672,0.001725));
#11647=CARTESIAN_POINT('',(0.0046534497182717,-0.00190692962188672,0.001725));
#11648=CARTESIAN_POINT('',(0.00415344971827169,-0.00190692962188672,0.001725));
#11649=CARTESIAN_POINT('',(0.0046534497182717,-0.00130692962188672,0.001725));
#11650=CARTESIAN_POINT('',(0.0046534497182717,-0.00130692962188672,0.0016));
#11651=CARTESIAN_POINT('',(0.0046534497182717,-0.00130692962188672,0.001725));
#11652=CARTESIAN_POINT('',(0.0128,-0.00705,0.001725));
#11653=CARTESIAN_POINT('',(0.0128,-0.00705,0.0016));
#11654=CARTESIAN_POINT('',(0.,0.,0.));
#11655=CARTESIAN_POINT('',(0.00365344971827169,-0.000606929621886723,0.001725));
#11656=CARTESIAN_POINT('',(0.00365344971827169,-0.000606929621886723,0.0016));
#11657=CARTESIAN_POINT('',(0.00365344971827169,-0.000706929621886723,0.0016));
#11658=CARTESIAN_POINT('',(0.00365344971827169,-0.000506929621886724,0.0016));
#11659=CARTESIAN_POINT('',(0.00365344971827169,-0.000706929621886723,0.001725));
#11660=CARTESIAN_POINT('',(0.00365344971827169,-0.000706929621886723,0.001725));
#11661=CARTESIAN_POINT('',(0.00365344971827169,-0.000606929621886723,0.001725));
#11662=CARTESIAN_POINT('',(0.00365344971827169,-0.000506929621886724,0.001725));
#11663=CARTESIAN_POINT('',(0.00365344971827169,-0.000506929621886724,0.001725));
#11664=CARTESIAN_POINT('',(0.00415344971827169,-0.000706929621886723,0.001725));
#11665=CARTESIAN_POINT('',(0.00415344971827169,-0.000706929621886723,0.0016));
#11666=CARTESIAN_POINT('',(0.0046534497182717,-0.000706929621886723,0.0016));
#11667=CARTESIAN_POINT('',(0.0046534497182717,-0.000706929621886723,0.001725));
#11668=CARTESIAN_POINT('',(0.0046534497182717,-0.000706929621886723,0.001725));
#11669=CARTESIAN_POINT('',(0.00415344971827169,-0.000706929621886723,0.001725));
#11670=CARTESIAN_POINT('',(0.0046534497182717,-0.000606929621886724,0.001725));
#11671=CARTESIAN_POINT('',(0.0046534497182717,-0.000606929621886724,0.0016));
#11672=CARTESIAN_POINT('',(0.0046534497182717,-0.000506929621886724,0.0016));
#11673=CARTESIAN_POINT('',(0.0046534497182717,-0.000506929621886724,0.001725));
#11674=CARTESIAN_POINT('',(0.0046534497182717,-0.000506929621886724,0.001725));
#11675=CARTESIAN_POINT('',(0.0046534497182717,-0.000606929621886724,0.001725));
#11676=CARTESIAN_POINT('',(0.00415344971827169,-0.000506929621886724,0.001725));
#11677=CARTESIAN_POINT('',(0.00415344971827169,-0.000506929621886724,0.0016));
#11678=CARTESIAN_POINT('',(0.00415344971827169,-0.000506929621886724,0.001725));
#11679=CARTESIAN_POINT('',(0.0128,-0.00705,0.001725));
#11680=CARTESIAN_POINT('',(0.0128,-0.00705,0.0016));
#11681=CARTESIAN_POINT('',(0.,0.,0.));
#11682=CARTESIAN_POINT('',(0.0046534497182717,-0.00200692962188673,0.001725));
#11683=CARTESIAN_POINT('',(0.0046534497182717,-0.00200692962188673,0.0016));
#11684=CARTESIAN_POINT('',(0.0046534497182717,-0.00190692962188672,0.0016));
#11685=CARTESIAN_POINT('',(0.0046534497182717,-0.00210692962188673,0.0016));
#11686=CARTESIAN_POINT('',(0.0046534497182717,-0.00190692962188672,0.001725));
#11687=CARTESIAN_POINT('',(0.0046534497182717,-0.00190692962188672,0.001725));
#11688=CARTESIAN_POINT('',(0.0046534497182717,-0.00200692962188673,0.001725));
#11689=CARTESIAN_POINT('',(0.0046534497182717,-0.00210692962188673,0.001725));
#11690=CARTESIAN_POINT('',(0.0046534497182717,-0.00210692962188673,0.001725));
#11691=CARTESIAN_POINT('',(0.00415344971827169,-0.00190692962188672,0.001725));
#11692=CARTESIAN_POINT('',(0.00415344971827169,-0.00190692962188672,0.0016));
#11693=CARTESIAN_POINT('',(0.00365344971827169,-0.00190692962188672,0.0016));
#11694=CARTESIAN_POINT('',(0.00365344971827169,-0.00190692962188672,0.001725));
#11695=CARTESIAN_POINT('',(0.00365344971827169,-0.00190692962188672,0.001725));
#11696=CARTESIAN_POINT('',(0.00415344971827169,-0.00190692962188672,0.001725));
#11697=CARTESIAN_POINT('',(0.00365344971827169,-0.00200692962188673,0.001725));
#11698=CARTESIAN_POINT('',(0.00365344971827169,-0.00200692962188673,0.0016));
#11699=CARTESIAN_POINT('',(0.00365344971827169,-0.00210692962188673,0.0016));
#11700=CARTESIAN_POINT('',(0.00365344971827169,-0.00210692962188673,0.001725));
#11701=CARTESIAN_POINT('',(0.00365344971827169,-0.00210692962188673,0.001725));
#11702=CARTESIAN_POINT('',(0.00365344971827169,-0.00200692962188673,0.001725));
#11703=CARTESIAN_POINT('',(0.00415344971827169,-0.00210692962188673,0.001725));
#11704=CARTESIAN_POINT('',(0.00415344971827169,-0.00210692962188673,0.0016));
#11705=CARTESIAN_POINT('',(0.00415344971827169,-0.00210692962188673,0.001725));
#11706=CARTESIAN_POINT('',(0.0128,-0.00705,0.001725));
#11707=CARTESIAN_POINT('',(0.0128,-0.00705,0.0016));
#11708=CARTESIAN_POINT('',(0.,0.,0.));
#11709=CARTESIAN_POINT('',(0.0056534497182717,-0.000706929621886723,0.001725));
#11710=CARTESIAN_POINT('',(0.0056534497182717,-0.000706929621886723,0.0016));
#11711=CARTESIAN_POINT('',(0.0051534497182717,-0.000706929621886723,0.0016));
#11712=CARTESIAN_POINT('',(0.0061534497182717,-0.000706929621886723,0.0016));
#11713=CARTESIAN_POINT('',(0.0051534497182717,-0.000706929621886723,0.001725));
#11714=CARTESIAN_POINT('',(0.0051534497182717,-0.000706929621886723,0.001725));
#11715=CARTESIAN_POINT('',(0.0056534497182717,-0.000706929621886723,0.001725));
#11716=CARTESIAN_POINT('',(0.0061534497182717,-0.000706929621886723,0.001725));
#11717=CARTESIAN_POINT('',(0.0061534497182717,-0.000706929621886723,0.001725));
#11718=CARTESIAN_POINT('',(0.0051534497182717,-0.00130692962188672,0.001725));
#11719=CARTESIAN_POINT('',(0.0051534497182717,-0.00130692962188672,0.0016));
#11720=CARTESIAN_POINT('',(0.0051534497182717,-0.00190692962188672,0.0016));
#11721=CARTESIAN_POINT('',(0.0051534497182717,-0.00190692962188672,0.001725));
#11722=CARTESIAN_POINT('',(0.0051534497182717,-0.00190692962188672,0.001725));
#11723=CARTESIAN_POINT('',(0.0051534497182717,-0.00130692962188672,0.001725));
#11724=CARTESIAN_POINT('',(0.0056534497182717,-0.00190692962188672,0.001725));
#11725=CARTESIAN_POINT('',(0.0056534497182717,-0.00190692962188672,0.0016));
#11726=CARTESIAN_POINT('',(0.0061534497182717,-0.00190692962188672,0.0016));
#11727=CARTESIAN_POINT('',(0.0061534497182717,-0.00190692962188672,0.001725));
#11728=CARTESIAN_POINT('',(0.0061534497182717,-0.00190692962188672,0.001725));
#11729=CARTESIAN_POINT('',(0.0056534497182717,-0.00190692962188672,0.001725));
#11730=CARTESIAN_POINT('',(0.0061534497182717,-0.00130692962188672,0.001725));
#11731=CARTESIAN_POINT('',(0.0061534497182717,-0.00130692962188672,0.0016));
#11732=CARTESIAN_POINT('',(0.0061534497182717,-0.00130692962188672,0.001725));
#11733=CARTESIAN_POINT('',(0.0143,-0.00705,0.001725));
#11734=CARTESIAN_POINT('',(0.0143,-0.00705,0.0016));
#11735=CARTESIAN_POINT('',(0.,0.,0.));
#11736=CARTESIAN_POINT('',(0.0051534497182717,-0.000606929621886723,0.001725));
#11737=CARTESIAN_POINT('',(0.0051534497182717,-0.000606929621886723,0.0016));
#11738=CARTESIAN_POINT('',(0.0051534497182717,-0.000706929621886723,0.0016));
#11739=CARTESIAN_POINT('',(0.0051534497182717,-0.000506929621886724,0.0016));
#11740=CARTESIAN_POINT('',(0.0051534497182717,-0.000706929621886723,0.001725));
#11741=CARTESIAN_POINT('',(0.0051534497182717,-0.000706929621886723,0.001725));
#11742=CARTESIAN_POINT('',(0.0051534497182717,-0.000606929621886723,0.001725));
#11743=CARTESIAN_POINT('',(0.0051534497182717,-0.000506929621886724,0.001725));
#11744=CARTESIAN_POINT('',(0.0051534497182717,-0.000506929621886724,0.001725));
#11745=CARTESIAN_POINT('',(0.0056534497182717,-0.000706929621886723,0.001725));
#11746=CARTESIAN_POINT('',(0.0056534497182717,-0.000706929621886723,0.0016));
#11747=CARTESIAN_POINT('',(0.0061534497182717,-0.000706929621886723,0.0016));
#11748=CARTESIAN_POINT('',(0.0061534497182717,-0.000706929621886723,0.001725));
#11749=CARTESIAN_POINT('',(0.0061534497182717,-0.000706929621886723,0.001725));
#11750=CARTESIAN_POINT('',(0.0056534497182717,-0.000706929621886723,0.001725));
#11751=CARTESIAN_POINT('',(0.0061534497182717,-0.000606929621886724,0.001725));
#11752=CARTESIAN_POINT('',(0.0061534497182717,-0.000606929621886724,0.0016));
#11753=CARTESIAN_POINT('',(0.0061534497182717,-0.000506929621886724,0.0016));
#11754=CARTESIAN_POINT('',(0.0061534497182717,-0.000506929621886724,0.001725));
#11755=CARTESIAN_POINT('',(0.0061534497182717,-0.000506929621886724,0.001725));
#11756=CARTESIAN_POINT('',(0.0061534497182717,-0.000606929621886724,0.001725));
#11757=CARTESIAN_POINT('',(0.0056534497182717,-0.000506929621886724,0.001725));
#11758=CARTESIAN_POINT('',(0.0056534497182717,-0.000506929621886724,0.0016));
#11759=CARTESIAN_POINT('',(0.0056534497182717,-0.000506929621886724,0.001725));
#11760=CARTESIAN_POINT('',(0.0143,-0.00705,0.001725));
#11761=CARTESIAN_POINT('',(0.0143,-0.00705,0.0016));
#11762=CARTESIAN_POINT('',(0.,0.,0.));
#11763=CARTESIAN_POINT('',(0.01835,-0.002,0.00162));
#11764=CARTESIAN_POINT('',(0.01835,-0.002,0.00162));
#11765=CARTESIAN_POINT('',(0.018825,-0.002,0.00162));
#11766=CARTESIAN_POINT('',(0.01835,-0.002,0.0016));
#11767=CARTESIAN_POINT('',(0.018825,-0.002,0.0016));
#11768=CARTESIAN_POINT('',(0.01835,-0.002,0.00162));
#11769=CARTESIAN_POINT('',(0.01835,-0.002,0.00162));
#11770=CARTESIAN_POINT('',(0.01935,-0.002,0.00162));
#11771=CARTESIAN_POINT('',(0.01835,-0.002,0.0016));
#11772=CARTESIAN_POINT('',(0.01935,-0.002,0.0016));
#11773=CARTESIAN_POINT('',(0.0098,-0.00705,0.00162));
#11774=CARTESIAN_POINT('',(0.0098,-0.00705,0.0016));
#11775=CARTESIAN_POINT('',(0.,0.,0.));
#11776=CARTESIAN_POINT('',(0.0061534497182717,-0.00200692962188673,0.001725));
#11777=CARTESIAN_POINT('',(0.0061534497182717,-0.00200692962188673,0.0016));
#11778=CARTESIAN_POINT('',(0.0061534497182717,-0.00190692962188672,0.0016));
#11779=CARTESIAN_POINT('',(0.0061534497182717,-0.00210692962188673,0.0016));
#11780=CARTESIAN_POINT('',(0.0061534497182717,-0.00190692962188672,0.001725));
#11781=CARTESIAN_POINT('',(0.0061534497182717,-0.00190692962188672,0.001725));
#11782=CARTESIAN_POINT('',(0.0061534497182717,-0.00200692962188673,0.001725));
#11783=CARTESIAN_POINT('',(0.0061534497182717,-0.00210692962188673,0.001725));
#11784=CARTESIAN_POINT('',(0.0061534497182717,-0.00210692962188673,0.001725));
#11785=CARTESIAN_POINT('',(0.0056534497182717,-0.00190692962188672,0.001725));
#11786=CARTESIAN_POINT('',(0.0056534497182717,-0.00190692962188672,0.0016));
#11787=CARTESIAN_POINT('',(0.0051534497182717,-0.00190692962188672,0.0016));
#11788=CARTESIAN_POINT('',(0.0051534497182717,-0.00190692962188672,0.001725));
#11789=CARTESIAN_POINT('',(0.0051534497182717,-0.00190692962188672,0.001725));
#11790=CARTESIAN_POINT('',(0.0056534497182717,-0.00190692962188672,0.001725));
#11791=CARTESIAN_POINT('',(0.0051534497182717,-0.00200692962188673,0.001725));
#11792=CARTESIAN_POINT('',(0.0051534497182717,-0.00200692962188673,0.0016));
#11793=CARTESIAN_POINT('',(0.0051534497182717,-0.00210692962188673,0.0016));
#11794=CARTESIAN_POINT('',(0.0051534497182717,-0.00210692962188673,0.001725));
#11795=CARTESIAN_POINT('',(0.0051534497182717,-0.00210692962188673,0.001725));
#11796=CARTESIAN_POINT('',(0.0051534497182717,-0.00200692962188673,0.001725));
#11797=CARTESIAN_POINT('',(0.0056534497182717,-0.00210692962188673,0.001725));
#11798=CARTESIAN_POINT('',(0.0056534497182717,-0.00210692962188673,0.0016));
#11799=CARTESIAN_POINT('',(0.0056534497182717,-0.00210692962188673,0.001725));
#11800=CARTESIAN_POINT('',(0.0143,-0.00705,0.001725));
#11801=CARTESIAN_POINT('',(0.0143,-0.00705,0.0016));
#11802=CARTESIAN_POINT('',(0.,0.,0.));
#11803=CARTESIAN_POINT('',(0.01835,-0.00354,0.00162));
#11804=CARTESIAN_POINT('',(0.01835,-0.00354,0.0016));
#11805=CARTESIAN_POINT('',(0.01735,-0.00354,0.0016));
#11806=CARTESIAN_POINT('',(0.01935,-0.00354,0.0016));
#11807=CARTESIAN_POINT('',(0.01735,-0.00354,0.00162));
#11808=CARTESIAN_POINT('',(0.01735,-0.00354,0.00162));
#11809=CARTESIAN_POINT('',(0.01835,-0.00354,0.00162));
#11810=CARTESIAN_POINT('',(0.01935,-0.00354,0.00162));
#11811=CARTESIAN_POINT('',(0.01935,-0.00354,0.00162));
#11812=CARTESIAN_POINT('',(0.01735,-0.00454,0.00162));
#11813=CARTESIAN_POINT('',(0.01735,-0.00454,0.0016));
#11814=CARTESIAN_POINT('',(0.01735,-0.00554,0.0016));
#11815=CARTESIAN_POINT('',(0.01735,-0.00554,0.00162));
#11816=CARTESIAN_POINT('',(0.01735,-0.00554,0.00162));
#11817=CARTESIAN_POINT('',(0.01735,-0.00454,0.00162));
#11818=CARTESIAN_POINT('',(0.01835,-0.00554,0.00162));
#11819=CARTESIAN_POINT('',(0.01835,-0.00554,0.0016));
#11820=CARTESIAN_POINT('',(0.01935,-0.00554,0.0016));
#11821=CARTESIAN_POINT('',(0.01935,-0.00554,0.00162));
#11822=CARTESIAN_POINT('',(0.01935,-0.00554,0.00162));
#11823=CARTESIAN_POINT('',(0.01835,-0.00554,0.00162));
#11824=CARTESIAN_POINT('',(0.01835,-0.00454,0.00162));
#11825=CARTESIAN_POINT('',(0.01835,-0.00454,0.00162));
#11826=CARTESIAN_POINT('',(0.018825,-0.00454,0.00162));
#11827=CARTESIAN_POINT('',(0.01835,-0.00454,0.0016));
#11828=CARTESIAN_POINT('',(0.018825,-0.00454,0.0016));
#11829=CARTESIAN_POINT('',(0.01935,-0.00454,0.00162));
#11830=CARTESIAN_POINT('',(0.01935,-0.00454,0.0016));
#11831=CARTESIAN_POINT('',(0.01935,-0.00454,0.00162));
#11832=CARTESIAN_POINT('',(0.0098,-0.00705,0.00162));
#11833=CARTESIAN_POINT('',(0.0098,-0.00705,0.0016));
#11834=CARTESIAN_POINT('',(0.,0.,0.));
#11835=CARTESIAN_POINT('',(0.0071534497182717,-0.000706929621886723,0.001725));
#11836=CARTESIAN_POINT('',(0.0071534497182717,-0.000706929621886723,0.0016));
#11837=CARTESIAN_POINT('',(0.0066534497182717,-0.000706929621886723,0.0016));
#11838=CARTESIAN_POINT('',(0.0076534497182717,-0.000706929621886723,0.0016));
#11839=CARTESIAN_POINT('',(0.0066534497182717,-0.000706929621886723,0.001725));
#11840=CARTESIAN_POINT('',(0.0066534497182717,-0.000706929621886723,0.001725));
#11841=CARTESIAN_POINT('',(0.0071534497182717,-0.000706929621886723,0.001725));
#11842=CARTESIAN_POINT('',(0.0076534497182717,-0.000706929621886723,0.001725));
#11843=CARTESIAN_POINT('',(0.0076534497182717,-0.000706929621886723,0.001725));
#11844=CARTESIAN_POINT('',(0.0066534497182717,-0.00130692962188672,0.001725));
#11845=CARTESIAN_POINT('',(0.0066534497182717,-0.00130692962188672,0.0016));
#11846=CARTESIAN_POINT('',(0.0066534497182717,-0.00190692962188672,0.0016));
#11847=CARTESIAN_POINT('',(0.0066534497182717,-0.00190692962188672,0.001725));
#11848=CARTESIAN_POINT('',(0.0066534497182717,-0.00190692962188672,0.001725));
#11849=CARTESIAN_POINT('',(0.0066534497182717,-0.00130692962188672,0.001725));
#11850=CARTESIAN_POINT('',(0.0071534497182717,-0.00190692962188672,0.001725));
#11851=CARTESIAN_POINT('',(0.0071534497182717,-0.00190692962188672,0.0016));
#11852=CARTESIAN_POINT('',(0.0076534497182717,-0.00190692962188672,0.0016));
#11853=CARTESIAN_POINT('',(0.0076534497182717,-0.00190692962188672,0.001725));
#11854=CARTESIAN_POINT('',(0.0076534497182717,-0.00190692962188672,0.001725));
#11855=CARTESIAN_POINT('',(0.0071534497182717,-0.00190692962188672,0.001725));
#11856=CARTESIAN_POINT('',(0.0076534497182717,-0.00130692962188672,0.001725));
#11857=CARTESIAN_POINT('',(0.0076534497182717,-0.00130692962188672,0.0016));
#11858=CARTESIAN_POINT('',(0.0076534497182717,-0.00130692962188672,0.001725));
#11859=CARTESIAN_POINT('',(0.0158,-0.00705,0.001725));
#11860=CARTESIAN_POINT('',(0.0158,-0.00705,0.0016));
#11861=CARTESIAN_POINT('',(0.,0.,0.));
#11862=CARTESIAN_POINT('',(0.01835,-0.00808,0.00162));
#11863=CARTESIAN_POINT('',(0.01835,-0.00808,0.0016));
#11864=CARTESIAN_POINT('',(0.01935,-0.00808,0.0016));
#11865=CARTESIAN_POINT('',(0.01735,-0.00808,0.0016));
#11866=CARTESIAN_POINT('',(0.01935,-0.00808,0.00162));
#11867=CARTESIAN_POINT('',(0.01935,-0.00808,0.00162));
#11868=CARTESIAN_POINT('',(0.01835,-0.00808,0.00162));
#11869=CARTESIAN_POINT('',(0.01735,-0.00808,0.00162));
#11870=CARTESIAN_POINT('',(0.01735,-0.00808,0.00162));
#11871=CARTESIAN_POINT('',(0.01935,-0.00708,0.00162));
#11872=CARTESIAN_POINT('',(0.01935,-0.00708,0.0016));
#11873=CARTESIAN_POINT('',(0.01935,-0.00608,0.0016));
#11874=CARTESIAN_POINT('',(0.01935,-0.00608,0.00162));
#11875=CARTESIAN_POINT('',(0.01935,-0.00608,0.00162));
#11876=CARTESIAN_POINT('',(0.01935,-0.00708,0.00162));
#11877=CARTESIAN_POINT('',(0.01835,-0.00608,0.00162));
#11878=CARTESIAN_POINT('',(0.01835,-0.00608,0.0016));
#11879=CARTESIAN_POINT('',(0.01735,-0.00608,0.0016));
#11880=CARTESIAN_POINT('',(0.01735,-0.00608,0.00162));
#11881=CARTESIAN_POINT('',(0.01735,-0.00608,0.00162));
#11882=CARTESIAN_POINT('',(0.01835,-0.00608,0.00162));
#11883=CARTESIAN_POINT('',(0.01835,-0.00708,0.00162));
#11884=CARTESIAN_POINT('',(0.01835,-0.00708,0.00162));
#11885=CARTESIAN_POINT('',(0.018825,-0.00708,0.00162));
#11886=CARTESIAN_POINT('',(0.01835,-0.00708,0.0016));
#11887=CARTESIAN_POINT('',(0.018825,-0.00708,0.0016));
#11888=CARTESIAN_POINT('',(0.01735,-0.00708,0.00162));
#11889=CARTESIAN_POINT('',(0.01735,-0.00708,0.0016));
#11890=CARTESIAN_POINT('',(0.01735,-0.00708,0.00162));
#11891=CARTESIAN_POINT('',(0.0098,-0.00705,0.00162));
#11892=CARTESIAN_POINT('',(0.0098,-0.00705,0.0016));
#11893=CARTESIAN_POINT('',(0.,0.,0.));
#11894=CARTESIAN_POINT('',(0.018675,-0.01216,-0.00802));
#11895=CARTESIAN_POINT('',(0.018675,-0.012485,-0.00802));
#11896=CARTESIAN_POINT('',(0.018675,-0.012485,-0.00787));
#11897=CARTESIAN_POINT('',(0.018675,-0.012485,0.00283));
#11898=CARTESIAN_POINT('',(0.018675,-0.01216,-0.00787));
#11899=CARTESIAN_POINT('',(0.018675,-0.011835,-0.00787));
#11900=CARTESIAN_POINT('',(0.018675,-0.011835,-0.00802));
#11901=CARTESIAN_POINT('',(0.018675,-0.011835,0.00283));
#11902=CARTESIAN_POINT('',(0.018675,-0.012485,0.00283));
#11903=CARTESIAN_POINT('',(0.01835,-0.012485,-0.00802));
#11904=CARTESIAN_POINT('',(0.018025,-0.012485,-0.00802));
#11905=CARTESIAN_POINT('',(0.018025,-0.012485,-0.00787));
#11906=CARTESIAN_POINT('',(0.018025,-0.012485,0.00283));
#11907=CARTESIAN_POINT('',(0.018675,-0.012485,-0.00787));
#11908=CARTESIAN_POINT('',(0.01835,-0.012485,0.00283));
#11909=CARTESIAN_POINT('',(0.018025,-0.01216,-0.00802));
#11910=CARTESIAN_POINT('',(0.018025,-0.011835,-0.00802));
#11911=CARTESIAN_POINT('',(0.018025,-0.011835,-0.00787));
#11912=CARTESIAN_POINT('',(0.018025,-0.011835,0.00283));
#11913=CARTESIAN_POINT('',(0.018025,-0.012485,-0.00787));
#11914=CARTESIAN_POINT('',(0.018025,-0.01216,0.00283));
#11915=CARTESIAN_POINT('',(0.01835,-0.011835,-0.00802));
#11916=CARTESIAN_POINT('',(0.01835,-0.011835,-0.00787));
#11917=CARTESIAN_POINT('',(0.018675,-0.011835,0.00283));
#11918=CARTESIAN_POINT('',(0.01835,-0.01216,-0.00802));
#11919=CARTESIAN_POINT('',(0.018175,-0.011835,-0.00802));
#11920=CARTESIAN_POINT('',(0.018175,-0.012335,-0.00802));
#11921=CARTESIAN_POINT('',(0.018175,-0.011985,-0.00802));
#11922=CARTESIAN_POINT('',(0.01835,-0.011985,-0.00802));
#11923=CARTESIAN_POINT('',(0.018525,-0.011985,-0.00802));
#11924=CARTESIAN_POINT('',(0.018525,-0.01216,-0.00802));
#11925=CARTESIAN_POINT('',(0.018525,-0.012335,-0.00802));
#11926=CARTESIAN_POINT('',(0.018025,-0.012335,-0.00802));
#11927=CARTESIAN_POINT('',(0.01835,-0.01216,0.00298));
#11928=CARTESIAN_POINT('',(0.018525,-0.011835,0.00298));
#11929=CARTESIAN_POINT('',(0.018525,-0.012335,0.00298));
#11930=CARTESIAN_POINT('',(0.018525,-0.011985,0.00298));
#11931=CARTESIAN_POINT('',(0.018025,-0.011985,0.00298));
#11932=CARTESIAN_POINT('',(0.018175,-0.011985,0.00298));
#11933=CARTESIAN_POINT('',(0.018175,-0.01216,0.00298));
#11934=CARTESIAN_POINT('',(0.018175,-0.012335,0.00298));
#11935=CARTESIAN_POINT('',(0.01835,-0.012335,0.00298));
#11936=CARTESIAN_POINT('',(0.01835,-0.012335,-0.00802));
#11937=CARTESIAN_POINT('',(0.0182333333333334,-0.0122766666666667,-0.00807833333333333));
#11938=CARTESIAN_POINT('',(0.0184666666666666,-0.0122766666666667,-0.00807833333333333));
#11939=CARTESIAN_POINT('',(0.018675,-0.01216,-0.00787));
#11940=CARTESIAN_POINT('',(0.0185666666666667,-0.0119433333333333,-0.00797833333333333));
#11941=CARTESIAN_POINT('',(0.018175,-0.01216,-0.00802));
#11942=CARTESIAN_POINT('',(0.0182333333333334,-0.0120433333333333,-0.00807833333333333));
#11943=CARTESIAN_POINT('',(0.01835,-0.011835,-0.00787));
#11944=CARTESIAN_POINT('',(0.01835,-0.012485,0.00283));
#11945=CARTESIAN_POINT('',(0.0181333333333334,-0.0123766666666667,0.00293833333333333));
#11946=CARTESIAN_POINT('',(0.0185666666666667,-0.0123766666666667,0.00293833333333333));
#11947=CARTESIAN_POINT('',(0.018525,-0.01216,0.00298));
#11948=CARTESIAN_POINT('',(0.0184666666666666,-0.0120433333333333,0.00303833333333333));
#11949=CARTESIAN_POINT('',(0.018025,-0.01216,0.00283));
#11950=CARTESIAN_POINT('',(0.0181333333333334,-0.0119433333333333,0.00293833333333333));
#11951=CARTESIAN_POINT('',(0.01835,-0.011985,0.00298));
#11952=CARTESIAN_POINT('',(0.,0.,0.));
#11953=CARTESIAN_POINT('',(0.0066534497182717,-0.000606929621886723,0.001725));
#11954=CARTESIAN_POINT('',(0.0066534497182717,-0.000606929621886723,0.0016));
#11955=CARTESIAN_POINT('',(0.0066534497182717,-0.000706929621886723,0.0016));
#11956=CARTESIAN_POINT('',(0.0066534497182717,-0.000506929621886724,0.0016));
#11957=CARTESIAN_POINT('',(0.0066534497182717,-0.000706929621886723,0.001725));
#11958=CARTESIAN_POINT('',(0.0066534497182717,-0.000706929621886723,0.001725));
#11959=CARTESIAN_POINT('',(0.0066534497182717,-0.000606929621886723,0.001725));
#11960=CARTESIAN_POINT('',(0.0066534497182717,-0.000506929621886724,0.001725));
#11961=CARTESIAN_POINT('',(0.0066534497182717,-0.000506929621886724,0.001725));
#11962=CARTESIAN_POINT('',(0.0071534497182717,-0.000706929621886723,0.001725));
#11963=CARTESIAN_POINT('',(0.0071534497182717,-0.000706929621886723,0.0016));
#11964=CARTESIAN_POINT('',(0.0076534497182717,-0.000706929621886723,0.0016));
#11965=CARTESIAN_POINT('',(0.0076534497182717,-0.000706929621886723,0.001725));
#11966=CARTESIAN_POINT('',(0.0076534497182717,-0.000706929621886723,0.001725));
#11967=CARTESIAN_POINT('',(0.0071534497182717,-0.000706929621886723,0.001725));
#11968=CARTESIAN_POINT('',(0.0076534497182717,-0.000606929621886724,0.001725));
#11969=CARTESIAN_POINT('',(0.0076534497182717,-0.000606929621886724,0.0016));
#11970=CARTESIAN_POINT('',(0.0076534497182717,-0.000506929621886724,0.0016));
#11971=CARTESIAN_POINT('',(0.0076534497182717,-0.000506929621886724,0.001725));
#11972=CARTESIAN_POINT('',(0.0076534497182717,-0.000506929621886724,0.001725));
#11973=CARTESIAN_POINT('',(0.0076534497182717,-0.000606929621886724,0.001725));
#11974=CARTESIAN_POINT('',(0.0071534497182717,-0.000506929621886724,0.001725));
#11975=CARTESIAN_POINT('',(0.0071534497182717,-0.000506929621886724,0.0016));
#11976=CARTESIAN_POINT('',(0.0071534497182717,-0.000506929621886724,0.001725));
#11977=CARTESIAN_POINT('',(0.0158,-0.00705,0.001725));
#11978=CARTESIAN_POINT('',(0.0158,-0.00705,0.0016));
#11979=CARTESIAN_POINT('',(0.,0.,0.));
#11980=CARTESIAN_POINT('',(0.01835,-0.01116,0.00162));
#11981=CARTESIAN_POINT('',(0.01835,-0.01116,0.0016));
#11982=CARTESIAN_POINT('',(0.01735,-0.01116,0.0016));
#11983=CARTESIAN_POINT('',(0.01935,-0.01116,0.0016));
#11984=CARTESIAN_POINT('',(0.01735,-0.01116,0.00162));
#11985=CARTESIAN_POINT('',(0.01735,-0.01116,0.00162));
#11986=CARTESIAN_POINT('',(0.01835,-0.01116,0.00162));
#11987=CARTESIAN_POINT('',(0.01935,-0.01116,0.00162));
#11988=CARTESIAN_POINT('',(0.01935,-0.01116,0.00162));
#11989=CARTESIAN_POINT('',(0.01735,-0.01216,0.00162));
#11990=CARTESIAN_POINT('',(0.01735,-0.01216,0.0016));
#11991=CARTESIAN_POINT('',(0.01735,-0.01316,0.0016));
#11992=CARTESIAN_POINT('',(0.01735,-0.01316,0.00162));
#11993=CARTESIAN_POINT('',(0.01735,-0.01316,0.00162));
#11994=CARTESIAN_POINT('',(0.01735,-0.01216,0.00162));
#11995=CARTESIAN_POINT('',(0.01835,-0.01316,0.00162));
#11996=CARTESIAN_POINT('',(0.01835,-0.01316,0.0016));
#11997=CARTESIAN_POINT('',(0.01935,-0.01316,0.0016));
#11998=CARTESIAN_POINT('',(0.01935,-0.01316,0.00162));
#11999=CARTESIAN_POINT('',(0.01935,-0.01316,0.00162));
#12000=CARTESIAN_POINT('',(0.01835,-0.01316,0.00162));
#12001=CARTESIAN_POINT('',(0.01835,-0.01216,0.00162));
#12002=CARTESIAN_POINT('',(0.01835,-0.01216,0.00162));
#12003=CARTESIAN_POINT('',(0.018825,-0.01216,0.00162));
#12004=CARTESIAN_POINT('',(0.01835,-0.01216,0.0016));
#12005=CARTESIAN_POINT('',(0.018825,-0.01216,0.0016));
#12006=CARTESIAN_POINT('',(0.01935,-0.01216,0.00162));
#12007=CARTESIAN_POINT('',(0.01935,-0.01216,0.0016));
#12008=CARTESIAN_POINT('',(0.01935,-0.01216,0.00162));
#12009=CARTESIAN_POINT('',(0.0098,-0.00705,0.00162));
#12010=CARTESIAN_POINT('',(0.0098,-0.00705,0.0016));
#12011=CARTESIAN_POINT('',(0.,0.,0.));
#12012=CARTESIAN_POINT('',(0.017205,-0.013305,-2.E-5));
#12013=CARTESIAN_POINT('',(0.017205,-0.013305,-0.00202));
#12014=CARTESIAN_POINT('',(0.01708,-0.01318,-0.00202));
#12015=CARTESIAN_POINT('',(0.01733,-0.01343,-0.00202));
#12016=CARTESIAN_POINT('',(0.01733,-0.01343,-2.E-5));
#12017=CARTESIAN_POINT('',(0.01733,-0.01343,-2.E-5));
#12018=CARTESIAN_POINT('',(0.017205,-0.013305,-2.E-5));
#12019=CARTESIAN_POINT('',(0.01708,-0.01318,-2.E-5));
#12020=CARTESIAN_POINT('',(0.01708,-0.01318,-2.E-5));
#12021=CARTESIAN_POINT('',(0.01708,-0.01216,-2.E-5));
#12022=CARTESIAN_POINT('',(0.01708,-0.01216,-0.00202));
#12023=CARTESIAN_POINT('',(0.01708,-0.01114,-0.00202));
#12024=CARTESIAN_POINT('',(0.01708,-0.01216,-2.E-5));
#12025=CARTESIAN_POINT('',(0.01708,-0.01114,-2.E-5));
#12026=CARTESIAN_POINT('',(0.01708,-0.01114,-2.E-5));
#12027=CARTESIAN_POINT('',(0.017205,-0.011015,-2.E-5));
#12028=CARTESIAN_POINT('',(0.017205,-0.011015,-0.00202));
#12029=CARTESIAN_POINT('',(0.01733,-0.01089,-0.00202));
#12030=CARTESIAN_POINT('',(0.017205,-0.011015,-2.E-5));
#12031=CARTESIAN_POINT('',(0.01733,-0.01089,-2.E-5));
#12032=CARTESIAN_POINT('',(0.01733,-0.01089,-2.E-5));
#12033=CARTESIAN_POINT('',(0.01835,-0.01089,-2.E-5));
#12034=CARTESIAN_POINT('',(0.01835,-0.01089,-0.00202));
#12035=CARTESIAN_POINT('',(0.01937,-0.01089,-0.00202));
#12036=CARTESIAN_POINT('',(0.01835,-0.01089,-2.E-5));
#12037=CARTESIAN_POINT('',(0.01937,-0.01089,-2.E-5));
#12038=CARTESIAN_POINT('',(0.01937,-0.01089,-2.E-5));
#12039=CARTESIAN_POINT('',(0.019495,-0.011015,-2.E-5));
#12040=CARTESIAN_POINT('',(0.019495,-0.011015,-0.00202));
#12041=CARTESIAN_POINT('',(0.01962,-0.01114,-0.00202));
#12042=CARTESIAN_POINT('',(0.019495,-0.011015,-2.E-5));
#12043=CARTESIAN_POINT('',(0.01962,-0.01114,-2.E-5));
#12044=CARTESIAN_POINT('',(0.01962,-0.01114,-2.E-5));
#12045=CARTESIAN_POINT('',(0.01962,-0.01216,-2.E-5));
#12046=CARTESIAN_POINT('',(0.01962,-0.01216,-0.00202));
#12047=CARTESIAN_POINT('',(0.01962,-0.01318,-0.00202));
#12048=CARTESIAN_POINT('',(0.01962,-0.01216,-2.E-5));
#12049=CARTESIAN_POINT('',(0.01962,-0.01318,-2.E-5));
#12050=CARTESIAN_POINT('',(0.01962,-0.01318,-2.E-5));
#12051=CARTESIAN_POINT('',(0.019495,-0.013305,-2.E-5));
#12052=CARTESIAN_POINT('',(0.019495,-0.013305,-0.00202));
#12053=CARTESIAN_POINT('',(0.01937,-0.01343,-0.00202));
#12054=CARTESIAN_POINT('',(0.019495,-0.013305,-2.E-5));
#12055=CARTESIAN_POINT('',(0.01937,-0.01343,-2.E-5));
#12056=CARTESIAN_POINT('',(0.01937,-0.01343,-2.E-5));
#12057=CARTESIAN_POINT('',(0.01835,-0.01343,-2.E-5));
#12058=CARTESIAN_POINT('',(0.01835,-0.01343,-0.00202));
#12059=CARTESIAN_POINT('',(0.01835,-0.01343,-2.E-5));
#12060=CARTESIAN_POINT('',(0.01835,-0.01216,-2.E-5));
#12061=CARTESIAN_POINT('',(0.01835,-0.01216,-0.00202));
#12062=CARTESIAN_POINT('',(0.,0.,0.));
#12063=CARTESIAN_POINT('',(0.0076534497182717,-0.00200692962188673,0.001725));
#12064=CARTESIAN_POINT('',(0.0076534497182717,-0.00200692962188673,0.0016));
#12065=CARTESIAN_POINT('',(0.0076534497182717,-0.00190692962188672,0.0016));
#12066=CARTESIAN_POINT('',(0.0076534497182717,-0.00210692962188673,0.0016));
#12067=CARTESIAN_POINT('',(0.0076534497182717,-0.00190692962188672,0.001725));
#12068=CARTESIAN_POINT('',(0.0076534497182717,-0.00190692962188672,0.001725));
#12069=CARTESIAN_POINT('',(0.0076534497182717,-0.00200692962188673,0.001725));
#12070=CARTESIAN_POINT('',(0.0076534497182717,-0.00210692962188673,0.001725));
#12071=CARTESIAN_POINT('',(0.0076534497182717,-0.00210692962188673,0.001725));
#12072=CARTESIAN_POINT('',(0.0071534497182717,-0.00190692962188672,0.001725));
#12073=CARTESIAN_POINT('',(0.0071534497182717,-0.00190692962188672,0.0016));
#12074=CARTESIAN_POINT('',(0.0066534497182717,-0.00190692962188672,0.0016));
#12075=CARTESIAN_POINT('',(0.0066534497182717,-0.00190692962188672,0.001725));
#12076=CARTESIAN_POINT('',(0.0066534497182717,-0.00190692962188672,0.001725));
#12077=CARTESIAN_POINT('',(0.0071534497182717,-0.00190692962188672,0.001725));
#12078=CARTESIAN_POINT('',(0.0066534497182717,-0.00200692962188673,0.001725));
#12079=CARTESIAN_POINT('',(0.0066534497182717,-0.00200692962188673,0.0016));
#12080=CARTESIAN_POINT('',(0.0066534497182717,-0.00210692962188673,0.0016));
#12081=CARTESIAN_POINT('',(0.0066534497182717,-0.00210692962188673,0.001725));
#12082=CARTESIAN_POINT('',(0.0066534497182717,-0.00210692962188673,0.001725));
#12083=CARTESIAN_POINT('',(0.0066534497182717,-0.00200692962188673,0.001725));
#12084=CARTESIAN_POINT('',(0.0071534497182717,-0.00210692962188673,0.001725));
#12085=CARTESIAN_POINT('',(0.0071534497182717,-0.00210692962188673,0.0016));
#12086=CARTESIAN_POINT('',(0.0071534497182717,-0.00210692962188673,0.001725));
#12087=CARTESIAN_POINT('',(0.0158,-0.00705,0.001725));
#12088=CARTESIAN_POINT('',(0.0158,-0.00705,0.0016));
#12089=CARTESIAN_POINT('',(0.,0.,0.));
#12090=CARTESIAN_POINT('',(0.01835,-0.00862,0.00162));
#12091=CARTESIAN_POINT('',(0.01835,-0.00862,0.0016));
#12092=CARTESIAN_POINT('',(0.01735,-0.00862,0.0016));
#12093=CARTESIAN_POINT('',(0.01935,-0.00862,0.0016));
#12094=CARTESIAN_POINT('',(0.01735,-0.00862,0.00162));
#12095=CARTESIAN_POINT('',(0.01735,-0.00862,0.00162));
#12096=CARTESIAN_POINT('',(0.01835,-0.00862,0.00162));
#12097=CARTESIAN_POINT('',(0.01935,-0.00862,0.00162));
#12098=CARTESIAN_POINT('',(0.01935,-0.00862,0.00162));
#12099=CARTESIAN_POINT('',(0.01735,-0.00962,0.00162));
#12100=CARTESIAN_POINT('',(0.01735,-0.00962,0.0016));
#12101=CARTESIAN_POINT('',(0.01735,-0.01062,0.0016));
#12102=CARTESIAN_POINT('',(0.01735,-0.01062,0.00162));
#12103=CARTESIAN_POINT('',(0.01735,-0.01062,0.00162));
#12104=CARTESIAN_POINT('',(0.01735,-0.00962,0.00162));
#12105=CARTESIAN_POINT('',(0.01835,-0.01062,0.00162));
#12106=CARTESIAN_POINT('',(0.01835,-0.01062,0.0016));
#12107=CARTESIAN_POINT('',(0.01935,-0.01062,0.0016));
#12108=CARTESIAN_POINT('',(0.01935,-0.01062,0.00162));
#12109=CARTESIAN_POINT('',(0.01935,-0.01062,0.00162));
#12110=CARTESIAN_POINT('',(0.01835,-0.01062,0.00162));
#12111=CARTESIAN_POINT('',(0.01835,-0.00962,0.00162));
#12112=CARTESIAN_POINT('',(0.01835,-0.00962,0.00162));
#12113=CARTESIAN_POINT('',(0.018825,-0.00962,0.00162));
#12114=CARTESIAN_POINT('',(0.01835,-0.00962,0.0016));
#12115=CARTESIAN_POINT('',(0.018825,-0.00962,0.0016));
#12116=CARTESIAN_POINT('',(0.01935,-0.00962,0.00162));
#12117=CARTESIAN_POINT('',(0.01935,-0.00962,0.0016));
#12118=CARTESIAN_POINT('',(0.01935,-0.00962,0.00162));
#12119=CARTESIAN_POINT('',(0.0098,-0.00705,0.00162));
#12120=CARTESIAN_POINT('',(0.0098,-0.00705,0.0016));
#12121=CARTESIAN_POINT('',(0.,0.,0.));
#12122=CARTESIAN_POINT('',(0.018675,-0.00962,-0.00802));
#12123=CARTESIAN_POINT('',(0.018675,-0.009945,-0.00802));
#12124=CARTESIAN_POINT('',(0.018675,-0.009945,-0.00787));
#12125=CARTESIAN_POINT('',(0.018675,-0.009945,0.00283));
#12126=CARTESIAN_POINT('',(0.018675,-0.00962,-0.00787));
#12127=CARTESIAN_POINT('',(0.018675,-0.009295,-0.00787));
#12128=CARTESIAN_POINT('',(0.018675,-0.009295,-0.00802));
#12129=CARTESIAN_POINT('',(0.018675,-0.009295,0.00283));
#12130=CARTESIAN_POINT('',(0.018675,-0.009945,0.00283));
#12131=CARTESIAN_POINT('',(0.01835,-0.009945,-0.00802));
#12132=CARTESIAN_POINT('',(0.018025,-0.009945,-0.00802));
#12133=CARTESIAN_POINT('',(0.018025,-0.009945,-0.00787));
#12134=CARTESIAN_POINT('',(0.018025,-0.009945,0.00283));
#12135=CARTESIAN_POINT('',(0.018675,-0.009945,-0.00787));
#12136=CARTESIAN_POINT('',(0.01835,-0.009945,0.00283));
#12137=CARTESIAN_POINT('',(0.018025,-0.00962,-0.00802));
#12138=CARTESIAN_POINT('',(0.018025,-0.009295,-0.00802));
#12139=CARTESIAN_POINT('',(0.018025,-0.009295,-0.00787));
#12140=CARTESIAN_POINT('',(0.018025,-0.009295,0.00283));
#12141=CARTESIAN_POINT('',(0.018025,-0.009945,-0.00787));
#12142=CARTESIAN_POINT('',(0.018025,-0.00962,0.00283));
#12143=CARTESIAN_POINT('',(0.01835,-0.009295,-0.00802));
#12144=CARTESIAN_POINT('',(0.01835,-0.009295,-0.00787));
#12145=CARTESIAN_POINT('',(0.018675,-0.009295,0.00283));
#12146=CARTESIAN_POINT('',(0.01835,-0.00962,-0.00802));
#12147=CARTESIAN_POINT('',(0.018175,-0.009295,-0.00802));
#12148=CARTESIAN_POINT('',(0.018175,-0.009795,-0.00802));
#12149=CARTESIAN_POINT('',(0.018175,-0.009445,-0.00802));
#12150=CARTESIAN_POINT('',(0.01835,-0.009445,-0.00802));
#12151=CARTESIAN_POINT('',(0.018525,-0.009445,-0.00802));
#12152=CARTESIAN_POINT('',(0.018525,-0.00962,-0.00802));
#12153=CARTESIAN_POINT('',(0.018525,-0.009795,-0.00802));
#12154=CARTESIAN_POINT('',(0.018025,-0.009795,-0.00802));
#12155=CARTESIAN_POINT('',(0.01835,-0.00962,0.00298));
#12156=CARTESIAN_POINT('',(0.018525,-0.009295,0.00298));
#12157=CARTESIAN_POINT('',(0.018525,-0.009795,0.00298));
#12158=CARTESIAN_POINT('',(0.018525,-0.009445,0.00298));
#12159=CARTESIAN_POINT('',(0.018025,-0.009445,0.00298));
#12160=CARTESIAN_POINT('',(0.018175,-0.009445,0.00298));
#12161=CARTESIAN_POINT('',(0.018175,-0.00962,0.00298));
#12162=CARTESIAN_POINT('',(0.018175,-0.009795,0.00298));
#12163=CARTESIAN_POINT('',(0.01835,-0.009795,0.00298));
#12164=CARTESIAN_POINT('',(0.01835,-0.009795,-0.00802));
#12165=CARTESIAN_POINT('',(0.0182333333333334,-0.00973666666666666,-0.00807833333333333));
#12166=CARTESIAN_POINT('',(0.0184666666666666,-0.00973666666666666,-0.00807833333333333));
#12167=CARTESIAN_POINT('',(0.018675,-0.00962,-0.00787));
#12168=CARTESIAN_POINT('',(0.0185666666666667,-0.00940333333333333,-0.00797833333333333));
#12169=CARTESIAN_POINT('',(0.018175,-0.00962,-0.00802));
#12170=CARTESIAN_POINT('',(0.0182333333333334,-0.00950333333333333,-0.00807833333333333));
#12171=CARTESIAN_POINT('',(0.01835,-0.009295,-0.00787));
#12172=CARTESIAN_POINT('',(0.01835,-0.009945,0.00283));
#12173=CARTESIAN_POINT('',(0.0181333333333334,-0.00983666666666667,0.00293833333333333));
#12174=CARTESIAN_POINT('',(0.0185666666666667,-0.00983666666666667,0.00293833333333333));
#12175=CARTESIAN_POINT('',(0.018525,-0.00962,0.00298));
#12176=CARTESIAN_POINT('',(0.0184666666666666,-0.00950333333333333,0.00303833333333333));
#12177=CARTESIAN_POINT('',(0.018025,-0.00962,0.00283));
#12178=CARTESIAN_POINT('',(0.0181333333333334,-0.00940333333333333,0.00293833333333333));
#12179=CARTESIAN_POINT('',(0.01835,-0.009445,0.00298));
#12180=CARTESIAN_POINT('',(0.,0.,0.));
#12181=CARTESIAN_POINT('',(0.0086534497182717,-0.000706929621886723,0.001725));
#12182=CARTESIAN_POINT('',(0.0086534497182717,-0.000706929621886723,0.0016));
#12183=CARTESIAN_POINT('',(0.0081534497182717,-0.000706929621886723,0.0016));
#12184=CARTESIAN_POINT('',(0.0091534497182717,-0.000706929621886723,0.0016));
#12185=CARTESIAN_POINT('',(0.0081534497182717,-0.000706929621886723,0.001725));
#12186=CARTESIAN_POINT('',(0.0081534497182717,-0.000706929621886723,0.001725));
#12187=CARTESIAN_POINT('',(0.0086534497182717,-0.000706929621886723,0.001725));
#12188=CARTESIAN_POINT('',(0.0091534497182717,-0.000706929621886723,0.001725));
#12189=CARTESIAN_POINT('',(0.0091534497182717,-0.000706929621886723,0.001725));
#12190=CARTESIAN_POINT('',(0.0081534497182717,-0.00130692962188672,0.001725));
#12191=CARTESIAN_POINT('',(0.0081534497182717,-0.00130692962188672,0.0016));
#12192=CARTESIAN_POINT('',(0.0081534497182717,-0.00190692962188672,0.0016));
#12193=CARTESIAN_POINT('',(0.0081534497182717,-0.00190692962188672,0.001725));
#12194=CARTESIAN_POINT('',(0.0081534497182717,-0.00190692962188672,0.001725));
#12195=CARTESIAN_POINT('',(0.0081534497182717,-0.00130692962188672,0.001725));
#12196=CARTESIAN_POINT('',(0.0086534497182717,-0.00190692962188672,0.001725));
#12197=CARTESIAN_POINT('',(0.0086534497182717,-0.00190692962188672,0.0016));
#12198=CARTESIAN_POINT('',(0.0091534497182717,-0.00190692962188672,0.0016));
#12199=CARTESIAN_POINT('',(0.0091534497182717,-0.00190692962188672,0.001725));
#12200=CARTESIAN_POINT('',(0.0091534497182717,-0.00190692962188672,0.001725));
#12201=CARTESIAN_POINT('',(0.0086534497182717,-0.00190692962188672,0.001725));
#12202=CARTESIAN_POINT('',(0.0091534497182717,-0.00130692962188672,0.001725));
#12203=CARTESIAN_POINT('',(0.0091534497182717,-0.00130692962188672,0.0016));
#12204=CARTESIAN_POINT('',(0.0091534497182717,-0.00130692962188672,0.001725));
#12205=CARTESIAN_POINT('',(0.0173,-0.00705,0.001725));
#12206=CARTESIAN_POINT('',(0.0173,-0.00705,0.0016));
#12207=CARTESIAN_POINT('',(0.,0.,0.));
#12208=CARTESIAN_POINT('',(0.017205,-0.010765,-2.E-5));
#12209=CARTESIAN_POINT('',(0.017205,-0.010765,-0.00202));
#12210=CARTESIAN_POINT('',(0.01708,-0.01064,-0.00202));
#12211=CARTESIAN_POINT('',(0.01733,-0.01089,-0.00202));
#12212=CARTESIAN_POINT('',(0.01733,-0.01089,-2.E-5));
#12213=CARTESIAN_POINT('',(0.01733,-0.01089,-2.E-5));
#12214=CARTESIAN_POINT('',(0.017205,-0.010765,-2.E-5));
#12215=CARTESIAN_POINT('',(0.01708,-0.01064,-2.E-5));
#12216=CARTESIAN_POINT('',(0.01708,-0.01064,-2.E-5));
#12217=CARTESIAN_POINT('',(0.01708,-0.00962,-2.E-5));
#12218=CARTESIAN_POINT('',(0.01708,-0.00962,-0.00202));
#12219=CARTESIAN_POINT('',(0.01708,-0.0086,-0.00202));
#12220=CARTESIAN_POINT('',(0.01708,-0.00962,-2.E-5));
#12221=CARTESIAN_POINT('',(0.01708,-0.0086,-2.E-5));
#12222=CARTESIAN_POINT('',(0.01708,-0.0086,-2.E-5));
#12223=CARTESIAN_POINT('',(0.017205,-0.008475,-2.E-5));
#12224=CARTESIAN_POINT('',(0.017205,-0.008475,-0.00202));
#12225=CARTESIAN_POINT('',(0.01733,-0.00835,-0.00202));
#12226=CARTESIAN_POINT('',(0.017205,-0.008475,-2.E-5));
#12227=CARTESIAN_POINT('',(0.01733,-0.00835,-2.E-5));
#12228=CARTESIAN_POINT('',(0.01733,-0.00835,-2.E-5));
#12229=CARTESIAN_POINT('',(0.01835,-0.00835,-2.E-5));
#12230=CARTESIAN_POINT('',(0.01835,-0.00835,-0.00202));
#12231=CARTESIAN_POINT('',(0.01937,-0.00835,-0.00202));
#12232=CARTESIAN_POINT('',(0.01835,-0.00835,-2.E-5));
#12233=CARTESIAN_POINT('',(0.01937,-0.00835,-2.E-5));
#12234=CARTESIAN_POINT('',(0.01937,-0.00835,-2.E-5));
#12235=CARTESIAN_POINT('',(0.019495,-0.008475,-2.E-5));
#12236=CARTESIAN_POINT('',(0.019495,-0.008475,-0.00202));
#12237=CARTESIAN_POINT('',(0.01962,-0.0086,-0.00202));
#12238=CARTESIAN_POINT('',(0.019495,-0.008475,-2.E-5));
#12239=CARTESIAN_POINT('',(0.01962,-0.0086,-2.E-5));
#12240=CARTESIAN_POINT('',(0.01962,-0.0086,-2.E-5));
#12241=CARTESIAN_POINT('',(0.01962,-0.00962,-2.E-5));
#12242=CARTESIAN_POINT('',(0.01962,-0.00962,-0.00202));
#12243=CARTESIAN_POINT('',(0.01962,-0.01064,-0.00202));
#12244=CARTESIAN_POINT('',(0.01962,-0.00962,-2.E-5));
#12245=CARTESIAN_POINT('',(0.01962,-0.01064,-2.E-5));
#12246=CARTESIAN_POINT('',(0.01962,-0.01064,-2.E-5));
#12247=CARTESIAN_POINT('',(0.019495,-0.010765,-2.E-5));
#12248=CARTESIAN_POINT('',(0.019495,-0.010765,-0.00202));
#12249=CARTESIAN_POINT('',(0.01937,-0.01089,-0.00202));
#12250=CARTESIAN_POINT('',(0.019495,-0.010765,-2.E-5));
#12251=CARTESIAN_POINT('',(0.01937,-0.01089,-2.E-5));
#12252=CARTESIAN_POINT('',(0.01937,-0.01089,-2.E-5));
#12253=CARTESIAN_POINT('',(0.01835,-0.01089,-2.E-5));
#12254=CARTESIAN_POINT('',(0.01835,-0.01089,-0.00202));
#12255=CARTESIAN_POINT('',(0.01835,-0.01089,-2.E-5));
#12256=CARTESIAN_POINT('',(0.01835,-0.00962,-2.E-5));
#12257=CARTESIAN_POINT('',(0.01835,-0.00962,-0.00202));
#12258=CARTESIAN_POINT('',(0.,0.,0.));
#12259=CARTESIAN_POINT('',(0.018675,-0.00708,-0.00802));
#12260=CARTESIAN_POINT('',(0.018675,-0.007405,-0.00802));
#12261=CARTESIAN_POINT('',(0.018675,-0.007405,-0.00787));
#12262=CARTESIAN_POINT('',(0.018675,-0.007405,0.00283));
#12263=CARTESIAN_POINT('',(0.018675,-0.00708,-0.00787));
#12264=CARTESIAN_POINT('',(0.018675,-0.006755,-0.00787));
#12265=CARTESIAN_POINT('',(0.018675,-0.006755,-0.00802));
#12266=CARTESIAN_POINT('',(0.018675,-0.006755,0.00283));
#12267=CARTESIAN_POINT('',(0.018675,-0.007405,0.00283));
#12268=CARTESIAN_POINT('',(0.01835,-0.007405,-0.00802));
#12269=CARTESIAN_POINT('',(0.018025,-0.007405,-0.00802));
#12270=CARTESIAN_POINT('',(0.018025,-0.007405,-0.00787));
#12271=CARTESIAN_POINT('',(0.018025,-0.007405,0.00283));
#12272=CARTESIAN_POINT('',(0.018675,-0.007405,-0.00787));
#12273=CARTESIAN_POINT('',(0.01835,-0.007405,0.00283));
#12274=CARTESIAN_POINT('',(0.018025,-0.00708,-0.00802));
#12275=CARTESIAN_POINT('',(0.018025,-0.006755,-0.00802));
#12276=CARTESIAN_POINT('',(0.018025,-0.006755,-0.00787));
#12277=CARTESIAN_POINT('',(0.018025,-0.006755,0.00283));
#12278=CARTESIAN_POINT('',(0.018025,-0.007405,-0.00787));
#12279=CARTESIAN_POINT('',(0.018025,-0.00708,0.00283));
#12280=CARTESIAN_POINT('',(0.01835,-0.006755,-0.00802));
#12281=CARTESIAN_POINT('',(0.01835,-0.006755,-0.00787));
#12282=CARTESIAN_POINT('',(0.018675,-0.006755,0.00283));
#12283=CARTESIAN_POINT('',(0.01835,-0.00708,-0.00802));
#12284=CARTESIAN_POINT('',(0.018175,-0.006755,-0.00802));
#12285=CARTESIAN_POINT('',(0.018175,-0.007255,-0.00802));
#12286=CARTESIAN_POINT('',(0.018175,-0.006905,-0.00802));
#12287=CARTESIAN_POINT('',(0.01835,-0.006905,-0.00802));
#12288=CARTESIAN_POINT('',(0.018525,-0.006905,-0.00802));
#12289=CARTESIAN_POINT('',(0.018525,-0.00708,-0.00802));
#12290=CARTESIAN_POINT('',(0.018525,-0.007255,-0.00802));
#12291=CARTESIAN_POINT('',(0.018025,-0.007255,-0.00802));
#12292=CARTESIAN_POINT('',(0.01835,-0.00708,0.00298));
#12293=CARTESIAN_POINT('',(0.018525,-0.006755,0.00298));
#12294=CARTESIAN_POINT('',(0.018525,-0.007255,0.00298));
#12295=CARTESIAN_POINT('',(0.018525,-0.006905,0.00298));
#12296=CARTESIAN_POINT('',(0.018025,-0.006905,0.00298));
#12297=CARTESIAN_POINT('',(0.018175,-0.006905,0.00298));
#12298=CARTESIAN_POINT('',(0.018175,-0.00708,0.00298));
#12299=CARTESIAN_POINT('',(0.018175,-0.007255,0.00298));
#12300=CARTESIAN_POINT('',(0.01835,-0.007255,0.00298));
#12301=CARTESIAN_POINT('',(0.01835,-0.007255,-0.00802));
#12302=CARTESIAN_POINT('',(0.0182333333333334,-0.00719666666666666,-0.00807833333333333));
#12303=CARTESIAN_POINT('',(0.0184666666666666,-0.00719666666666666,-0.00807833333333333));
#12304=CARTESIAN_POINT('',(0.018675,-0.00708,-0.00787));
#12305=CARTESIAN_POINT('',(0.0185666666666667,-0.00686333333333333,-0.00797833333333333));
#12306=CARTESIAN_POINT('',(0.018175,-0.00708,-0.00802));
#12307=CARTESIAN_POINT('',(0.0182333333333334,-0.00696333333333333,-0.00807833333333333));
#12308=CARTESIAN_POINT('',(0.01835,-0.006755,-0.00787));
#12309=CARTESIAN_POINT('',(0.01835,-0.007405,0.00283));
#12310=CARTESIAN_POINT('',(0.0181333333333334,-0.00729666666666667,0.00293833333333333));
#12311=CARTESIAN_POINT('',(0.0185666666666667,-0.00729666666666667,0.00293833333333333));
#12312=CARTESIAN_POINT('',(0.018525,-0.00708,0.00298));
#12313=CARTESIAN_POINT('',(0.0184666666666666,-0.00696333333333333,0.00303833333333333));
#12314=CARTESIAN_POINT('',(0.018025,-0.00708,0.00283));
#12315=CARTESIAN_POINT('',(0.0181333333333334,-0.00686333333333333,0.00293833333333333));
#12316=CARTESIAN_POINT('',(0.01835,-0.006905,0.00298));
#12317=CARTESIAN_POINT('',(0.,0.,0.));
#12318=CARTESIAN_POINT('',(0.0098,-0.00705,0.0016));
#12319=CARTESIAN_POINT('',(0.00672239494694319,-0.00508187501691282,0.0016));
#12320=CARTESIAN_POINT('',(0.00693329401686545,-0.00508187501691282,0.0016));
#12321=CARTESIAN_POINT('',(0.00651149587702093,-0.00508187501691282,0.0016));
#12322=CARTESIAN_POINT('',(0.00628067561031761,-0.00463856198454475,0.0016));
#12323=CARTESIAN_POINT('',(0.00604975383079956,-0.00419505398682827,0.0016));
#12324=CARTESIAN_POINT('',(0.00961322629977139,-0.00397837307019894,0.0016));
#12325=CARTESIAN_POINT('',(0.00602329404368933,-0.00419693612010421,0.00159999999999959));
#12326=CARTESIAN_POINT('',(0.00600055562400189,-0.00419789113196025,0.00160000000000001));
#12327=CARTESIAN_POINT('',(0.00597203477158378,-0.00419859145953699,0.00159999994999908));
#12328=CARTESIAN_POINT('',(0.00578151682297327,-0.00419843634366164,0.0016));
#12329=CARTESIAN_POINT('',(0.00567161822073103,-0.00419843634366164,0.0016));
#12330=CARTESIAN_POINT('',(0.00567161822073103,-0.00464015568028723,0.0016));
#12331=CARTESIAN_POINT('',(0.00567161822073103,-0.00508187501691282,0.0016));
#12332=CARTESIAN_POINT('',(0.00547240625292034,-0.00508187501691282,0.0016));
#12333=CARTESIAN_POINT('',(0.00527319428510964,-0.00508187501691282,0.0016));
#12334=CARTESIAN_POINT('',(0.00527319428510964,-0.00385844791859805,0.0016));
#12335=CARTESIAN_POINT('',(0.00527319428510964,-0.00263502082028329,0.0016));
#12336=CARTESIAN_POINT('',(0.00562513542824187,-0.00263502082028329,0.0016));
#12337=CARTESIAN_POINT('',(0.00597707662387181,-0.0026349934196837,0.0016));
#12338=CARTESIAN_POINT('',(0.00597517740072064,-0.00362627191908382,0.0016));
#12339=CARTESIAN_POINT('',(0.00628543262374147,-0.00268476608939363,0.0016));
#12340=CARTESIAN_POINT('',(0.0060306050897124,-0.0034796378074231,0.0016));
#12341=CARTESIAN_POINT('',(0.00655958406635356,-0.00283395289844039,0.00159999975));
#12342=CARTESIAN_POINT('',(0.00606548871290341,-0.00343631001034326,0.0016));
#12343=CARTESIAN_POINT('',(0.00675570669554242,-0.00307455903535666,0.00159999999999916));
#12344=CARTESIAN_POINT('',(0.00616176432256907,-0.00338022643437588,0.0016));
#12345=CARTESIAN_POINT('',(0.00683023502551805,-0.00339202629796394,0.0016));
#12346=CARTESIAN_POINT('',(0.00683023502551805,-0.00339202629796394,0.0016));
#12347=CARTESIAN_POINT('',(0.00683023502551805,-0.00365764225504487,0.0016));
#12348=CARTESIAN_POINT('',(0.00670725483738958,-0.00384357342500152,0.0016));
#12349=CARTESIAN_POINT('',(0.00670725483738958,-0.00384357342500152,0.0016));
#12350=CARTESIAN_POINT('',(0.00609351677049088,-0.00344064989391757,0.0016));
#12351=CARTESIAN_POINT('',(0.0063755005069955,-0.00411875155653737,0.0016));
#12352=CARTESIAN_POINT('',(0.00665439726193047,-0.00460031328672509,0.0016));
#12353=CARTESIAN_POINT('',(0.0098,0.,0.0016));
#12354=CARTESIAN_POINT('',(0.,0.,0.0016));
#12355=CARTESIAN_POINT('',(0.0196,0.,0.0016));
#12356=CARTESIAN_POINT('',(0.,-0.00705,0.0016));
#12357=CARTESIAN_POINT('',(0.,-0.0141,0.0016));
#12358=CARTESIAN_POINT('',(0.0098,-0.0141,0.0016));
#12359=CARTESIAN_POINT('',(0.0196,-0.0141,0.0016));
#12360=CARTESIAN_POINT('',(0.0196,-0.00705,0.0016));
#12361=CARTESIAN_POINT('',(0.01835,-0.01216,0.0016));
#12362=CARTESIAN_POINT('',(0.018825,-0.01216,0.0016));
#12363=CARTESIAN_POINT('',(0.01835,-0.00962,0.0016));
#12364=CARTESIAN_POINT('',(0.018825,-0.00962,0.0016));
#12365=CARTESIAN_POINT('',(0.01835,-0.00708,0.0016));
#12366=CARTESIAN_POINT('',(0.018825,-0.00708,0.0016));
#12367=CARTESIAN_POINT('',(0.01835,-0.00454,0.0016));
#12368=CARTESIAN_POINT('',(0.018825,-0.00454,0.0016));
#12369=CARTESIAN_POINT('',(0.01835,-0.002,0.0016));
#12370=CARTESIAN_POINT('',(0.018825,-0.002,0.0016));
#12371=CARTESIAN_POINT('',(0.00773335531346073,-0.00381265389514195,0.0016));
#12372=CARTESIAN_POINT('',(0.00938182402260364,-0.00330381704337582,0.00159999975));
#12373=CARTESIAN_POINT('',(0.00945941874998824,-0.00384676828939894,0.00159999975));
#12374=CARTESIAN_POINT('',(0.00771876406445389,-0.00388014943224762,0.0016));
#12375=CARTESIAN_POINT('',(0.00938179739215003,-0.00439129054637196,0.0016));
#12376=CARTESIAN_POINT('',(0.00831747104631052,-0.00406405560360678,0.0016));
#12377=CARTESIAN_POINT('',(0.00916598858689294,-0.00478321853615793,0.00159999975));
#12378=CARTESIAN_POINT('',(0.00848207702573539,-0.0041876711524629,0.0016));
#12379=CARTESIAN_POINT('',(0.008843928392026,-0.00501879798856893,0.0016));
#12380=CARTESIAN_POINT('',(0.00845311139497972,-0.00409300490223014,0.0016));
#12381=CARTESIAN_POINT('',(0.00844095217036672,-0.0050979861566775,0.0016));
#12382=CARTESIAN_POINT('',(0.0084281050271412,-0.00409254136177009,0.0016));
#12383=CARTESIAN_POINT('',(0.00803713738317934,-0.00501879109378945,0.00159999975));
#12384=CARTESIAN_POINT('',(0.00839815912961381,-0.00418799642940411,0.0016));
#12385=CARTESIAN_POINT('',(0.00771480772815296,-0.00478321991257702,0.00159999975));
#12386=CARTESIAN_POINT('',(0.00856332686835812,-0.00406405560361592,0.0016));
#12387=CARTESIAN_POINT('',(0.00749900052253539,-0.00439129054637192,0.00159999975));
#12388=CARTESIAN_POINT('',(0.00916203385023172,-0.00388014943224761,0.0016));
#12389=CARTESIAN_POINT('',(0.00742096491406604,-0.0038467608164865,0.0016));
#12390=CARTESIAN_POINT('',(0.00742096491406604,-0.0038467608164865,0.0016));
#12391=CARTESIAN_POINT('',(0.00742096491406604,-0.00353811507435845,0.0016));
#12392=CARTESIAN_POINT('',(0.00749905600544783,-0.00330384180021307,0.0016));
#12393=CARTESIAN_POINT('',(0.00749905600544783,-0.00330384180021307,0.0016));
#12394=CARTESIAN_POINT('',(0.00856377984256126,-0.00363440705068645,0.0016));
#12395=CARTESIAN_POINT('',(0.00771481346296282,-0.00291349348907281,0.00159999975));
#12396=CARTESIAN_POINT('',(0.00841096811869292,-0.00352061677486518,0.0016));
#12397=CARTESIAN_POINT('',(0.00803713849248438,-0.00267632802095946,0.0016));
#12398=CARTESIAN_POINT('',(0.00842836291432882,-0.00358384835940132,0.0016));
#12399=CARTESIAN_POINT('',(0.0084409645544543,-0.0025955324939388,0.0016));
#12400=CARTESIAN_POINT('',(0.00845285445204497,-0.00358339004791432,0.0016));
#12401=CARTESIAN_POINT('',(0.00884392847454653,-0.00267632151379477,0.00159999975));
#12402=CARTESIAN_POINT('',(0.00846923340736647,-0.00352097252304048,0.0016));
#12403=CARTESIAN_POINT('',(0.00916598287995763,-0.00291349484464599,0.00159999975));
#12404=CARTESIAN_POINT('',(0.00831701807210924,-0.0036344070506946,0.0016));
#12405=CARTESIAN_POINT('',(0.00348791559629373,-0.00378964041924854,0.0016));
#12406=CARTESIAN_POINT('',(0.0046351698784053,-0.00336361101768337,0.00159999975000101));
#12407=CARTESIAN_POINT('',(0.00471168270445446,-0.00379045023395102,0.0016));
#12408=CARTESIAN_POINT('',(0.00471168215184055,-0.00379045023358533,0.0016));
#12409=CARTESIAN_POINT('',(0.00471168215184055,-0.00409218996082928,0.0016));
#12410=CARTESIAN_POINT('',(0.00464687185831281,-0.00430654203819358,0.0016));
#12411=CARTESIAN_POINT('',(0.00464687185831281,-0.00430654203819358,0.0016));
#12412=CARTESIAN_POINT('',(0.00340479415121647,-0.00395861111392848,0.0016));
#12413=CARTESIAN_POINT('',(0.00448255372810992,-0.00466518636480474,0.00159999975));
#12414=CARTESIAN_POINT('',(0.00377554689217098,-0.0041954211823548,0.0016));
#12415=CARTESIAN_POINT('',(0.00425831526978056,-0.00489254602499689,0.00159999975));
#12416=CARTESIAN_POINT('',(0.00362754008592581,-0.00397371241565309,0.0016));
#12417=CARTESIAN_POINT('',(0.00401763591870153,-0.00501708617096541,0.00159999975));
#12418=CARTESIAN_POINT('',(0.00366788910477652,-0.00407885942145481,0.0016));
#12419=CARTESIAN_POINT('',(0.00380513914834147,-0.00507021702097423,0.00159999975));
#12420=CARTESIAN_POINT('',(0.00361607514981224,-0.00369278647936118,0.0016));
#12421=CARTESIAN_POINT('',(0.0036625034274862,-0.00508200386361074,0.00159999975));
#12422=CARTESIAN_POINT('',(0.00319926489222174,-0.00508187501691282,0.0016));
#12423=CARTESIAN_POINT('',(0.0027360306630726,-0.00508187501691282,0.0016));
#12424=CARTESIAN_POINT('',(0.0027360306630726,-0.00385844791859805,0.0016));
#12425=CARTESIAN_POINT('',(0.0027360306630726,-0.00263502082028329,0.0016));
#12426=CARTESIAN_POINT('',(0.00310470561150093,-0.00263502082028329,0.0016));
#12427=CARTESIAN_POINT('',(0.00347338055992926,-0.00263502082028329,0.0016));
#12428=CARTESIAN_POINT('',(0.00347338055992926,-0.00263502082028329,0.0016));
#12429=CARTESIAN_POINT('',(0.0037820263020573,-0.00263502082028329,0.0016));
#12430=CARTESIAN_POINT('',(0.0040160339602456,-0.00273276749248907,0.0016));
#12431=CARTESIAN_POINT('',(0.0040160339602456,-0.00273276749248907,0.0016));
#12432=CARTESIAN_POINT('',(0.00360017615339497,-0.00377673174780959,0.0016));
#12433=CARTESIAN_POINT('',(0.00440450799309817,-0.00299319566354798,0.00159999975));
#12434=CARTESIAN_POINT('',(0.00362895415042553,-0.00373412593201417,0.0016));
#12435=CARTESIAN_POINT('',(0.0113871423851985,-0.00263502082028329,0.0016));
#12436=CARTESIAN_POINT('',(0.0111597751259372,-0.00263502082028329,0.0016));
#12437=CARTESIAN_POINT('',(0.0116145096444598,-0.00263502082028329,0.0016));
#12438=CARTESIAN_POINT('',(0.0112227261077654,-0.00326399940665094,0.0016));
#12439=CARTESIAN_POINT('',(0.010830942571071,-0.00389297799301858,0.0016));
#12440=CARTESIAN_POINT('',(0.0112559281024005,-0.0044874265049657,0.0016));
#12441=CARTESIAN_POINT('',(0.01168091363373,-0.00508187501691282,0.0016));
#12442=CARTESIAN_POINT('',(0.0114500933670267,-0.00508187501691282,0.0016));
#12443=CARTESIAN_POINT('',(0.0112192731003233,-0.00508187501691282,0.0016));
#12444=CARTESIAN_POINT('',(0.010824302172144,-0.00450070730281975,0.0016));
#12445=CARTESIAN_POINT('',(0.0104293312439646,-0.00391953958872667,0.0016));
#12446=CARTESIAN_POINT('',(0.0104293312439646,-0.00450070730281974,0.0016));
#12447=CARTESIAN_POINT('',(0.0104293312439646,-0.00508187501691282,0.0016));
#12448=CARTESIAN_POINT('',(0.0102266662687119,-0.00508187501691282,0.0016));
#12449=CARTESIAN_POINT('',(0.0100240012934591,-0.00508187501691282,0.0016));
#12450=CARTESIAN_POINT('',(0.0100240012934591,-0.00385844791859805,0.0016));
#12451=CARTESIAN_POINT('',(0.0100240012934591,-0.00263502082028329,0.0016));
#12452=CARTESIAN_POINT('',(0.0102266662687119,-0.00263502082028329,0.0016));
#12453=CARTESIAN_POINT('',(0.0104293312439646,-0.00263502082028329,0.0016));
#12454=CARTESIAN_POINT('',(0.0104293312439646,-0.00324753121731192,0.0016));
#12455=CARTESIAN_POINT('',(0.0104293312439646,-0.00386004161434054,0.0016));
#12456=CARTESIAN_POINT('',(0.0107945531849509,-0.00324753121731192,0.0016));
#12457=CARTESIAN_POINT('',(0.0098,-0.00705,0.));
#12458=CARTESIAN_POINT('',(0.00471168215184055,-0.00379045023358533,0.));
#12459=CARTESIAN_POINT('',(0.00471168215184055,-0.00409218996082928,0.));
#12460=CARTESIAN_POINT('',(0.00464687185831281,-0.00430654203819358,0.));
#12461=CARTESIAN_POINT('',(0.00471168270445446,-0.00379045023395102,0.));
#12462=CARTESIAN_POINT('',(0.00464687185831281,-0.00430654203819358,0.));
#12463=CARTESIAN_POINT('',(0.00348791559629373,-0.00378964041924854,0.));
#12464=CARTESIAN_POINT('',(0.00463516986621629,-0.00336361098498797,0.));
#12465=CARTESIAN_POINT('',(0.00362895415042553,-0.00373412593201417,0.));
#12466=CARTESIAN_POINT('',(0.0044045081542991,-0.00299319582902746,0.));
#12467=CARTESIAN_POINT('',(0.00360017615339497,-0.00377673174780959,0.));
#12468=CARTESIAN_POINT('',(0.0040160339602456,-0.00273276749248907,0.));
#12469=CARTESIAN_POINT('',(0.00347338055992926,-0.00263502082028329,0.));
#12470=CARTESIAN_POINT('',(0.0037820263020573,-0.00263502082028329,0.));
#12471=CARTESIAN_POINT('',(0.0040160339602456,-0.00273276749248907,0.));
#12472=CARTESIAN_POINT('',(0.00347338055992926,-0.00263502082028329,0.));
#12473=CARTESIAN_POINT('',(0.0098,-0.00263502082028329,0.));
#12474=CARTESIAN_POINT('',(0.0027360306630726,-0.00263502082028329,0.));
#12475=CARTESIAN_POINT('',(0.0027360306630726,-0.00705,0.));
#12476=CARTESIAN_POINT('',(0.0027360306630726,-0.00508187501691282,0.));
#12477=CARTESIAN_POINT('',(0.0098,-0.00508187501691282,0.));
#12478=CARTESIAN_POINT('',(0.0036625034274862,-0.00508200386361073,0.));
#12479=CARTESIAN_POINT('',(0.00361607514981224,-0.00369278647936118,0.));
#12480=CARTESIAN_POINT('',(0.00380513909230885,-0.00507021702873175,0.));
#12481=CARTESIAN_POINT('',(0.00366788910477652,-0.00407885942145481,0.));
#12482=CARTESIAN_POINT('',(0.00401763586518948,-0.00501708619097245,0.));
#12483=CARTESIAN_POINT('',(0.00362754008592581,-0.00397371241565309,0.));
#12484=CARTESIAN_POINT('',(0.00425831504325838,-0.00489254618186634,0.));
#12485=CARTESIAN_POINT('',(0.00377554689217098,-0.0041954211823548,0.));
#12486=CARTESIAN_POINT('',(0.00448255372810992,-0.00466518636480474,0.));
#12487=CARTESIAN_POINT('',(0.00340479415121647,-0.00395861111392848,0.));
#12488=CARTESIAN_POINT('',(0.00771876406445389,-0.00388014943224762,0.));
#12489=CARTESIAN_POINT('',(0.00945941838412618,-0.00384676648220204,0.));
#12490=CARTESIAN_POINT('',(0.00938179739215003,-0.00439129054637196,0.));
#12491=CARTESIAN_POINT('',(0.00773335531346073,-0.00381265389514195,0.));
#12492=CARTESIAN_POINT('',(0.00938182402260388,-0.00330381704337575,0.));
#12493=CARTESIAN_POINT('',(0.00831701807210924,-0.0036344070506946,0.));
#12494=CARTESIAN_POINT('',(0.00916598287995945,-0.00291349484464444,0.));
#12495=CARTESIAN_POINT('',(0.00846923340736647,-0.00352097252304048,0.));
#12496=CARTESIAN_POINT('',(0.00884392854044011,-0.00267632154130634,0.));
#12497=CARTESIAN_POINT('',(0.00845285445204497,-0.00358339004791432,0.));
#12498=CARTESIAN_POINT('',(0.0084409645544543,-0.0025955324939388,0.));
#12499=CARTESIAN_POINT('',(0.00842836291432882,-0.00358384835940132,0.));
#12500=CARTESIAN_POINT('',(0.00803713858288746,-0.00267632797135871,0.));
#12501=CARTESIAN_POINT('',(0.00841096811869292,-0.00352061677486518,0.));
#12502=CARTESIAN_POINT('',(0.00771481346296282,-0.00291349348907281,0.));
#12503=CARTESIAN_POINT('',(0.00856377984256126,-0.00363440705068645,0.));
#12504=CARTESIAN_POINT('',(0.00749905600544783,-0.00330384180021307,0.));
#12505=CARTESIAN_POINT('',(0.00742096491406604,-0.0038467608164865,0.));
#12506=CARTESIAN_POINT('',(0.00742096491406604,-0.00353811507435845,0.));
#12507=CARTESIAN_POINT('',(0.00749905600544783,-0.00330384180021307,0.));
#12508=CARTESIAN_POINT('',(0.00742096491406604,-0.0038467608164865,0.));
#12509=CARTESIAN_POINT('',(0.00916203385023172,-0.00388014943224761,0.));
#12510=CARTESIAN_POINT('',(0.00749900052253538,-0.00439129054637192,0.));
#12511=CARTESIAN_POINT('',(0.00856332686835812,-0.00406405560361592,0.));
#12512=CARTESIAN_POINT('',(0.00771480772815112,-0.00478321991257858,0.));
#12513=CARTESIAN_POINT('',(0.00839815912961381,-0.00418799642940411,0.));
#12514=CARTESIAN_POINT('',(0.00803713732459418,-0.00501879107028237,0.));
#12515=CARTESIAN_POINT('',(0.0084281050271412,-0.00409254136177009,0.));
#12516=CARTESIAN_POINT('',(0.00844095217036672,-0.0050979861566775,0.));
#12517=CARTESIAN_POINT('',(0.00845311139497972,-0.00409300490223014,0.));
#12518=CARTESIAN_POINT('',(0.00884392830672637,-0.00501879804013843,0.));
#12519=CARTESIAN_POINT('',(0.00848207702573539,-0.0041876711524629,0.));
#12520=CARTESIAN_POINT('',(0.00916598858689294,-0.00478321853615793,0.));
#12521=CARTESIAN_POINT('',(0.00831747104631052,-0.00406405560360678,0.));
#12522=CARTESIAN_POINT('',(0.01835,-0.002,0.));
#12523=CARTESIAN_POINT('',(0.018825,-0.002,0.));
#12524=CARTESIAN_POINT('',(0.01835,-0.00454,0.));
#12525=CARTESIAN_POINT('',(0.018825,-0.00454,0.));
#12526=CARTESIAN_POINT('',(0.01835,-0.00708,0.));
#12527=CARTESIAN_POINT('',(0.018825,-0.00708,0.));
#12528=CARTESIAN_POINT('',(0.01835,-0.00962,0.));
#12529=CARTESIAN_POINT('',(0.018825,-0.00962,0.));
#12530=CARTESIAN_POINT('',(0.01835,-0.01216,0.));
#12531=CARTESIAN_POINT('',(0.018825,-0.01216,0.));
#12532=CARTESIAN_POINT('',(0.0098,0.,0.));
#12533=CARTESIAN_POINT('',(0.,0.,0.));
#12534=CARTESIAN_POINT('',(0.0196,0.,0.));
#12535=CARTESIAN_POINT('',(0.0196,-0.00705,0.));
#12536=CARTESIAN_POINT('',(0.0196,-0.0141,0.));
#12537=CARTESIAN_POINT('',(0.0098,-0.0141,0.));
#12538=CARTESIAN_POINT('',(0.,-0.0141,0.));
#12539=CARTESIAN_POINT('',(0.,-0.00705,0.));
#12540=CARTESIAN_POINT('',(0.0080190533132185,-0.0079772874001277,0.));
#12541=CARTESIAN_POINT('',(0.00651149587702093,-0.00508187501691282,0.));
#12542=CARTESIAN_POINT('',(0.00604975383079956,-0.00419505398682827,-1.00102043984112E-18));
#12543=CARTESIAN_POINT('',(0.0098,-0.00508187501691282,0.));
#12544=CARTESIAN_POINT('',(0.00693329401686545,-0.00508187501691282,0.));
#12545=CARTESIAN_POINT('',(0.00850687033565475,-0.00779891679402235,0.));
#12546=CARTESIAN_POINT('',(0.0063755005069955,-0.00411875155653737,0.));
#12547=CARTESIAN_POINT('',(0.00609351677049088,-0.00344064989391757,0.));
#12548=CARTESIAN_POINT('',(0.00670725483738958,-0.00384357342500152,0.));
#12549=CARTESIAN_POINT('',(0.00683023502551805,-0.00339202629796394,0.));
#12550=CARTESIAN_POINT('',(0.00683023502551805,-0.00365764225504487,0.));
#12551=CARTESIAN_POINT('',(0.00670725483738958,-0.00384357342500152,0.));
#12552=CARTESIAN_POINT('',(0.00683023502551805,-0.00339202629796394,0.));
#12553=CARTESIAN_POINT('',(0.00616176432256907,-0.00338022643437588,0.));
#12554=CARTESIAN_POINT('',(0.00675570696904372,-0.00307455955680562,0.));
#12555=CARTESIAN_POINT('',(0.00606548871290341,-0.00343631001034326,0.));
#12556=CARTESIAN_POINT('',(0.00655958406633837,-0.00283395289842574,0.));
#12557=CARTESIAN_POINT('',(0.0060306050897124,-0.0034796378074231,0.));
#12558=CARTESIAN_POINT('',(0.00628543223736794,-0.00268476624679125,0.));
#12559=CARTESIAN_POINT('',(0.00597517740072064,-0.00362627191908382,0.));
#12560=CARTESIAN_POINT('',(0.00597707662387181,-0.0026349934196837,0.));
#12561=CARTESIAN_POINT('',(0.0098,-0.00263502082028329,0.));
#12562=CARTESIAN_POINT('',(0.00527319428510964,-0.00263502082028329,0.));
#12563=CARTESIAN_POINT('',(0.00527319428510964,-0.00705,0.));
#12564=CARTESIAN_POINT('',(0.00527319428510964,-0.00508187501691282,0.));
#12565=CARTESIAN_POINT('',(0.0098,-0.00508187501691282,0.));
#12566=CARTESIAN_POINT('',(0.00567161822073103,-0.00508187501691282,0.));
#12567=CARTESIAN_POINT('',(0.00567161822073103,-0.00705,0.));
#12568=CARTESIAN_POINT('',(0.00567161822073103,-0.00419843634366164,0.));
#12569=CARTESIAN_POINT('',(0.0098,-0.00419843634366164,0.));
#12570=CARTESIAN_POINT('',(0.00597203452168705,-0.00419859146671126,3.46944695195361E-18));
#12571=CARTESIAN_POINT('',(0.00600055562400185,-0.00419789113196025,6.93889390390723E-18));
#12572=CARTESIAN_POINT('',(0.00602329098537719,-0.00419693630629779,5.07965522644066E-18));
#12573=CARTESIAN_POINT('',(0.00603758109044072,-0.00419579416387799,0.));
#12574=CARTESIAN_POINT('',(0.00912598209900266,-0.00663016199156627,0.));
#12575=CARTESIAN_POINT('',(0.0116145096444598,-0.00263502082028329,0.));
#12576=CARTESIAN_POINT('',(0.010830942571071,-0.00389297799301858,0.));
#12577=CARTESIAN_POINT('',(0.0098,-0.00263502082028329,0.));
#12578=CARTESIAN_POINT('',(0.0111597751259372,-0.00263502082028329,0.));
#12579=CARTESIAN_POINT('',(0.00886107644097536,-0.00649014748757204,0.));
#12580=CARTESIAN_POINT('',(0.0104293312439646,-0.00386004161434054,0.));
#12581=CARTESIAN_POINT('',(0.0104293312439646,-0.00705,0.));
#12582=CARTESIAN_POINT('',(0.0104293312439646,-0.00263502082028329,0.));
#12583=CARTESIAN_POINT('',(0.0098,-0.00263502082028329,0.));
#12584=CARTESIAN_POINT('',(0.0100240012934591,-0.00263502082028329,0.));
#12585=CARTESIAN_POINT('',(0.0100240012934591,-0.00705,0.));
#12586=CARTESIAN_POINT('',(0.0100240012934591,-0.00508187501691282,0.));
#12587=CARTESIAN_POINT('',(0.0098,-0.00508187501691282,0.));
#12588=CARTESIAN_POINT('',(0.0104293312439646,-0.00508187501691282,0.));
#12589=CARTESIAN_POINT('',(0.0104293312439646,-0.00705,0.));
#12590=CARTESIAN_POINT('',(0.0104293312439646,-0.00391953958872667,0.));
#12591=CARTESIAN_POINT('',(0.0116858225181074,-0.0057683646780504,0.));
#12592=CARTESIAN_POINT('',(0.0112192731003233,-0.00508187501691282,0.));
#12593=CARTESIAN_POINT('',(0.0098,-0.00508187501691282,0.));
#12594=CARTESIAN_POINT('',(0.01168091363373,-0.00508187501691282,0.));
#12595=CARTESIAN_POINT('',(0.0119758572242978,-0.0054944273642196,0.));
#12596=CARTESIAN_POINT('',(0.0098,0.,0.0016));
#12597=CARTESIAN_POINT('',(0.,0.,0.0016));
#12598=CARTESIAN_POINT('',(0.0196,0.,0.0016));
#12599=CARTESIAN_POINT('',(0.,-0.00705,0.0016));
#12600=CARTESIAN_POINT('',(0.,-0.0141,0.0016));
#12601=CARTESIAN_POINT('',(0.0098,-0.0141,0.0016));
#12602=CARTESIAN_POINT('',(0.0196,-0.0141,0.0016));
#12603=CARTESIAN_POINT('',(0.0196,-0.00705,0.0016));
#12604=CARTESIAN_POINT('',(0.01835,-0.01216,-0.00032));
#12605=CARTESIAN_POINT('',(0.01835,-0.00962,-0.00032));
#12606=CARTESIAN_POINT('',(0.01835,-0.00708,-0.00032));
#12607=CARTESIAN_POINT('',(0.01835,-0.00454,-0.00032));
#12608=CARTESIAN_POINT('',(0.01835,-0.002,-0.00032));
#12609=CARTESIAN_POINT('',(0.00771876406445389,-0.00388014943224762,-0.0234000000000001));
#12610=CARTESIAN_POINT('',(0.00938174190923746,-0.0043912735285024,-0.0234));
#12611=CARTESIAN_POINT('',(0.00945983300061926,-0.0038467608164865,-0.0234));
#12612=CARTESIAN_POINT('',(0.00773335531346073,-0.00381265389514195,-0.0234000000000001));
#12613=CARTESIAN_POINT('',(0.00938174190923746,-0.00330384180021307,-0.0234));
#12614=CARTESIAN_POINT('',(0.00831701807210924,-0.0036344070506946,-0.0234000000000001));
#12615=CARTESIAN_POINT('',(0.00916579613613067,-0.00291365195926119,-0.0234));
#12616=CARTESIAN_POINT('',(0.00846923340736647,-0.00352097252304048,-0.0234));
#12617=CARTESIAN_POINT('',(0.00884386959614858,-0.00267645690958792,-0.0234));
#12618=CARTESIAN_POINT('',(0.00845285445204497,-0.00358339004791432,-0.0234));
#12619=CARTESIAN_POINT('',(0.0084409645544543,-0.0025955324939388,0.));
#12620=CARTESIAN_POINT('',(0.00842836291432882,-0.00358384835940132,-0.0234));
#12621=CARTESIAN_POINT('',(0.0080371939344938,-0.00267645690958792,-0.0234));
#12622=CARTESIAN_POINT('',(0.00841096811869292,-0.00352061677486518,-0.0234));
#12623=CARTESIAN_POINT('',(0.00771500177855463,-0.00291365195926119,-0.0234));
#12624=CARTESIAN_POINT('',(0.00856377984256126,-0.00363440705068645,-0.0234));
#12625=CARTESIAN_POINT('',(0.00749905600544783,-0.00330384180021307,-0.0234));
#12626=CARTESIAN_POINT('',(0.00742096491406604,-0.0038467608164865,0.));
#12627=CARTESIAN_POINT('',(0.00742096491406604,-0.0038467608164865,0.0016));
#12628=CARTESIAN_POINT('',(0.00742096491406604,-0.00364099698840114,0.));
#12629=CARTESIAN_POINT('',(0.00742096491406604,-0.00364099698840114,0.0016));
#12630=CARTESIAN_POINT('',(0.00744699527785997,-0.00346002398297666,0.));
#12631=CARTESIAN_POINT('',(0.00744699527785997,-0.00346002398297666,0.0016));
#12632=CARTESIAN_POINT('',(0.00749905600544783,-0.00330384180021307,0.));
#12633=CARTESIAN_POINT('',(0.00749905600544783,-0.00330384180021307,0.0016));
#12634=CARTESIAN_POINT('',(0.00742096491406604,-0.0038467608164865,-0.0234));
#12635=CARTESIAN_POINT('',(0.00916203385023172,-0.00388014943224761,-0.0234000000000001));
#12636=CARTESIAN_POINT('',(0.00749905600544783,-0.0043912735285024,-0.0234));
#12637=CARTESIAN_POINT('',(0.00856332686835812,-0.00406405560361592,-0.0234000000000001));
#12638=CARTESIAN_POINT('',(0.00771500177855463,-0.00478305706519677,-0.0234));
#12639=CARTESIAN_POINT('',(0.00839815912961381,-0.00418799642940411,-0.0234));
#12640=CARTESIAN_POINT('',(0.0080371939344938,-0.00501865841912756,-0.0234));
#12641=CARTESIAN_POINT('',(0.0084281050271412,-0.00409254136177009,-0.0234));
#12642=CARTESIAN_POINT('',(0.00844095217036672,-0.00509798615667751,0.));
#12643=CARTESIAN_POINT('',(0.00845311139497972,-0.00409300490223014,-0.0234));
#12644=CARTESIAN_POINT('',(0.00884386959614858,-0.00501865841912756,-0.0234));
#12645=CARTESIAN_POINT('',(0.00848207702573539,-0.0041876711524629,-0.0234));
#12646=CARTESIAN_POINT('',(0.00916579613613067,-0.00478305706519677,-0.0234));
#12647=CARTESIAN_POINT('',(0.00831747104631052,-0.00406405560360678,-0.0234));
#12648=CARTESIAN_POINT('',(0.00628067561031761,-0.00463856198454475,-0.0234));
#12649=CARTESIAN_POINT('',(0.00604975383079956,-0.00419505398682827,-0.0234));
#12650=CARTESIAN_POINT('',(0.00651149587702093,-0.00508187501691282,-0.0234));
#12651=CARTESIAN_POINT('',(0.00672239494694319,-0.00508187501691282,-0.0234));
#12652=CARTESIAN_POINT('',(0.00693329401686545,-0.00508187501691282,-0.0234));
#12653=CARTESIAN_POINT('',(0.00665439726193047,-0.00460031328672509,-0.0234));
#12654=CARTESIAN_POINT('',(0.00637538829590858,-0.00411855780539397,0.));
#12655=CARTESIAN_POINT('',(0.00609351677049088,-0.00344064989391757,-0.0234));
#12656=CARTESIAN_POINT('',(0.00670725483738958,-0.00384357342500152,-0.0234));
#12657=CARTESIAN_POINT('',(0.00683023502551805,-0.00339202629796394,0.));
#12658=CARTESIAN_POINT('',(0.00683023502551805,-0.00339202629796394,0.0016));
#12659=CARTESIAN_POINT('',(0.00683023502551805,-0.00356910360268456,0.));
#12660=CARTESIAN_POINT('',(0.00683023502551805,-0.00356910360268456,0.0016));
#12661=CARTESIAN_POINT('',(0.00678924162947523,-0.00371961931169709,0.));
#12662=CARTESIAN_POINT('',(0.00678924162947523,-0.00371961931169709,0.0016));
#12663=CARTESIAN_POINT('',(0.00670725483738958,-0.00384357342500152,0.));
#12664=CARTESIAN_POINT('',(0.00670725483738958,-0.00384357342500152,0.0016));
#12665=CARTESIAN_POINT('',(0.00683023502551805,-0.00339202629796394,-0.0234));
#12666=CARTESIAN_POINT('',(0.00616176432256907,-0.00338022643437588,-0.0234));
#12667=CARTESIAN_POINT('',(0.00675559694157831,-0.00307461522925223,-0.0234));
#12668=CARTESIAN_POINT('',(0.00606548871290341,-0.00343631001034326,-0.0234000000000001));
#12669=CARTESIAN_POINT('',(0.00655957236525258,-0.00283396717213691,-0.0234));
#12670=CARTESIAN_POINT('',(0.0060306050897124,-0.0034796378074231,-0.0234000000000001));
#12671=CARTESIAN_POINT('',(0.006285432539108,-0.0026847663462238,-0.0234000000000001));
#12672=CARTESIAN_POINT('',(0.00597517740072064,-0.00362627191908382,-0.0234000000000001));
#12673=CARTESIAN_POINT('',(0.0059770765713741,-0.00263502082028329,-0.0234));
#12674=CARTESIAN_POINT('',(0.00562513542824187,-0.00263502082028329,-0.0234));
#12675=CARTESIAN_POINT('',(0.00527319428510964,-0.00263502082028329,-0.0234));
#12676=CARTESIAN_POINT('',(0.00527319428510964,-0.00385844791859805,-0.0234));
#12677=CARTESIAN_POINT('',(0.00527319428510964,-0.00508187501691282,-0.0234));
#12678=CARTESIAN_POINT('',(0.00547240625292034,-0.00508187501691282,-0.0234));
#12679=CARTESIAN_POINT('',(0.00567161822073103,-0.00508187501691282,-0.0234));
#12680=CARTESIAN_POINT('',(0.00567161822073103,-0.00464015568028723,-0.0234));
#12681=CARTESIAN_POINT('',(0.00567161822073103,-0.00419843634366164,-0.0234));
#12682=CARTESIAN_POINT('',(0.00578151682297327,-0.00419843634366164,-0.0234));
#12683=CARTESIAN_POINT('',(0.00597202986818957,-0.00419843634366164,-0.0234));
#12684=CARTESIAN_POINT('',(0.00600055562400134,-0.00419789113196027,-0.0234000000073502));
#12685=CARTESIAN_POINT('',(0.00602329374790619,-0.00419684264791916,-0.0234));
#12686=CARTESIAN_POINT('',(0.00603758109043969,-0.00419579416387806,-0.0234000000073502));
#12687=CARTESIAN_POINT('',(0.00471168215184055,-0.00379045023358533,0.));
#12688=CARTESIAN_POINT('',(0.00471168215184055,-0.00379045023358533,0.0016));
#12689=CARTESIAN_POINT('',(0.00471168215184055,-0.00399161005174796,0.));
#12690=CARTESIAN_POINT('',(0.00471168215184055,-0.00399161005174796,0.0016));
#12691=CARTESIAN_POINT('',(0.00469007872066464,-0.00416364065328405,0.));
#12692=CARTESIAN_POINT('',(0.00469007872066464,-0.00416364065328405,0.0016));
#12693=CARTESIAN_POINT('',(0.00464687185831281,-0.00430654203819358,0.));
#12694=CARTESIAN_POINT('',(0.00464687185831281,-0.00430654203819358,0.0016));
#12695=CARTESIAN_POINT('',(0.00464687185831281,-0.00430654203819358,-0.0234));
#12696=CARTESIAN_POINT('',(0.00471168215184055,-0.00379045023358533,-0.0234));
#12697=CARTESIAN_POINT('',(0.00348791559629373,-0.00378964041924854,-0.0234000000000001));
#12698=CARTESIAN_POINT('',(0.00463518475620125,-0.00336360539055629,-0.0234));
#12699=CARTESIAN_POINT('',(0.00362895415042553,-0.00373412593201417,-0.0234));
#12700=CARTESIAN_POINT('',(0.00440436448949791,-0.00299333674638547,-0.0234));
#12701=CARTESIAN_POINT('',(0.00360017615339497,-0.00377673174780959,-0.0234));
#12702=CARTESIAN_POINT('',(0.0040160339602456,-0.00273276749248907,-0.0234));
#12703=CARTESIAN_POINT('',(0.00347338055992926,-0.00263502082028329,0.));
#12704=CARTESIAN_POINT('',(0.00347338055992926,-0.00263502082028329,0.0016));
#12705=CARTESIAN_POINT('',(0.00367914438801462,-0.00263502082028329,0.));
#12706=CARTESIAN_POINT('',(0.00367914438801462,-0.00263502082028329,0.0016));
#12707=CARTESIAN_POINT('',(0.00386002885478673,-0.00266760304435189,0.));
#12708=CARTESIAN_POINT('',(0.00386002885478673,-0.00266760304435189,0.0016));
#12709=CARTESIAN_POINT('',(0.0040160339602456,-0.00273276749248907,0.));
#12710=CARTESIAN_POINT('',(0.0040160339602456,-0.00273276749248907,0.0016));
#12711=CARTESIAN_POINT('',(0.00347338055992926,-0.00263502082028329,-0.0234));
#12712=CARTESIAN_POINT('',(0.00310470561150093,-0.00263502082028329,-0.0234));
#12713=CARTESIAN_POINT('',(0.0027360306630726,-0.00263502082028329,-0.0234));
#12714=CARTESIAN_POINT('',(0.0027360306630726,-0.00385844791859805,-0.0234));
#12715=CARTESIAN_POINT('',(0.0027360306630726,-0.00508187501691282,-0.0234));
#12716=CARTESIAN_POINT('',(0.00319926489222174,-0.00508187501691282,-0.0234));
#12717=CARTESIAN_POINT('',(0.00366249912137088,-0.00508187501691282,-0.0234));
#12718=CARTESIAN_POINT('',(0.00361607514981224,-0.00369278647936118,-0.0234));
#12719=CARTESIAN_POINT('',(0.00380513489032334,-0.00507018791480126,-0.0234));
#12720=CARTESIAN_POINT('',(0.00366788910477652,-0.00407885942145481,-0.0234000000000002));
#12721=CARTESIAN_POINT('',(0.00401762765598809,-0.00501706472338507,-0.0234));
#12722=CARTESIAN_POINT('',(0.00362754008592581,-0.00397371241565309,-0.0234000000000001));
#12723=CARTESIAN_POINT('',(0.00425827571310341,-0.00489249083951412,-0.0234));
#12724=CARTESIAN_POINT('',(0.00377554689217098,-0.0041954211823548,-0.0234000000000001));
#12725=CARTESIAN_POINT('',(0.00448245558087971,-0.00466512358025284,-0.0234));
#12726=CARTESIAN_POINT('',(0.00340479415121647,-0.00395861111392848,-0.0234000000000001));
#12727=CARTESIAN_POINT('',(0.0112227261077654,-0.00326399940665094,-0.0234));
#12728=CARTESIAN_POINT('',(0.010830942571071,-0.00389297799301858,-0.0234));
#12729=CARTESIAN_POINT('',(0.0116145096444598,-0.00263502082028329,-0.0234));
#12730=CARTESIAN_POINT('',(0.0113871423851985,-0.00263502082028329,-0.0234));
#12731=CARTESIAN_POINT('',(0.0111597751259372,-0.00263502082028329,-0.0234));
#12732=CARTESIAN_POINT('',(0.0107945531849509,-0.00324753121731192,-0.0234));
#12733=CARTESIAN_POINT('',(0.0104293312439646,-0.00386004161434054,-0.0234));
#12734=CARTESIAN_POINT('',(0.0104293312439646,-0.00324753121731192,-0.0234));
#12735=CARTESIAN_POINT('',(0.0104293312439646,-0.00263502082028329,-0.0234));
#12736=CARTESIAN_POINT('',(0.0102266662687119,-0.00263502082028329,-0.0234));
#12737=CARTESIAN_POINT('',(0.0100240012934591,-0.00263502082028329,-0.0234));
#12738=CARTESIAN_POINT('',(0.0100240012934591,-0.00385844791859805,-0.0234));
#12739=CARTESIAN_POINT('',(0.0100240012934591,-0.00508187501691282,-0.0234));
#12740=CARTESIAN_POINT('',(0.0102266662687119,-0.00508187501691282,-0.0234));
#12741=CARTESIAN_POINT('',(0.0104293312439646,-0.00508187501691282,-0.0234));
#12742=CARTESIAN_POINT('',(0.0104293312439646,-0.00450070730281974,-0.0234));
#12743=CARTESIAN_POINT('',(0.0104293312439646,-0.00391953958872667,-0.0234));
#12744=CARTESIAN_POINT('',(0.010824302172144,-0.00450070730281975,-0.0234));
#12745=CARTESIAN_POINT('',(0.0112192731003233,-0.00508187501691282,-0.0234));
#12746=CARTESIAN_POINT('',(0.0114500933670267,-0.00508187501691282,-0.0234));
#12747=CARTESIAN_POINT('',(0.01168091363373,-0.00508187501691282,-0.0234));
#12748=CARTESIAN_POINT('',(0.0112559281024005,-0.0044874265049657,-0.0234));
#12749=CARTESIAN_POINT('',(0.,0.,0.));
#12750=CARTESIAN_POINT('',(0.017205,-0.008225,-2.E-5));
#12751=CARTESIAN_POINT('',(0.017205,-0.008225,-0.00202));
#12752=CARTESIAN_POINT('',(0.01708,-0.0081,-0.00202));
#12753=CARTESIAN_POINT('',(0.01733,-0.00835,-0.00202));
#12754=CARTESIAN_POINT('',(0.01733,-0.00835,-2.E-5));
#12755=CARTESIAN_POINT('',(0.01733,-0.00835,-2.E-5));
#12756=CARTESIAN_POINT('',(0.017205,-0.008225,-2.E-5));
#12757=CARTESIAN_POINT('',(0.01708,-0.0081,-2.E-5));
#12758=CARTESIAN_POINT('',(0.01708,-0.0081,-2.E-5));
#12759=CARTESIAN_POINT('',(0.01708,-0.00708,-2.E-5));
#12760=CARTESIAN_POINT('',(0.01708,-0.00708,-0.00202));
#12761=CARTESIAN_POINT('',(0.01708,-0.00606,-0.00202));
#12762=CARTESIAN_POINT('',(0.01708,-0.00708,-2.E-5));
#12763=CARTESIAN_POINT('',(0.01708,-0.00606,-2.E-5));
#12764=CARTESIAN_POINT('',(0.01708,-0.00606,-2.E-5));
#12765=CARTESIAN_POINT('',(0.017205,-0.005935,-2.E-5));
#12766=CARTESIAN_POINT('',(0.017205,-0.005935,-0.00202));
#12767=CARTESIAN_POINT('',(0.01733,-0.00581,-0.00202));
#12768=CARTESIAN_POINT('',(0.017205,-0.005935,-2.E-5));
#12769=CARTESIAN_POINT('',(0.01733,-0.00581,-2.E-5));
#12770=CARTESIAN_POINT('',(0.01733,-0.00581,-2.E-5));
#12771=CARTESIAN_POINT('',(0.01835,-0.00581,-2.E-5));
#12772=CARTESIAN_POINT('',(0.01835,-0.00581,-0.00202));
#12773=CARTESIAN_POINT('',(0.01937,-0.00581,-0.00202));
#12774=CARTESIAN_POINT('',(0.01835,-0.00581,-2.E-5));
#12775=CARTESIAN_POINT('',(0.01937,-0.00581,-2.E-5));
#12776=CARTESIAN_POINT('',(0.01937,-0.00581,-2.E-5));
#12777=CARTESIAN_POINT('',(0.019495,-0.005935,-2.E-5));
#12778=CARTESIAN_POINT('',(0.019495,-0.005935,-0.00202));
#12779=CARTESIAN_POINT('',(0.01962,-0.00606,-0.00202));
#12780=CARTESIAN_POINT('',(0.019495,-0.005935,-2.E-5));
#12781=CARTESIAN_POINT('',(0.01962,-0.00606,-2.E-5));
#12782=CARTESIAN_POINT('',(0.01962,-0.00606,-2.E-5));
#12783=CARTESIAN_POINT('',(0.01962,-0.00708,-2.E-5));
#12784=CARTESIAN_POINT('',(0.01962,-0.00708,-0.00202));
#12785=CARTESIAN_POINT('',(0.01962,-0.0081,-0.00202));
#12786=CARTESIAN_POINT('',(0.01962,-0.00708,-2.E-5));
#12787=CARTESIAN_POINT('',(0.01962,-0.0081,-2.E-5));
#12788=CARTESIAN_POINT('',(0.01962,-0.0081,-2.E-5));
#12789=CARTESIAN_POINT('',(0.019495,-0.008225,-2.E-5));
#12790=CARTESIAN_POINT('',(0.019495,-0.008225,-0.00202));
#12791=CARTESIAN_POINT('',(0.01937,-0.00835,-0.00202));
#12792=CARTESIAN_POINT('',(0.019495,-0.008225,-2.E-5));
#12793=CARTESIAN_POINT('',(0.01937,-0.00835,-2.E-5));
#12794=CARTESIAN_POINT('',(0.01937,-0.00835,-2.E-5));
#12795=CARTESIAN_POINT('',(0.01835,-0.00835,-2.E-5));
#12796=CARTESIAN_POINT('',(0.01835,-0.00835,-0.00202));
#12797=CARTESIAN_POINT('',(0.01835,-0.00835,-2.E-5));
#12798=CARTESIAN_POINT('',(0.01835,-0.00708,-2.E-5));
#12799=CARTESIAN_POINT('',(0.01835,-0.00708,-0.00202));
#12800=CARTESIAN_POINT('',(0.,0.,0.));
#12801=CARTESIAN_POINT('',(0.0011534497182717,-0.000706929621886723,0.001725));
#12802=CARTESIAN_POINT('',(0.0011534497182717,-0.000706929621886723,0.0016));
#12803=CARTESIAN_POINT('',(0.000653449718271696,-0.000706929621886723,0.0016));
#12804=CARTESIAN_POINT('',(0.00165344971827169,-0.000706929621886723,0.0016));
#12805=CARTESIAN_POINT('',(0.000653449718271696,-0.000706929621886723,0.001725));
#12806=CARTESIAN_POINT('',(0.000653449718271696,-0.000706929621886723,0.001725));
#12807=CARTESIAN_POINT('',(0.0011534497182717,-0.000706929621886723,0.001725));
#12808=CARTESIAN_POINT('',(0.00165344971827169,-0.000706929621886723,0.001725));
#12809=CARTESIAN_POINT('',(0.00165344971827169,-0.000706929621886723,0.001725));
#12810=CARTESIAN_POINT('',(0.000653449718271696,-0.00130692962188672,0.001725));
#12811=CARTESIAN_POINT('',(0.000653449718271696,-0.00130692962188672,0.0016));
#12812=CARTESIAN_POINT('',(0.000653449718271696,-0.00190692962188672,0.0016));
#12813=CARTESIAN_POINT('',(0.000653449718271696,-0.00190692962188672,0.001725));
#12814=CARTESIAN_POINT('',(0.000653449718271696,-0.00190692962188672,0.001725));
#12815=CARTESIAN_POINT('',(0.000653449718271696,-0.00130692962188672,0.001725));
#12816=CARTESIAN_POINT('',(0.0011534497182717,-0.00190692962188672,0.001725));
#12817=CARTESIAN_POINT('',(0.0011534497182717,-0.00190692962188672,0.0016));
#12818=CARTESIAN_POINT('',(0.00165344971827169,-0.00190692962188672,0.0016));
#12819=CARTESIAN_POINT('',(0.00165344971827169,-0.00190692962188672,0.001725));
#12820=CARTESIAN_POINT('',(0.00165344971827169,-0.00190692962188672,0.001725));
#12821=CARTESIAN_POINT('',(0.0011534497182717,-0.00190692962188672,0.001725));
#12822=CARTESIAN_POINT('',(0.00165344971827169,-0.00130692962188672,0.001725));
#12823=CARTESIAN_POINT('',(0.00165344971827169,-0.00130692962188672,0.0016));
#12824=CARTESIAN_POINT('',(0.00165344971827169,-0.00130692962188672,0.001725));
#12825=CARTESIAN_POINT('',(0.0098,-0.00705,0.001725));
#12826=CARTESIAN_POINT('',(0.0098,-0.00705,0.0016));
#12827=CARTESIAN_POINT('',(0.,0.,0.));
#12828=CARTESIAN_POINT('',(0.0098,-0.00705,0.));
#12829=CARTESIAN_POINT('',(0.00352969114283042,-0.0047896974641238,0.));
#12830=CARTESIAN_POINT('',(0.00393448986142176,-0.0047896974641238,0.));
#12831=CARTESIAN_POINT('',(0.00411378063245138,-0.00453072190596989,0.));
#12832=CARTESIAN_POINT('',(0.00352969114283042,-0.0047896974641238,0.));
#12833=CARTESIAN_POINT('',(0.00411378063245138,-0.00453072190596989,0.));
#12834=CARTESIAN_POINT('',(0.0098,-0.0047896974641238,0.));
#12835=CARTESIAN_POINT('',(0.00313445459869399,-0.0047896974641238,0.));
#12836=CARTESIAN_POINT('',(0.00313445459869399,-0.00705,0.));
#12837=CARTESIAN_POINT('',(0.00313445459869399,-0.00293676054752723,0.));
#12838=CARTESIAN_POINT('',(0.0098,-0.00293676054752723,0.));
#12839=CARTESIAN_POINT('',(0.00336713417709689,-0.00293676054752723,0.));
#12840=CARTESIAN_POINT('',(0.00383169648603144,-0.00301166424742405,0.));
#12841=CARTESIAN_POINT('',(0.0036524057150018,-0.00293676054752723,0.));
#12842=CARTESIAN_POINT('',(0.00336713417709689,-0.00293676054752723,0.));
#12843=CARTESIAN_POINT('',(0.00383169648603144,-0.00301166424742405,0.));
#12844=CARTESIAN_POINT('',(0.00356098962600869,-0.00371269859160146,0.));
#12845=CARTESIAN_POINT('',(0.00411582164813929,-0.00320752139791888,0.));
#12846=CARTESIAN_POINT('',(0.00363438247103772,-0.00363133280636036,0.));
#12847=CARTESIAN_POINT('',(0.00425672060156789,-0.00347807635155174,0.));
#12848=CARTESIAN_POINT('',(0.00302156063824806,-0.00378015999157539,0.));
#12849=CARTESIAN_POINT('',(0.00429307206316781,-0.00378035682731838,0.));
#12850=CARTESIAN_POINT('',(0.00411378063245138,-0.00453072190596989,0.));
#12851=CARTESIAN_POINT('',(0.00429307140348101,-0.00427174634781598,0.));
#12852=CARTESIAN_POINT('',(0.00429307140348101,-0.00378035682721626,0.));
#12853=CARTESIAN_POINT('',(0.00411378063245138,-0.00453072190596989,0.));
#12854=CARTESIAN_POINT('',(0.00411378063245138,-0.00453072190596989,0.0016));
#12855=CARTESIAN_POINT('',(0.0042333078131378,-0.00435807153386728,0.));
#12856=CARTESIAN_POINT('',(0.0042333078131378,-0.00435807153386728,0.0016));
#12857=CARTESIAN_POINT('',(0.00429307140348101,-0.00410794984094941,0.));
#12858=CARTESIAN_POINT('',(0.00429307140348101,-0.00410794984094941,0.0016));
#12859=CARTESIAN_POINT('',(0.00429307140348101,-0.00378035682721626,0.));
#12860=CARTESIAN_POINT('',(0.00429307140348101,-0.00378035682721626,0.0016));
#12861=CARTESIAN_POINT('',(0.00429307140348101,-0.00378035682721626,-0.0234));
#12862=CARTESIAN_POINT('',(0.00429307206316781,-0.00378035682731838,0.0016));
#12863=CARTESIAN_POINT('',(0.00411378063245138,-0.00453072190596989,0.0016));
#12864=CARTESIAN_POINT('',(0.00429307140348101,-0.00427174634781598,0.0016));
#12865=CARTESIAN_POINT('',(0.00429307140348101,-0.00378035682721626,0.0016));
#12866=CARTESIAN_POINT('',(0.00411378063245138,-0.00453072190596989,0.0016));
#12867=CARTESIAN_POINT('',(0.00411378063245138,-0.00453072190596989,-0.0234));
#12868=CARTESIAN_POINT('',(0.00302156063824806,-0.00378015999157539,-0.0234000000000002));
#12869=CARTESIAN_POINT('',(0.00425668201736092,-0.00347808586805816,-0.0234));
#12870=CARTESIAN_POINT('',(0.00425672060156789,-0.00347807635155174,0.0016));
#12871=CARTESIAN_POINT('',(0.00302156063824806,-0.00378015999157539,0.0016));
#12872=CARTESIAN_POINT('',(0.00363438247103772,-0.00363133280636036,-0.0234));
#12873=CARTESIAN_POINT('',(0.00411563994415094,-0.00320768882374977,-0.0234));
#12874=CARTESIAN_POINT('',(0.00411582164813929,-0.00320752139791888,0.0016));
#12875=CARTESIAN_POINT('',(0.00363438247103772,-0.00363133280636036,0.0016));
#12876=CARTESIAN_POINT('',(0.00356098962600869,-0.00371269859160146,-0.0234));
#12877=CARTESIAN_POINT('',(0.00383169648603144,-0.00301166424742405,-0.0234));
#12878=CARTESIAN_POINT('',(0.00383169648603144,-0.00301166424742405,0.0016));
#12879=CARTESIAN_POINT('',(0.00356098962600869,-0.00371269859160146,0.0016));
#12880=CARTESIAN_POINT('',(0.00383169648603144,-0.00301166424742405,0.));
#12881=CARTESIAN_POINT('',(0.00383169648603144,-0.00301166424742405,0.0016));
#12882=CARTESIAN_POINT('',(0.00371216930534501,-0.00296172844749284,0.));
#12883=CARTESIAN_POINT('',(0.00371216930534501,-0.00296172844749284,0.0016));
#12884=CARTESIAN_POINT('',(0.00355731520236683,-0.00293676054752723,0.));
#12885=CARTESIAN_POINT('',(0.00355731520236683,-0.00293676054752723,0.0016));
#12886=CARTESIAN_POINT('',(0.00336713417709689,-0.00293676054752723,0.));
#12887=CARTESIAN_POINT('',(0.00336713417709689,-0.00293676054752723,0.0016));
#12888=CARTESIAN_POINT('',(0.00336713417709689,-0.00293676054752723,-0.0234));
#12889=CARTESIAN_POINT('',(0.00336713417709689,-0.00293676054752723,0.0016));
#12890=CARTESIAN_POINT('',(0.00383169648603144,-0.00301166424742405,0.0016));
#12891=CARTESIAN_POINT('',(0.0036524057150018,-0.00293676054752723,0.0016));
#12892=CARTESIAN_POINT('',(0.00336713417709689,-0.00293676054752723,0.0016));
#12893=CARTESIAN_POINT('',(0.00325079438789544,-0.00293676054752723,-0.0234));
#12894=CARTESIAN_POINT('',(0.00313445459869399,-0.00293676054752723,-0.0234));
#12895=CARTESIAN_POINT('',(0.00313445459869399,-0.00293676054752723,0.0016));
#12896=CARTESIAN_POINT('',(0.00325079438789544,-0.00293676054752723,0.0016));
#12897=CARTESIAN_POINT('',(0.00313445459869399,-0.00386322900582551,-0.0234));
#12898=CARTESIAN_POINT('',(0.00313445459869399,-0.0047896974641238,-0.0234));
#12899=CARTESIAN_POINT('',(0.00313445459869399,-0.0047896974641238,0.0016));
#12900=CARTESIAN_POINT('',(0.00313445459869399,-0.00386322900582551,0.0016));
#12901=CARTESIAN_POINT('',(0.00333207287076221,-0.0047896974641238,-0.0234));
#12902=CARTESIAN_POINT('',(0.00352969114283042,-0.0047896974641238,-0.0234));
#12903=CARTESIAN_POINT('',(0.00352969114283042,-0.0047896974641238,0.0016));
#12904=CARTESIAN_POINT('',(0.00333207287076221,-0.0047896974641238,0.0016));
#12905=CARTESIAN_POINT('',(0.00352969114283042,-0.0047896974641238,0.));
#12906=CARTESIAN_POINT('',(0.00352969114283042,-0.0047896974641238,0.0016));
#12907=CARTESIAN_POINT('',(0.00379955695522464,-0.0047896974641238,0.));
#12908=CARTESIAN_POINT('',(0.00379955695522464,-0.0047896974641238,0.0016));
#12909=CARTESIAN_POINT('',(0.00399425345176496,-0.0047033722780725,0.));
#12910=CARTESIAN_POINT('',(0.00399425345176496,-0.0047033722780725,0.0016));
#12911=CARTESIAN_POINT('',(0.00411378063245138,-0.00453072190596989,0.));
#12912=CARTESIAN_POINT('',(0.00411378063245138,-0.00453072190596989,0.0016));
#12913=CARTESIAN_POINT('',(0.00352969114283042,-0.0047896974641238,0.0016));
#12914=CARTESIAN_POINT('',(0.00393448986142176,-0.0047896974641238,0.0016));
#12915=CARTESIAN_POINT('',(0.00411378063245138,-0.00453072190596989,0.0016));
#12916=CARTESIAN_POINT('',(0.0098,-0.00705,0.0016));
#12917=CARTESIAN_POINT('',(0.,0.,0.));
#12918=CARTESIAN_POINT('',(0.00984440680533647,-0.00917052985429764,0.004));
#12919=CARTESIAN_POINT('',(0.00984440680533647,-0.00917052985429764,0.0016));
#12920=CARTESIAN_POINT('',(0.00807940680533648,-0.00917052985429764,0.0016));
#12921=CARTESIAN_POINT('',(0.0116094068053365,-0.00917052985429764,0.0016));
#12922=CARTESIAN_POINT('',(0.00807940680533648,-0.00917052985429764,0.004));
#12923=CARTESIAN_POINT('',(0.00807940680533648,-0.00917052985429764,0.004));
#12924=CARTESIAN_POINT('',(0.00984440680533647,-0.00917052985429764,0.004));
#12925=CARTESIAN_POINT('',(0.0116094068053365,-0.00917052985429764,0.004));
#12926=CARTESIAN_POINT('',(0.0116094068053365,-0.00917052985429764,0.004));
#12927=CARTESIAN_POINT('',(0.00807940680533648,-0.00947052985429764,0.004));
#12928=CARTESIAN_POINT('',(0.00807940680533648,-0.00947052985429764,0.0016));
#12929=CARTESIAN_POINT('',(0.00777940680533648,-0.00947052985429764,0.0016));
#12930=CARTESIAN_POINT('',(0.00777940680533648,-0.00947052985429764,0.004));
#12931=CARTESIAN_POINT('',(0.00777940680533648,-0.00947052985429764,0.004));
#12932=CARTESIAN_POINT('',(0.00807940680533648,-0.00947052985429764,0.004));
#12933=CARTESIAN_POINT('',(0.00777940680533648,-0.0109920298542976,0.004));
#12934=CARTESIAN_POINT('',(0.00777940680533648,-0.0109920298542976,0.0016));
#12935=CARTESIAN_POINT('',(0.00777940680533648,-0.0125135298542976,0.0016));
#12936=CARTESIAN_POINT('',(0.00777940680533648,-0.0125135298542976,0.004));
#12937=CARTESIAN_POINT('',(0.00777940680533648,-0.0125135298542976,0.004));
#12938=CARTESIAN_POINT('',(0.00777940680533648,-0.0109920298542976,0.004));
#12939=CARTESIAN_POINT('',(0.00807940680533648,-0.0125135298542976,0.004));
#12940=CARTESIAN_POINT('',(0.00807940680533648,-0.0125135298542976,0.0016));
#12941=CARTESIAN_POINT('',(0.00807940680533648,-0.0128135298542976,0.0016));
#12942=CARTESIAN_POINT('',(0.00807940680533648,-0.0128135298542976,0.004));
#12943=CARTESIAN_POINT('',(0.00807940680533648,-0.0128135298542976,0.004));
#12944=CARTESIAN_POINT('',(0.00807940680533648,-0.0125135298542976,0.004));
#12945=CARTESIAN_POINT('',(0.00984440680533647,-0.0128135298542976,0.004));
#12946=CARTESIAN_POINT('',(0.00984440680533647,-0.0128135298542976,0.0016));
#12947=CARTESIAN_POINT('',(0.0116094068053365,-0.0128135298542976,0.0016));
#12948=CARTESIAN_POINT('',(0.0116094068053365,-0.0128135298542976,0.004));
#12949=CARTESIAN_POINT('',(0.0116094068053365,-0.0128135298542976,0.004));
#12950=CARTESIAN_POINT('',(0.00984440680533647,-0.0128135298542976,0.004));
#12951=CARTESIAN_POINT('',(0.0116094068053365,-0.0125135298542976,0.004));
#12952=CARTESIAN_POINT('',(0.0116094068053365,-0.0125135298542976,0.0016));
#12953=CARTESIAN_POINT('',(0.0119094068053365,-0.0125135298542976,0.0016));
#12954=CARTESIAN_POINT('',(0.0119094068053365,-0.0125135298542976,0.004));
#12955=CARTESIAN_POINT('',(0.0119094068053365,-0.0125135298542976,0.004));
#12956=CARTESIAN_POINT('',(0.0116094068053365,-0.0125135298542976,0.004));
#12957=CARTESIAN_POINT('',(0.0119094068053365,-0.0109920298542976,0.004));
#12958=CARTESIAN_POINT('',(0.0119094068053365,-0.0109920298542976,0.0016));
#12959=CARTESIAN_POINT('',(0.0119094068053365,-0.00947052985429764,0.0016));
#12960=CARTESIAN_POINT('',(0.0119094068053365,-0.00947052985429764,0.004));
#12961=CARTESIAN_POINT('',(0.0119094068053365,-0.00947052985429764,0.004));
#12962=CARTESIAN_POINT('',(0.0119094068053365,-0.0109920298542976,0.004));
#12963=CARTESIAN_POINT('',(0.0116094068053365,-0.00947052985429764,0.004));
#12964=CARTESIAN_POINT('',(0.0116094068053365,-0.00947052985429764,0.0016));
#12965=CARTESIAN_POINT('',(0.0116094068053365,-0.00947052985429764,0.004));
#12966=CARTESIAN_POINT('',(0.0098,-0.00705,0.004));
#12967=CARTESIAN_POINT('',(0.0098,-0.00705,0.0016));
#12968=MECHANICAL_DESIGN_GEOMETRIC_PRESENTATION_REPRESENTATION('',(#7498),
#13017);
#12969=MECHANICAL_DESIGN_GEOMETRIC_PRESENTATION_REPRESENTATION('',(#7499),
#13018);
#12970=MECHANICAL_DESIGN_GEOMETRIC_PRESENTATION_REPRESENTATION('',(#7500),
#13019);
#12971=MECHANICAL_DESIGN_GEOMETRIC_PRESENTATION_REPRESENTATION('',(#7501),
#13020);
#12972=MECHANICAL_DESIGN_GEOMETRIC_PRESENTATION_REPRESENTATION('',(#7502),
#13021);
#12973=MECHANICAL_DESIGN_GEOMETRIC_PRESENTATION_REPRESENTATION('',(#7503),
#13022);
#12974=MECHANICAL_DESIGN_GEOMETRIC_PRESENTATION_REPRESENTATION('',(#7504),
#13023);
#12975=MECHANICAL_DESIGN_GEOMETRIC_PRESENTATION_REPRESENTATION('',(#7505),
#13024);
#12976=MECHANICAL_DESIGN_GEOMETRIC_PRESENTATION_REPRESENTATION('',(#7506),
#13025);
#12977=MECHANICAL_DESIGN_GEOMETRIC_PRESENTATION_REPRESENTATION('',(#7507),
#13026);
#12978=MECHANICAL_DESIGN_GEOMETRIC_PRESENTATION_REPRESENTATION('',(#7508),
#13027);
#12979=MECHANICAL_DESIGN_GEOMETRIC_PRESENTATION_REPRESENTATION('',(#7509),
#13028);
#12980=MECHANICAL_DESIGN_GEOMETRIC_PRESENTATION_REPRESENTATION('',(#7510),
#13029);
#12981=MECHANICAL_DESIGN_GEOMETRIC_PRESENTATION_REPRESENTATION('',(#7511),
#13030);
#12982=MECHANICAL_DESIGN_GEOMETRIC_PRESENTATION_REPRESENTATION('',(#7512),
#13031);
#12983=MECHANICAL_DESIGN_GEOMETRIC_PRESENTATION_REPRESENTATION('',(#7513),
#13032);
#12984=MECHANICAL_DESIGN_GEOMETRIC_PRESENTATION_REPRESENTATION('',(#7514),
#13033);
#12985=MECHANICAL_DESIGN_GEOMETRIC_PRESENTATION_REPRESENTATION('',(#7515),
#13034);
#12986=MECHANICAL_DESIGN_GEOMETRIC_PRESENTATION_REPRESENTATION('',(#7516),
#13035);
#12987=MECHANICAL_DESIGN_GEOMETRIC_PRESENTATION_REPRESENTATION('',(#7517),
#13036);
#12988=MECHANICAL_DESIGN_GEOMETRIC_PRESENTATION_REPRESENTATION('',(#7518),
#13037);
#12989=MECHANICAL_DESIGN_GEOMETRIC_PRESENTATION_REPRESENTATION('',(#7519),
#13038);
#12990=MECHANICAL_DESIGN_GEOMETRIC_PRESENTATION_REPRESENTATION('',(#7520),
#13039);
#12991=MECHANICAL_DESIGN_GEOMETRIC_PRESENTATION_REPRESENTATION('',(#7521),
#13040);
#12992=MECHANICAL_DESIGN_GEOMETRIC_PRESENTATION_REPRESENTATION('',(#7522),
#13041);
#12993=MECHANICAL_DESIGN_GEOMETRIC_PRESENTATION_REPRESENTATION('',(#7523),
#13042);
#12994=MECHANICAL_DESIGN_GEOMETRIC_PRESENTATION_REPRESENTATION('',(#7524),
#13043);
#12995=MECHANICAL_DESIGN_GEOMETRIC_PRESENTATION_REPRESENTATION('',(#7525),
#13044);
#12996=MECHANICAL_DESIGN_GEOMETRIC_PRESENTATION_REPRESENTATION('',(#7526),
#13045);
#12997=MECHANICAL_DESIGN_GEOMETRIC_PRESENTATION_REPRESENTATION('',(#7527),
#13046);
#12998=MECHANICAL_DESIGN_GEOMETRIC_PRESENTATION_REPRESENTATION('',(#7528),
#13047);
#12999=MECHANICAL_DESIGN_GEOMETRIC_PRESENTATION_REPRESENTATION('',(#7529),
#13048);
#13000=MECHANICAL_DESIGN_GEOMETRIC_PRESENTATION_REPRESENTATION('',(#7530),
#13049);
#13001=MECHANICAL_DESIGN_GEOMETRIC_PRESENTATION_REPRESENTATION('',(#7531),
#13050);
#13002=MECHANICAL_DESIGN_GEOMETRIC_PRESENTATION_REPRESENTATION('',(#7532),
#13051);
#13003=MECHANICAL_DESIGN_GEOMETRIC_PRESENTATION_REPRESENTATION('',(#7533),
#13052);
#13004=MECHANICAL_DESIGN_GEOMETRIC_PRESENTATION_REPRESENTATION('',(#7534),
#13053);
#13005=MECHANICAL_DESIGN_GEOMETRIC_PRESENTATION_REPRESENTATION('',(#7535),
#13054);
#13006=MECHANICAL_DESIGN_GEOMETRIC_PRESENTATION_REPRESENTATION('',(#7536),
#13055);
#13007=MECHANICAL_DESIGN_GEOMETRIC_PRESENTATION_REPRESENTATION('',(#7537),
#13056);
#13008=MECHANICAL_DESIGN_GEOMETRIC_PRESENTATION_REPRESENTATION('',(#7538),
#13057);
#13009=MECHANICAL_DESIGN_GEOMETRIC_PRESENTATION_REPRESENTATION('',(#7539),
#13058);
#13010=MECHANICAL_DESIGN_GEOMETRIC_PRESENTATION_REPRESENTATION('',(#7540),
#13059);
#13011=MECHANICAL_DESIGN_GEOMETRIC_PRESENTATION_REPRESENTATION('',(#7541),
#13060);
#13012=MECHANICAL_DESIGN_GEOMETRIC_PRESENTATION_REPRESENTATION('',(#7542),
#13061);
#13013=MECHANICAL_DESIGN_GEOMETRIC_PRESENTATION_REPRESENTATION('',(#7543),
#13062);
#13014=MECHANICAL_DESIGN_GEOMETRIC_PRESENTATION_REPRESENTATION('',(#7544),
#13063);
#13015=MECHANICAL_DESIGN_GEOMETRIC_PRESENTATION_REPRESENTATION('',(#7545),
#13064);
#13016=MECHANICAL_DESIGN_GEOMETRIC_PRESENTATION_REPRESENTATION('',(#7546),
#13065);
#13017=(
GEOMETRIC_REPRESENTATION_CONTEXT(3)
GLOBAL_UNCERTAINTY_ASSIGNED_CONTEXT((#13066))
GLOBAL_UNIT_ASSIGNED_CONTEXT((#13213,#13164,#13115))
REPRESENTATION_CONTEXT('Part 48','TOP_LEVEL_ASSEMBLY_PART')
);
#13018=(
GEOMETRIC_REPRESENTATION_CONTEXT(3)
GLOBAL_UNCERTAINTY_ASSIGNED_CONTEXT((#13067))
GLOBAL_UNIT_ASSIGNED_CONTEXT((#13214,#13165,#13116))
REPRESENTATION_CONTEXT('Part 49','TOP_LEVEL_ASSEMBLY_PART')
);
#13019=(
GEOMETRIC_REPRESENTATION_CONTEXT(3)
GLOBAL_UNCERTAINTY_ASSIGNED_CONTEXT((#13068))
GLOBAL_UNIT_ASSIGNED_CONTEXT((#13215,#13166,#13117))
REPRESENTATION_CONTEXT('Part 3','TOP_LEVEL_ASSEMBLY_PART')
);
#13020=(
GEOMETRIC_REPRESENTATION_CONTEXT(3)
GLOBAL_UNCERTAINTY_ASSIGNED_CONTEXT((#13069))
GLOBAL_UNIT_ASSIGNED_CONTEXT((#13216,#13167,#13118))
REPRESENTATION_CONTEXT('Part 2','TOP_LEVEL_ASSEMBLY_PART')
);
#13021=(
GEOMETRIC_REPRESENTATION_CONTEXT(3)
GLOBAL_UNCERTAINTY_ASSIGNED_CONTEXT((#13070))
GLOBAL_UNIT_ASSIGNED_CONTEXT((#13217,#13168,#13119))
REPRESENTATION_CONTEXT('Part 1','TOP_LEVEL_ASSEMBLY_PART')
);
#13022=(
GEOMETRIC_REPRESENTATION_CONTEXT(3)
GLOBAL_UNCERTAINTY_ASSIGNED_CONTEXT((#13071))
GLOBAL_UNIT_ASSIGNED_CONTEXT((#13218,#13169,#13120))
REPRESENTATION_CONTEXT('Part 23','TOP_LEVEL_ASSEMBLY_PART')
);
#13023=(
GEOMETRIC_REPRESENTATION_CONTEXT(3)
GLOBAL_UNCERTAINTY_ASSIGNED_CONTEXT((#13072))
GLOBAL_UNIT_ASSIGNED_CONTEXT((#13219,#13170,#13121))
REPRESENTATION_CONTEXT('Part 24','TOP_LEVEL_ASSEMBLY_PART')
);
#13024=(
GEOMETRIC_REPRESENTATION_CONTEXT(3)
GLOBAL_UNCERTAINTY_ASSIGNED_CONTEXT((#13073))
GLOBAL_UNIT_ASSIGNED_CONTEXT((#13220,#13171,#13122))
REPRESENTATION_CONTEXT('Part 29','TOP_LEVEL_ASSEMBLY_PART')
);
#13025=(
GEOMETRIC_REPRESENTATION_CONTEXT(3)
GLOBAL_UNCERTAINTY_ASSIGNED_CONTEXT((#13074))
GLOBAL_UNIT_ASSIGNED_CONTEXT((#13221,#13172,#13123))
REPRESENTATION_CONTEXT('Part 6','TOP_LEVEL_ASSEMBLY_PART')
);
#13026=(
GEOMETRIC_REPRESENTATION_CONTEXT(3)
GLOBAL_UNCERTAINTY_ASSIGNED_CONTEXT((#13075))
GLOBAL_UNIT_ASSIGNED_CONTEXT((#13222,#13173,#13124))
REPRESENTATION_CONTEXT('Part 30','TOP_LEVEL_ASSEMBLY_PART')
);
#13027=(
GEOMETRIC_REPRESENTATION_CONTEXT(3)
GLOBAL_UNCERTAINTY_ASSIGNED_CONTEXT((#13076))
GLOBAL_UNIT_ASSIGNED_CONTEXT((#13223,#13174,#13125))
REPRESENTATION_CONTEXT('Part 7','TOP_LEVEL_ASSEMBLY_PART')
);
#13028=(
GEOMETRIC_REPRESENTATION_CONTEXT(3)
GLOBAL_UNCERTAINTY_ASSIGNED_CONTEXT((#13077))
GLOBAL_UNIT_ASSIGNED_CONTEXT((#13224,#13175,#13126))
REPRESENTATION_CONTEXT('Part 8','TOP_LEVEL_ASSEMBLY_PART')
);
#13029=(
GEOMETRIC_REPRESENTATION_CONTEXT(3)
GLOBAL_UNCERTAINTY_ASSIGNED_CONTEXT((#13078))
GLOBAL_UNIT_ASSIGNED_CONTEXT((#13225,#13176,#13127))
REPRESENTATION_CONTEXT('Part 9','TOP_LEVEL_ASSEMBLY_PART')
);
#13030=(
GEOMETRIC_REPRESENTATION_CONTEXT(3)
GLOBAL_UNCERTAINTY_ASSIGNED_CONTEXT((#13079))
GLOBAL_UNIT_ASSIGNED_CONTEXT((#13226,#13177,#13128))
REPRESENTATION_CONTEXT('Part 44','TOP_LEVEL_ASSEMBLY_PART')
);
#13031=(
GEOMETRIC_REPRESENTATION_CONTEXT(3)
GLOBAL_UNCERTAINTY_ASSIGNED_CONTEXT((#13080))
GLOBAL_UNIT_ASSIGNED_CONTEXT((#13227,#13178,#13129))
REPRESENTATION_CONTEXT('Part 10','TOP_LEVEL_ASSEMBLY_PART')
);
#13032=(
GEOMETRIC_REPRESENTATION_CONTEXT(3)
GLOBAL_UNCERTAINTY_ASSIGNED_CONTEXT((#13081))
GLOBAL_UNIT_ASSIGNED_CONTEXT((#13228,#13179,#13130))
REPRESENTATION_CONTEXT('Part 45','TOP_LEVEL_ASSEMBLY_PART')
);
#13033=(
GEOMETRIC_REPRESENTATION_CONTEXT(3)
GLOBAL_UNCERTAINTY_ASSIGNED_CONTEXT((#13082))
GLOBAL_UNIT_ASSIGNED_CONTEXT((#13229,#13180,#13131))
REPRESENTATION_CONTEXT('Part 25','TOP_LEVEL_ASSEMBLY_PART')
);
#13034=(
GEOMETRIC_REPRESENTATION_CONTEXT(3)
GLOBAL_UNCERTAINTY_ASSIGNED_CONTEXT((#13083))
GLOBAL_UNIT_ASSIGNED_CONTEXT((#13230,#13181,#13132))
REPRESENTATION_CONTEXT('Cap1','TOP_LEVEL_ASSEMBLY_PART')
);
#13035=(
GEOMETRIC_REPRESENTATION_CONTEXT(3)
GLOBAL_UNCERTAINTY_ASSIGNED_CONTEXT((#13084))
GLOBAL_UNIT_ASSIGNED_CONTEXT((#13231,#13182,#13133))
REPRESENTATION_CONTEXT('Part 26','TOP_LEVEL_ASSEMBLY_PART')
);
#13036=(
GEOMETRIC_REPRESENTATION_CONTEXT(3)
GLOBAL_UNCERTAINTY_ASSIGNED_CONTEXT((#13085))
GLOBAL_UNIT_ASSIGNED_CONTEXT((#13232,#13183,#13134))
REPRESENTATION_CONTEXT('Part 31','TOP_LEVEL_ASSEMBLY_PART')
);
#13037=(
GEOMETRIC_REPRESENTATION_CONTEXT(3)
GLOBAL_UNCERTAINTY_ASSIGNED_CONTEXT((#13086))
GLOBAL_UNIT_ASSIGNED_CONTEXT((#13233,#13184,#13135))
REPRESENTATION_CONTEXT('Part 27','TOP_LEVEL_ASSEMBLY_PART')
);
#13038=(
GEOMETRIC_REPRESENTATION_CONTEXT(3)
GLOBAL_UNCERTAINTY_ASSIGNED_CONTEXT((#13087))
GLOBAL_UNIT_ASSIGNED_CONTEXT((#13234,#13185,#13136))
REPRESENTATION_CONTEXT('Part 32','TOP_LEVEL_ASSEMBLY_PART')
);
#13039=(
GEOMETRIC_REPRESENTATION_CONTEXT(3)
GLOBAL_UNCERTAINTY_ASSIGNED_CONTEXT((#13088))
GLOBAL_UNIT_ASSIGNED_CONTEXT((#13235,#13186,#13137))
REPRESENTATION_CONTEXT('Part 4','TOP_LEVEL_ASSEMBLY_PART')
);
#13040=(
GEOMETRIC_REPRESENTATION_CONTEXT(3)
GLOBAL_UNCERTAINTY_ASSIGNED_CONTEXT((#13089))
GLOBAL_UNIT_ASSIGNED_CONTEXT((#13236,#13187,#13138))
REPRESENTATION_CONTEXT('Part 33','TOP_LEVEL_ASSEMBLY_PART')
);
#13041=(
GEOMETRIC_REPRESENTATION_CONTEXT(3)
GLOBAL_UNCERTAINTY_ASSIGNED_CONTEXT((#13090))
GLOBAL_UNIT_ASSIGNED_CONTEXT((#13237,#13188,#13139))
REPRESENTATION_CONTEXT('Part 34','TOP_LEVEL_ASSEMBLY_PART')
);
#13042=(
GEOMETRIC_REPRESENTATION_CONTEXT(3)
GLOBAL_UNCERTAINTY_ASSIGNED_CONTEXT((#13091))
GLOBAL_UNIT_ASSIGNED_CONTEXT((#13238,#13189,#13140))
REPRESENTATION_CONTEXT('Part 35','TOP_LEVEL_ASSEMBLY_PART')
);
#13043=(
GEOMETRIC_REPRESENTATION_CONTEXT(3)
GLOBAL_UNCERTAINTY_ASSIGNED_CONTEXT((#13092))
GLOBAL_UNIT_ASSIGNED_CONTEXT((#13239,#13190,#13141))
REPRESENTATION_CONTEXT('Part 36','TOP_LEVEL_ASSEMBLY_PART')
);
#13044=(
GEOMETRIC_REPRESENTATION_CONTEXT(3)
GLOBAL_UNCERTAINTY_ASSIGNED_CONTEXT((#13093))
GLOBAL_UNIT_ASSIGNED_CONTEXT((#13240,#13191,#13142))
REPRESENTATION_CONTEXT('Part 37','TOP_LEVEL_ASSEMBLY_PART')
);
#13045=(
GEOMETRIC_REPRESENTATION_CONTEXT(3)
GLOBAL_UNCERTAINTY_ASSIGNED_CONTEXT((#13094))
GLOBAL_UNIT_ASSIGNED_CONTEXT((#13241,#13192,#13143))
REPRESENTATION_CONTEXT('Part 38','TOP_LEVEL_ASSEMBLY_PART')
);
#13046=(
GEOMETRIC_REPRESENTATION_CONTEXT(3)
GLOBAL_UNCERTAINTY_ASSIGNED_CONTEXT((#13095))
GLOBAL_UNIT_ASSIGNED_CONTEXT((#13242,#13193,#13144))
REPRESENTATION_CONTEXT('Part 1','TOP_LEVEL_ASSEMBLY_PART')
);
#13047=(
GEOMETRIC_REPRESENTATION_CONTEXT(3)
GLOBAL_UNCERTAINTY_ASSIGNED_CONTEXT((#13096))
GLOBAL_UNIT_ASSIGNED_CONTEXT((#13243,#13194,#13145))
REPRESENTATION_CONTEXT('Part 39','TOP_LEVEL_ASSEMBLY_PART')
);
#13048=(
GEOMETRIC_REPRESENTATION_CONTEXT(3)
GLOBAL_UNCERTAINTY_ASSIGNED_CONTEXT((#13097))
GLOBAL_UNIT_ASSIGNED_CONTEXT((#13244,#13195,#13146))
REPRESENTATION_CONTEXT('Part 2','TOP_LEVEL_ASSEMBLY_PART')
);
#13049=(
GEOMETRIC_REPRESENTATION_CONTEXT(3)
GLOBAL_UNCERTAINTY_ASSIGNED_CONTEXT((#13098))
GLOBAL_UNIT_ASSIGNED_CONTEXT((#13245,#13196,#13147))
REPRESENTATION_CONTEXT('Part 40','TOP_LEVEL_ASSEMBLY_PART')
);
#13050=(
GEOMETRIC_REPRESENTATION_CONTEXT(3)
GLOBAL_UNCERTAINTY_ASSIGNED_CONTEXT((#13099))
GLOBAL_UNIT_ASSIGNED_CONTEXT((#13246,#13197,#13148))
REPRESENTATION_CONTEXT('Part 3','TOP_LEVEL_ASSEMBLY_PART')
);
#13051=(
GEOMETRIC_REPRESENTATION_CONTEXT(3)
GLOBAL_UNCERTAINTY_ASSIGNED_CONTEXT((#13100))
GLOBAL_UNIT_ASSIGNED_CONTEXT((#13247,#13198,#13149))
REPRESENTATION_CONTEXT('Part 10','TOP_LEVEL_ASSEMBLY_PART')
);
#13052=(
GEOMETRIC_REPRESENTATION_CONTEXT(3)
GLOBAL_UNCERTAINTY_ASSIGNED_CONTEXT((#13101))
GLOBAL_UNIT_ASSIGNED_CONTEXT((#13248,#13199,#13150))
REPRESENTATION_CONTEXT('Part 41','TOP_LEVEL_ASSEMBLY_PART')
);
#13053=(
GEOMETRIC_REPRESENTATION_CONTEXT(3)
GLOBAL_UNCERTAINTY_ASSIGNED_CONTEXT((#13102))
GLOBAL_UNIT_ASSIGNED_CONTEXT((#13249,#13200,#13151))
REPRESENTATION_CONTEXT('Part 4','TOP_LEVEL_ASSEMBLY_PART')
);
#13054=(
GEOMETRIC_REPRESENTATION_CONTEXT(3)
GLOBAL_UNCERTAINTY_ASSIGNED_CONTEXT((#13103))
GLOBAL_UNIT_ASSIGNED_CONTEXT((#13250,#13201,#13152))
REPRESENTATION_CONTEXT('Part 9','TOP_LEVEL_ASSEMBLY_PART')
);
#13055=(
GEOMETRIC_REPRESENTATION_CONTEXT(3)
GLOBAL_UNCERTAINTY_ASSIGNED_CONTEXT((#13104))
GLOBAL_UNIT_ASSIGNED_CONTEXT((#13251,#13202,#13153))
REPRESENTATION_CONTEXT('Part 42','TOP_LEVEL_ASSEMBLY_PART')
);
#13056=(
GEOMETRIC_REPRESENTATION_CONTEXT(3)
GLOBAL_UNCERTAINTY_ASSIGNED_CONTEXT((#13105))
GLOBAL_UNIT_ASSIGNED_CONTEXT((#13252,#13203,#13154))
REPRESENTATION_CONTEXT('Part 5','TOP_LEVEL_ASSEMBLY_PART')
);
#13057=(
GEOMETRIC_REPRESENTATION_CONTEXT(3)
GLOBAL_UNCERTAINTY_ASSIGNED_CONTEXT((#13106))
GLOBAL_UNIT_ASSIGNED_CONTEXT((#13253,#13204,#13155))
REPRESENTATION_CONTEXT('Part 8','TOP_LEVEL_ASSEMBLY_PART')
);
#13058=(
GEOMETRIC_REPRESENTATION_CONTEXT(3)
GLOBAL_UNCERTAINTY_ASSIGNED_CONTEXT((#13107))
GLOBAL_UNIT_ASSIGNED_CONTEXT((#13254,#13205,#13156))
REPRESENTATION_CONTEXT('Part 43','TOP_LEVEL_ASSEMBLY_PART')
);
#13059=(
GEOMETRIC_REPRESENTATION_CONTEXT(3)
GLOBAL_UNCERTAINTY_ASSIGNED_CONTEXT((#13108))
GLOBAL_UNIT_ASSIGNED_CONTEXT((#13255,#13206,#13157))
REPRESENTATION_CONTEXT('Part 7','TOP_LEVEL_ASSEMBLY_PART')
);
#13060=(
GEOMETRIC_REPRESENTATION_CONTEXT(3)
GLOBAL_UNCERTAINTY_ASSIGNED_CONTEXT((#13109))
GLOBAL_UNIT_ASSIGNED_CONTEXT((#13256,#13207,#13158))
REPRESENTATION_CONTEXT('Part 6','TOP_LEVEL_ASSEMBLY_PART')
);
#13061=(
GEOMETRIC_REPRESENTATION_CONTEXT(3)
GLOBAL_UNCERTAINTY_ASSIGNED_CONTEXT((#13110))
GLOBAL_UNIT_ASSIGNED_CONTEXT((#13257,#13208,#13159))
REPRESENTATION_CONTEXT('Part 46','TOP_LEVEL_ASSEMBLY_PART')
);
#13062=(
GEOMETRIC_REPRESENTATION_CONTEXT(3)
GLOBAL_UNCERTAINTY_ASSIGNED_CONTEXT((#13111))
GLOBAL_UNIT_ASSIGNED_CONTEXT((#13258,#13209,#13160))
REPRESENTATION_CONTEXT('Part 5','TOP_LEVEL_ASSEMBLY_PART')
);
#13063=(
GEOMETRIC_REPRESENTATION_CONTEXT(3)
GLOBAL_UNCERTAINTY_ASSIGNED_CONTEXT((#13112))
GLOBAL_UNIT_ASSIGNED_CONTEXT((#13259,#13210,#13161))
REPRESENTATION_CONTEXT('Part 28','TOP_LEVEL_ASSEMBLY_PART')
);
#13064=(
GEOMETRIC_REPRESENTATION_CONTEXT(3)
GLOBAL_UNCERTAINTY_ASSIGNED_CONTEXT((#13113))
GLOBAL_UNIT_ASSIGNED_CONTEXT((#13260,#13211,#13162))
REPRESENTATION_CONTEXT('Part 47','TOP_LEVEL_ASSEMBLY_PART')
);
#13065=(
GEOMETRIC_REPRESENTATION_CONTEXT(3)
GLOBAL_UNCERTAINTY_ASSIGNED_CONTEXT((#13114))
GLOBAL_UNIT_ASSIGNED_CONTEXT((#13261,#13212,#13163))
REPRESENTATION_CONTEXT('Part 11','TOP_LEVEL_ASSEMBLY_PART')
);
#13066=UNCERTAINTY_MEASURE_WITH_UNIT(LENGTH_MEASURE(2.E-5),#13213,
'DISTANCE_ACCURACY_VALUE','Maximum Tolerance applied to model');
#13067=UNCERTAINTY_MEASURE_WITH_UNIT(LENGTH_MEASURE(2.E-5),#13214,
'DISTANCE_ACCURACY_VALUE','Maximum Tolerance applied to model');
#13068=UNCERTAINTY_MEASURE_WITH_UNIT(LENGTH_MEASURE(1.E-8),#13215,
'DISTANCE_ACCURACY_VALUE','Maximum Tolerance applied to model');
#13069=UNCERTAINTY_MEASURE_WITH_UNIT(LENGTH_MEASURE(1.E-8),#13216,
'DISTANCE_ACCURACY_VALUE','Maximum Tolerance applied to model');
#13070=UNCERTAINTY_MEASURE_WITH_UNIT(LENGTH_MEASURE(1.E-8),#13217,
'DISTANCE_ACCURACY_VALUE','Maximum Tolerance applied to model');
#13071=UNCERTAINTY_MEASURE_WITH_UNIT(LENGTH_MEASURE(1.E-8),#13218,
'DISTANCE_ACCURACY_VALUE','Maximum Tolerance applied to model');
#13072=UNCERTAINTY_MEASURE_WITH_UNIT(LENGTH_MEASURE(1.E-8),#13219,
'DISTANCE_ACCURACY_VALUE','Maximum Tolerance applied to model');
#13073=UNCERTAINTY_MEASURE_WITH_UNIT(LENGTH_MEASURE(1.E-8),#13220,
'DISTANCE_ACCURACY_VALUE','Maximum Tolerance applied to model');
#13074=UNCERTAINTY_MEASURE_WITH_UNIT(LENGTH_MEASURE(1.E-8),#13221,
'DISTANCE_ACCURACY_VALUE','Maximum Tolerance applied to model');
#13075=UNCERTAINTY_MEASURE_WITH_UNIT(LENGTH_MEASURE(1.E-8),#13222,
'DISTANCE_ACCURACY_VALUE','Maximum Tolerance applied to model');
#13076=UNCERTAINTY_MEASURE_WITH_UNIT(LENGTH_MEASURE(1.E-8),#13223,
'DISTANCE_ACCURACY_VALUE','Maximum Tolerance applied to model');
#13077=UNCERTAINTY_MEASURE_WITH_UNIT(LENGTH_MEASURE(1.E-8),#13224,
'DISTANCE_ACCURACY_VALUE','Maximum Tolerance applied to model');
#13078=UNCERTAINTY_MEASURE_WITH_UNIT(LENGTH_MEASURE(1.E-8),#13225,
'DISTANCE_ACCURACY_VALUE','Maximum Tolerance applied to model');
#13079=UNCERTAINTY_MEASURE_WITH_UNIT(LENGTH_MEASURE(1.E-8),#13226,
'DISTANCE_ACCURACY_VALUE','Maximum Tolerance applied to model');
#13080=UNCERTAINTY_MEASURE_WITH_UNIT(LENGTH_MEASURE(1.E-8),#13227,
'DISTANCE_ACCURACY_VALUE','Maximum Tolerance applied to model');
#13081=UNCERTAINTY_MEASURE_WITH_UNIT(LENGTH_MEASURE(1.E-8),#13228,
'DISTANCE_ACCURACY_VALUE','Maximum Tolerance applied to model');
#13082=UNCERTAINTY_MEASURE_WITH_UNIT(LENGTH_MEASURE(1.E-8),#13229,
'DISTANCE_ACCURACY_VALUE','Maximum Tolerance applied to model');
#13083=UNCERTAINTY_MEASURE_WITH_UNIT(LENGTH_MEASURE(1.E-8),#13230,
'DISTANCE_ACCURACY_VALUE','Maximum Tolerance applied to model');
#13084=UNCERTAINTY_MEASURE_WITH_UNIT(LENGTH_MEASURE(1.E-8),#13231,
'DISTANCE_ACCURACY_VALUE','Maximum Tolerance applied to model');
#13085=UNCERTAINTY_MEASURE_WITH_UNIT(LENGTH_MEASURE(1.E-8),#13232,
'DISTANCE_ACCURACY_VALUE','Maximum Tolerance applied to model');
#13086=UNCERTAINTY_MEASURE_WITH_UNIT(LENGTH_MEASURE(1.E-8),#13233,
'DISTANCE_ACCURACY_VALUE','Maximum Tolerance applied to model');
#13087=UNCERTAINTY_MEASURE_WITH_UNIT(LENGTH_MEASURE(1.E-8),#13234,
'DISTANCE_ACCURACY_VALUE','Maximum Tolerance applied to model');
#13088=UNCERTAINTY_MEASURE_WITH_UNIT(LENGTH_MEASURE(1.E-8),#13235,
'DISTANCE_ACCURACY_VALUE','Maximum Tolerance applied to model');
#13089=UNCERTAINTY_MEASURE_WITH_UNIT(LENGTH_MEASURE(1.E-8),#13236,
'DISTANCE_ACCURACY_VALUE','Maximum Tolerance applied to model');
#13090=UNCERTAINTY_MEASURE_WITH_UNIT(LENGTH_MEASURE(1.E-8),#13237,
'DISTANCE_ACCURACY_VALUE','Maximum Tolerance applied to model');
#13091=UNCERTAINTY_MEASURE_WITH_UNIT(LENGTH_MEASURE(1.E-8),#13238,
'DISTANCE_ACCURACY_VALUE','Maximum Tolerance applied to model');
#13092=UNCERTAINTY_MEASURE_WITH_UNIT(LENGTH_MEASURE(1.E-8),#13239,
'DISTANCE_ACCURACY_VALUE','Maximum Tolerance applied to model');
#13093=UNCERTAINTY_MEASURE_WITH_UNIT(LENGTH_MEASURE(1.E-8),#13240,
'DISTANCE_ACCURACY_VALUE','Maximum Tolerance applied to model');
#13094=UNCERTAINTY_MEASURE_WITH_UNIT(LENGTH_MEASURE(1.E-8),#13241,
'DISTANCE_ACCURACY_VALUE','Maximum Tolerance applied to model');
#13095=UNCERTAINTY_MEASURE_WITH_UNIT(LENGTH_MEASURE(1.E-8),#13242,
'DISTANCE_ACCURACY_VALUE','Maximum Tolerance applied to model');
#13096=UNCERTAINTY_MEASURE_WITH_UNIT(LENGTH_MEASURE(1.E-8),#13243,
'DISTANCE_ACCURACY_VALUE','Maximum Tolerance applied to model');
#13097=UNCERTAINTY_MEASURE_WITH_UNIT(LENGTH_MEASURE(1.E-8),#13244,
'DISTANCE_ACCURACY_VALUE','Maximum Tolerance applied to model');
#13098=UNCERTAINTY_MEASURE_WITH_UNIT(LENGTH_MEASURE(1.E-8),#13245,
'DISTANCE_ACCURACY_VALUE','Maximum Tolerance applied to model');
#13099=UNCERTAINTY_MEASURE_WITH_UNIT(LENGTH_MEASURE(1.E-8),#13246,
'DISTANCE_ACCURACY_VALUE','Maximum Tolerance applied to model');
#13100=UNCERTAINTY_MEASURE_WITH_UNIT(LENGTH_MEASURE(1.E-8),#13247,
'DISTANCE_ACCURACY_VALUE','Maximum Tolerance applied to model');
#13101=UNCERTAINTY_MEASURE_WITH_UNIT(LENGTH_MEASURE(1.E-8),#13248,
'DISTANCE_ACCURACY_VALUE','Maximum Tolerance applied to model');
#13102=UNCERTAINTY_MEASURE_WITH_UNIT(LENGTH_MEASURE(1.E-8),#13249,
'DISTANCE_ACCURACY_VALUE','Maximum Tolerance applied to model');
#13103=UNCERTAINTY_MEASURE_WITH_UNIT(LENGTH_MEASURE(1.E-8),#13250,
'DISTANCE_ACCURACY_VALUE','Maximum Tolerance applied to model');
#13104=UNCERTAINTY_MEASURE_WITH_UNIT(LENGTH_MEASURE(1.E-8),#13251,
'DISTANCE_ACCURACY_VALUE','Maximum Tolerance applied to model');
#13105=UNCERTAINTY_MEASURE_WITH_UNIT(LENGTH_MEASURE(1.E-8),#13252,
'DISTANCE_ACCURACY_VALUE','Maximum Tolerance applied to model');
#13106=UNCERTAINTY_MEASURE_WITH_UNIT(LENGTH_MEASURE(1.E-8),#13253,
'DISTANCE_ACCURACY_VALUE','Maximum Tolerance applied to model');
#13107=UNCERTAINTY_MEASURE_WITH_UNIT(LENGTH_MEASURE(1.E-8),#13254,
'DISTANCE_ACCURACY_VALUE','Maximum Tolerance applied to model');
#13108=UNCERTAINTY_MEASURE_WITH_UNIT(LENGTH_MEASURE(1.E-8),#13255,
'DISTANCE_ACCURACY_VALUE','Maximum Tolerance applied to model');
#13109=UNCERTAINTY_MEASURE_WITH_UNIT(LENGTH_MEASURE(1.E-8),#13256,
'DISTANCE_ACCURACY_VALUE','Maximum Tolerance applied to model');
#13110=UNCERTAINTY_MEASURE_WITH_UNIT(LENGTH_MEASURE(2.E-5),#13257,
'DISTANCE_ACCURACY_VALUE','Maximum Tolerance applied to model');
#13111=UNCERTAINTY_MEASURE_WITH_UNIT(LENGTH_MEASURE(1.E-8),#13258,
'DISTANCE_ACCURACY_VALUE','Maximum Tolerance applied to model');
#13112=UNCERTAINTY_MEASURE_WITH_UNIT(LENGTH_MEASURE(1.E-8),#13259,
'DISTANCE_ACCURACY_VALUE','Maximum Tolerance applied to model');
#13113=UNCERTAINTY_MEASURE_WITH_UNIT(LENGTH_MEASURE(2.E-5),#13260,
'DISTANCE_ACCURACY_VALUE','Maximum Tolerance applied to model');
#13114=UNCERTAINTY_MEASURE_WITH_UNIT(LENGTH_MEASURE(1.E-8),#13261,
'DISTANCE_ACCURACY_VALUE','Maximum Tolerance applied to model');
#13115=(
NAMED_UNIT(*)
SI_UNIT($,.STERADIAN.)
SOLID_ANGLE_UNIT()
);
#13116=(
NAMED_UNIT(*)
SI_UNIT($,.STERADIAN.)
SOLID_ANGLE_UNIT()
);
#13117=(
NAMED_UNIT(*)
SI_UNIT($,.STERADIAN.)
SOLID_ANGLE_UNIT()
);
#13118=(
NAMED_UNIT(*)
SI_UNIT($,.STERADIAN.)
SOLID_ANGLE_UNIT()
);
#13119=(
NAMED_UNIT(*)
SI_UNIT($,.STERADIAN.)
SOLID_ANGLE_UNIT()
);
#13120=(
NAMED_UNIT(*)
SI_UNIT($,.STERADIAN.)
SOLID_ANGLE_UNIT()
);
#13121=(
NAMED_UNIT(*)
SI_UNIT($,.STERADIAN.)
SOLID_ANGLE_UNIT()
);
#13122=(
NAMED_UNIT(*)
SI_UNIT($,.STERADIAN.)
SOLID_ANGLE_UNIT()
);
#13123=(
NAMED_UNIT(*)
SI_UNIT($,.STERADIAN.)
SOLID_ANGLE_UNIT()
);
#13124=(
NAMED_UNIT(*)
SI_UNIT($,.STERADIAN.)
SOLID_ANGLE_UNIT()
);
#13125=(
NAMED_UNIT(*)
SI_UNIT($,.STERADIAN.)
SOLID_ANGLE_UNIT()
);
#13126=(
NAMED_UNIT(*)
SI_UNIT($,.STERADIAN.)
SOLID_ANGLE_UNIT()
);
#13127=(
NAMED_UNIT(*)
SI_UNIT($,.STERADIAN.)
SOLID_ANGLE_UNIT()
);
#13128=(
NAMED_UNIT(*)
SI_UNIT($,.STERADIAN.)
SOLID_ANGLE_UNIT()
);
#13129=(
NAMED_UNIT(*)
SI_UNIT($,.STERADIAN.)
SOLID_ANGLE_UNIT()
);
#13130=(
NAMED_UNIT(*)
SI_UNIT($,.STERADIAN.)
SOLID_ANGLE_UNIT()
);
#13131=(
NAMED_UNIT(*)
SI_UNIT($,.STERADIAN.)
SOLID_ANGLE_UNIT()
);
#13132=(
NAMED_UNIT(*)
SI_UNIT($,.STERADIAN.)
SOLID_ANGLE_UNIT()
);
#13133=(
NAMED_UNIT(*)
SI_UNIT($,.STERADIAN.)
SOLID_ANGLE_UNIT()
);
#13134=(
NAMED_UNIT(*)
SI_UNIT($,.STERADIAN.)
SOLID_ANGLE_UNIT()
);
#13135=(
NAMED_UNIT(*)
SI_UNIT($,.STERADIAN.)
SOLID_ANGLE_UNIT()
);
#13136=(
NAMED_UNIT(*)
SI_UNIT($,.STERADIAN.)
SOLID_ANGLE_UNIT()
);
#13137=(
NAMED_UNIT(*)
SI_UNIT($,.STERADIAN.)
SOLID_ANGLE_UNIT()
);
#13138=(
NAMED_UNIT(*)
SI_UNIT($,.STERADIAN.)
SOLID_ANGLE_UNIT()
);
#13139=(
NAMED_UNIT(*)
SI_UNIT($,.STERADIAN.)
SOLID_ANGLE_UNIT()
);
#13140=(
NAMED_UNIT(*)
SI_UNIT($,.STERADIAN.)
SOLID_ANGLE_UNIT()
);
#13141=(
NAMED_UNIT(*)
SI_UNIT($,.STERADIAN.)
SOLID_ANGLE_UNIT()
);
#13142=(
NAMED_UNIT(*)
SI_UNIT($,.STERADIAN.)
SOLID_ANGLE_UNIT()
);
#13143=(
NAMED_UNIT(*)
SI_UNIT($,.STERADIAN.)
SOLID_ANGLE_UNIT()
);
#13144=(
NAMED_UNIT(*)
SI_UNIT($,.STERADIAN.)
SOLID_ANGLE_UNIT()
);
#13145=(
NAMED_UNIT(*)
SI_UNIT($,.STERADIAN.)
SOLID_ANGLE_UNIT()
);
#13146=(
NAMED_UNIT(*)
SI_UNIT($,.STERADIAN.)
SOLID_ANGLE_UNIT()
);
#13147=(
NAMED_UNIT(*)
SI_UNIT($,.STERADIAN.)
SOLID_ANGLE_UNIT()
);
#13148=(
NAMED_UNIT(*)
SI_UNIT($,.STERADIAN.)
SOLID_ANGLE_UNIT()
);
#13149=(
NAMED_UNIT(*)
SI_UNIT($,.STERADIAN.)
SOLID_ANGLE_UNIT()
);
#13150=(
NAMED_UNIT(*)
SI_UNIT($,.STERADIAN.)
SOLID_ANGLE_UNIT()
);
#13151=(
NAMED_UNIT(*)
SI_UNIT($,.STERADIAN.)
SOLID_ANGLE_UNIT()
);
#13152=(
NAMED_UNIT(*)
SI_UNIT($,.STERADIAN.)
SOLID_ANGLE_UNIT()
);
#13153=(
NAMED_UNIT(*)
SI_UNIT($,.STERADIAN.)
SOLID_ANGLE_UNIT()
);
#13154=(
NAMED_UNIT(*)
SI_UNIT($,.STERADIAN.)
SOLID_ANGLE_UNIT()
);
#13155=(
NAMED_UNIT(*)
SI_UNIT($,.STERADIAN.)
SOLID_ANGLE_UNIT()
);
#13156=(
NAMED_UNIT(*)
SI_UNIT($,.STERADIAN.)
SOLID_ANGLE_UNIT()
);
#13157=(
NAMED_UNIT(*)
SI_UNIT($,.STERADIAN.)
SOLID_ANGLE_UNIT()
);
#13158=(
NAMED_UNIT(*)
SI_UNIT($,.STERADIAN.)
SOLID_ANGLE_UNIT()
);
#13159=(
NAMED_UNIT(*)
SI_UNIT($,.STERADIAN.)
SOLID_ANGLE_UNIT()
);
#13160=(
NAMED_UNIT(*)
SI_UNIT($,.STERADIAN.)
SOLID_ANGLE_UNIT()
);
#13161=(
NAMED_UNIT(*)
SI_UNIT($,.STERADIAN.)
SOLID_ANGLE_UNIT()
);
#13162=(
NAMED_UNIT(*)
SI_UNIT($,.STERADIAN.)
SOLID_ANGLE_UNIT()
);
#13163=(
NAMED_UNIT(*)
SI_UNIT($,.STERADIAN.)
SOLID_ANGLE_UNIT()
);
#13164=(
NAMED_UNIT(*)
PLANE_ANGLE_UNIT()
SI_UNIT($,.RADIAN.)
);
#13165=(
NAMED_UNIT(*)
PLANE_ANGLE_UNIT()
SI_UNIT($,.RADIAN.)
);
#13166=(
NAMED_UNIT(*)
PLANE_ANGLE_UNIT()
SI_UNIT($,.RADIAN.)
);
#13167=(
NAMED_UNIT(*)
PLANE_ANGLE_UNIT()
SI_UNIT($,.RADIAN.)
);
#13168=(
NAMED_UNIT(*)
PLANE_ANGLE_UNIT()
SI_UNIT($,.RADIAN.)
);
#13169=(
NAMED_UNIT(*)
PLANE_ANGLE_UNIT()
SI_UNIT($,.RADIAN.)
);
#13170=(
NAMED_UNIT(*)
PLANE_ANGLE_UNIT()
SI_UNIT($,.RADIAN.)
);
#13171=(
NAMED_UNIT(*)
PLANE_ANGLE_UNIT()
SI_UNIT($,.RADIAN.)
);
#13172=(
NAMED_UNIT(*)
PLANE_ANGLE_UNIT()
SI_UNIT($,.RADIAN.)
);
#13173=(
NAMED_UNIT(*)
PLANE_ANGLE_UNIT()
SI_UNIT($,.RADIAN.)
);
#13174=(
NAMED_UNIT(*)
PLANE_ANGLE_UNIT()
SI_UNIT($,.RADIAN.)
);
#13175=(
NAMED_UNIT(*)
PLANE_ANGLE_UNIT()
SI_UNIT($,.RADIAN.)
);
#13176=(
NAMED_UNIT(*)
PLANE_ANGLE_UNIT()
SI_UNIT($,.RADIAN.)
);
#13177=(
NAMED_UNIT(*)
PLANE_ANGLE_UNIT()
SI_UNIT($,.RADIAN.)
);
#13178=(
NAMED_UNIT(*)
PLANE_ANGLE_UNIT()
SI_UNIT($,.RADIAN.)
);
#13179=(
NAMED_UNIT(*)
PLANE_ANGLE_UNIT()
SI_UNIT($,.RADIAN.)
);
#13180=(
NAMED_UNIT(*)
PLANE_ANGLE_UNIT()
SI_UNIT($,.RADIAN.)
);
#13181=(
NAMED_UNIT(*)
PLANE_ANGLE_UNIT()
SI_UNIT($,.RADIAN.)
);
#13182=(
NAMED_UNIT(*)
PLANE_ANGLE_UNIT()
SI_UNIT($,.RADIAN.)
);
#13183=(
NAMED_UNIT(*)
PLANE_ANGLE_UNIT()
SI_UNIT($,.RADIAN.)
);
#13184=(
NAMED_UNIT(*)
PLANE_ANGLE_UNIT()
SI_UNIT($,.RADIAN.)
);
#13185=(
NAMED_UNIT(*)
PLANE_ANGLE_UNIT()
SI_UNIT($,.RADIAN.)
);
#13186=(
NAMED_UNIT(*)
PLANE_ANGLE_UNIT()
SI_UNIT($,.RADIAN.)
);
#13187=(
NAMED_UNIT(*)
PLANE_ANGLE_UNIT()
SI_UNIT($,.RADIAN.)
);
#13188=(
NAMED_UNIT(*)
PLANE_ANGLE_UNIT()
SI_UNIT($,.RADIAN.)
);
#13189=(
NAMED_UNIT(*)
PLANE_ANGLE_UNIT()
SI_UNIT($,.RADIAN.)
);
#13190=(
NAMED_UNIT(*)
PLANE_ANGLE_UNIT()
SI_UNIT($,.RADIAN.)
);
#13191=(
NAMED_UNIT(*)
PLANE_ANGLE_UNIT()
SI_UNIT($,.RADIAN.)
);
#13192=(
NAMED_UNIT(*)
PLANE_ANGLE_UNIT()
SI_UNIT($,.RADIAN.)
);
#13193=(
NAMED_UNIT(*)
PLANE_ANGLE_UNIT()
SI_UNIT($,.RADIAN.)
);
#13194=(
NAMED_UNIT(*)
PLANE_ANGLE_UNIT()
SI_UNIT($,.RADIAN.)
);
#13195=(
NAMED_UNIT(*)
PLANE_ANGLE_UNIT()
SI_UNIT($,.RADIAN.)
);
#13196=(
NAMED_UNIT(*)
PLANE_ANGLE_UNIT()
SI_UNIT($,.RADIAN.)
);
#13197=(
NAMED_UNIT(*)
PLANE_ANGLE_UNIT()
SI_UNIT($,.RADIAN.)
);
#13198=(
NAMED_UNIT(*)
PLANE_ANGLE_UNIT()
SI_UNIT($,.RADIAN.)
);
#13199=(
NAMED_UNIT(*)
PLANE_ANGLE_UNIT()
SI_UNIT($,.RADIAN.)
);
#13200=(
NAMED_UNIT(*)
PLANE_ANGLE_UNIT()
SI_UNIT($,.RADIAN.)
);
#13201=(
NAMED_UNIT(*)
PLANE_ANGLE_UNIT()
SI_UNIT($,.RADIAN.)
);
#13202=(
NAMED_UNIT(*)
PLANE_ANGLE_UNIT()
SI_UNIT($,.RADIAN.)
);
#13203=(
NAMED_UNIT(*)
PLANE_ANGLE_UNIT()
SI_UNIT($,.RADIAN.)
);
#13204=(
NAMED_UNIT(*)
PLANE_ANGLE_UNIT()
SI_UNIT($,.RADIAN.)
);
#13205=(
NAMED_UNIT(*)
PLANE_ANGLE_UNIT()
SI_UNIT($,.RADIAN.)
);
#13206=(
NAMED_UNIT(*)
PLANE_ANGLE_UNIT()
SI_UNIT($,.RADIAN.)
);
#13207=(
NAMED_UNIT(*)
PLANE_ANGLE_UNIT()
SI_UNIT($,.RADIAN.)
);
#13208=(
NAMED_UNIT(*)
PLANE_ANGLE_UNIT()
SI_UNIT($,.RADIAN.)
);
#13209=(
NAMED_UNIT(*)
PLANE_ANGLE_UNIT()
SI_UNIT($,.RADIAN.)
);
#13210=(
NAMED_UNIT(*)
PLANE_ANGLE_UNIT()
SI_UNIT($,.RADIAN.)
);
#13211=(
NAMED_UNIT(*)
PLANE_ANGLE_UNIT()
SI_UNIT($,.RADIAN.)
);
#13212=(
NAMED_UNIT(*)
PLANE_ANGLE_UNIT()
SI_UNIT($,.RADIAN.)
);
#13213=(
LENGTH_UNIT()
NAMED_UNIT(*)
SI_UNIT($,.METRE.)
);
#13214=(
LENGTH_UNIT()
NAMED_UNIT(*)
SI_UNIT($,.METRE.)
);
#13215=(
LENGTH_UNIT()
NAMED_UNIT(*)
SI_UNIT($,.METRE.)
);
#13216=(
LENGTH_UNIT()
NAMED_UNIT(*)
SI_UNIT($,.METRE.)
);
#13217=(
LENGTH_UNIT()
NAMED_UNIT(*)
SI_UNIT($,.METRE.)
);
#13218=(
LENGTH_UNIT()
NAMED_UNIT(*)
SI_UNIT($,.METRE.)
);
#13219=(
LENGTH_UNIT()
NAMED_UNIT(*)
SI_UNIT($,.METRE.)
);
#13220=(
LENGTH_UNIT()
NAMED_UNIT(*)
SI_UNIT($,.METRE.)
);
#13221=(
LENGTH_UNIT()
NAMED_UNIT(*)
SI_UNIT($,.METRE.)
);
#13222=(
LENGTH_UNIT()
NAMED_UNIT(*)
SI_UNIT($,.METRE.)
);
#13223=(
LENGTH_UNIT()
NAMED_UNIT(*)
SI_UNIT($,.METRE.)
);
#13224=(
LENGTH_UNIT()
NAMED_UNIT(*)
SI_UNIT($,.METRE.)
);
#13225=(
LENGTH_UNIT()
NAMED_UNIT(*)
SI_UNIT($,.METRE.)
);
#13226=(
LENGTH_UNIT()
NAMED_UNIT(*)
SI_UNIT($,.METRE.)
);
#13227=(
LENGTH_UNIT()
NAMED_UNIT(*)
SI_UNIT($,.METRE.)
);
#13228=(
LENGTH_UNIT()
NAMED_UNIT(*)
SI_UNIT($,.METRE.)
);
#13229=(
LENGTH_UNIT()
NAMED_UNIT(*)
SI_UNIT($,.METRE.)
);
#13230=(
LENGTH_UNIT()
NAMED_UNIT(*)
SI_UNIT($,.METRE.)
);
#13231=(
LENGTH_UNIT()
NAMED_UNIT(*)
SI_UNIT($,.METRE.)
);
#13232=(
LENGTH_UNIT()
NAMED_UNIT(*)
SI_UNIT($,.METRE.)
);
#13233=(
LENGTH_UNIT()
NAMED_UNIT(*)
SI_UNIT($,.METRE.)
);
#13234=(
LENGTH_UNIT()
NAMED_UNIT(*)
SI_UNIT($,.METRE.)
);
#13235=(
LENGTH_UNIT()
NAMED_UNIT(*)
SI_UNIT($,.METRE.)
);
#13236=(
LENGTH_UNIT()
NAMED_UNIT(*)
SI_UNIT($,.METRE.)
);
#13237=(
LENGTH_UNIT()
NAMED_UNIT(*)
SI_UNIT($,.METRE.)
);
#13238=(
LENGTH_UNIT()
NAMED_UNIT(*)
SI_UNIT($,.METRE.)
);
#13239=(
LENGTH_UNIT()
NAMED_UNIT(*)
SI_UNIT($,.METRE.)
);
#13240=(
LENGTH_UNIT()
NAMED_UNIT(*)
SI_UNIT($,.METRE.)
);
#13241=(
LENGTH_UNIT()
NAMED_UNIT(*)
SI_UNIT($,.METRE.)
);
#13242=(
LENGTH_UNIT()
NAMED_UNIT(*)
SI_UNIT($,.METRE.)
);
#13243=(
LENGTH_UNIT()
NAMED_UNIT(*)
SI_UNIT($,.METRE.)
);
#13244=(
LENGTH_UNIT()
NAMED_UNIT(*)
SI_UNIT($,.METRE.)
);
#13245=(
LENGTH_UNIT()
NAMED_UNIT(*)
SI_UNIT($,.METRE.)
);
#13246=(
LENGTH_UNIT()
NAMED_UNIT(*)
SI_UNIT($,.METRE.)
);
#13247=(
LENGTH_UNIT()
NAMED_UNIT(*)
SI_UNIT($,.METRE.)
);
#13248=(
LENGTH_UNIT()
NAMED_UNIT(*)
SI_UNIT($,.METRE.)
);
#13249=(
LENGTH_UNIT()
NAMED_UNIT(*)
SI_UNIT($,.METRE.)
);
#13250=(
LENGTH_UNIT()
NAMED_UNIT(*)
SI_UNIT($,.METRE.)
);
#13251=(
LENGTH_UNIT()
NAMED_UNIT(*)
SI_UNIT($,.METRE.)
);
#13252=(
LENGTH_UNIT()
NAMED_UNIT(*)
SI_UNIT($,.METRE.)
);
#13253=(
LENGTH_UNIT()
NAMED_UNIT(*)
SI_UNIT($,.METRE.)
);
#13254=(
LENGTH_UNIT()
NAMED_UNIT(*)
SI_UNIT($,.METRE.)
);
#13255=(
LENGTH_UNIT()
NAMED_UNIT(*)
SI_UNIT($,.METRE.)
);
#13256=(
LENGTH_UNIT()
NAMED_UNIT(*)
SI_UNIT($,.METRE.)
);
#13257=(
LENGTH_UNIT()
NAMED_UNIT(*)
SI_UNIT($,.METRE.)
);
#13258=(
LENGTH_UNIT()
NAMED_UNIT(*)
SI_UNIT($,.METRE.)
);
#13259=(
LENGTH_UNIT()
NAMED_UNIT(*)
SI_UNIT($,.METRE.)
);
#13260=(
LENGTH_UNIT()
NAMED_UNIT(*)
SI_UNIT($,.METRE.)
);
#13261=(
LENGTH_UNIT()
NAMED_UNIT(*)
SI_UNIT($,.METRE.)
);
#13262=PRODUCT_DEFINITION_SHAPE('','',#13311);
#13263=PRODUCT_DEFINITION_SHAPE('','',#13312);
#13264=PRODUCT_DEFINITION_SHAPE('','',#13313);
#13265=PRODUCT_DEFINITION_SHAPE('','',#13314);
#13266=PRODUCT_DEFINITION_SHAPE('','',#13315);
#13267=PRODUCT_DEFINITION_SHAPE('','',#13316);
#13268=PRODUCT_DEFINITION_SHAPE('','',#13317);
#13269=PRODUCT_DEFINITION_SHAPE('','',#13318);
#13270=PRODUCT_DEFINITION_SHAPE('','',#13319);
#13271=PRODUCT_DEFINITION_SHAPE('','',#13320);
#13272=PRODUCT_DEFINITION_SHAPE('','',#13321);
#13273=PRODUCT_DEFINITION_SHAPE('','',#13322);
#13274=PRODUCT_DEFINITION_SHAPE('','',#13323);
#13275=PRODUCT_DEFINITION_SHAPE('','',#13324);
#13276=PRODUCT_DEFINITION_SHAPE('','',#13325);
#13277=PRODUCT_DEFINITION_SHAPE('','',#13326);
#13278=PRODUCT_DEFINITION_SHAPE('','',#13327);
#13279=PRODUCT_DEFINITION_SHAPE('','',#13328);
#13280=PRODUCT_DEFINITION_SHAPE('','',#13329);
#13281=PRODUCT_DEFINITION_SHAPE('','',#13330);
#13282=PRODUCT_DEFINITION_SHAPE('','',#13331);
#13283=PRODUCT_DEFINITION_SHAPE('','',#13332);
#13284=PRODUCT_DEFINITION_SHAPE('','',#13333);
#13285=PRODUCT_DEFINITION_SHAPE('','',#13334);
#13286=PRODUCT_DEFINITION_SHAPE('','',#13335);
#13287=PRODUCT_DEFINITION_SHAPE('','',#13336);
#13288=PRODUCT_DEFINITION_SHAPE('','',#13337);
#13289=PRODUCT_DEFINITION_SHAPE('','',#13338);
#13290=PRODUCT_DEFINITION_SHAPE('','',#13339);
#13291=PRODUCT_DEFINITION_SHAPE('','',#13340);
#13292=PRODUCT_DEFINITION_SHAPE('','',#13341);
#13293=PRODUCT_DEFINITION_SHAPE('','',#13342);
#13294=PRODUCT_DEFINITION_SHAPE('','',#13343);
#13295=PRODUCT_DEFINITION_SHAPE('','',#13344);
#13296=PRODUCT_DEFINITION_SHAPE('','',#13345);
#13297=PRODUCT_DEFINITION_SHAPE('','',#13346);
#13298=PRODUCT_DEFINITION_SHAPE('','',#13347);
#13299=PRODUCT_DEFINITION_SHAPE('','',#13348);
#13300=PRODUCT_DEFINITION_SHAPE('','',#13349);
#13301=PRODUCT_DEFINITION_SHAPE('','',#13350);
#13302=PRODUCT_DEFINITION_SHAPE('','',#13351);
#13303=PRODUCT_DEFINITION_SHAPE('','',#13352);
#13304=PRODUCT_DEFINITION_SHAPE('','',#13353);
#13305=PRODUCT_DEFINITION_SHAPE('','',#13354);
#13306=PRODUCT_DEFINITION_SHAPE('','',#13355);
#13307=PRODUCT_DEFINITION_SHAPE('','',#13356);
#13308=PRODUCT_DEFINITION_SHAPE('','',#13357);
#13309=PRODUCT_DEFINITION_SHAPE('','',#13358);
#13310=PRODUCT_DEFINITION_SHAPE('','',#13359);
#13311=PRODUCT_DEFINITION('','',#13409,#13360);
#13312=PRODUCT_DEFINITION('','',#13410,#13361);
#13313=PRODUCT_DEFINITION('','',#13411,#13362);
#13314=PRODUCT_DEFINITION('','',#13412,#13363);
#13315=PRODUCT_DEFINITION('','',#13413,#13364);
#13316=PRODUCT_DEFINITION('','',#13414,#13365);
#13317=PRODUCT_DEFINITION('','',#13415,#13366);
#13318=PRODUCT_DEFINITION('','',#13416,#13367);
#13319=PRODUCT_DEFINITION('','',#13417,#13368);
#13320=PRODUCT_DEFINITION('','',#13418,#13369);
#13321=PRODUCT_DEFINITION('','',#13419,#13370);
#13322=PRODUCT_DEFINITION('','',#13420,#13371);
#13323=PRODUCT_DEFINITION('','',#13421,#13372);
#13324=PRODUCT_DEFINITION('','',#13422,#13373);
#13325=PRODUCT_DEFINITION('','',#13423,#13374);
#13326=PRODUCT_DEFINITION('','',#13424,#13375);
#13327=PRODUCT_DEFINITION('','',#13425,#13376);
#13328=PRODUCT_DEFINITION('','',#13426,#13377);
#13329=PRODUCT_DEFINITION('','',#13427,#13378);
#13330=PRODUCT_DEFINITION('','',#13428,#13379);
#13331=PRODUCT_DEFINITION('','',#13429,#13380);
#13332=PRODUCT_DEFINITION('','',#13430,#13381);
#13333=PRODUCT_DEFINITION('','',#13431,#13382);
#13334=PRODUCT_DEFINITION('','',#13432,#13383);
#13335=PRODUCT_DEFINITION('','',#13433,#13384);
#13336=PRODUCT_DEFINITION('','',#13434,#13385);
#13337=PRODUCT_DEFINITION('','',#13435,#13386);
#13338=PRODUCT_DEFINITION('','',#13436,#13387);
#13339=PRODUCT_DEFINITION('','',#13437,#13388);
#13340=PRODUCT_DEFINITION('','',#13438,#13389);
#13341=PRODUCT_DEFINITION('','',#13439,#13390);
#13342=PRODUCT_DEFINITION('','',#13440,#13391);
#13343=PRODUCT_DEFINITION('','',#13441,#13392);
#13344=PRODUCT_DEFINITION('','',#13442,#13393);
#13345=PRODUCT_DEFINITION('','',#13443,#13394);
#13346=PRODUCT_DEFINITION('','',#13444,#13395);
#13347=PRODUCT_DEFINITION('','',#13445,#13396);
#13348=PRODUCT_DEFINITION('','',#13446,#13397);
#13349=PRODUCT_DEFINITION('','',#13447,#13398);
#13350=PRODUCT_DEFINITION('','',#13448,#13399);
#13351=PRODUCT_DEFINITION('','',#13449,#13400);
#13352=PRODUCT_DEFINITION('','',#13450,#13401);
#13353=PRODUCT_DEFINITION('','',#13451,#13402);
#13354=PRODUCT_DEFINITION('','',#13452,#13403);
#13355=PRODUCT_DEFINITION('','',#13453,#13404);
#13356=PRODUCT_DEFINITION('','',#13454,#13405);
#13357=PRODUCT_DEFINITION('','',#13455,#13406);
#13358=PRODUCT_DEFINITION('','',#13456,#13407);
#13359=PRODUCT_DEFINITION('','',#13457,#13408);
#13360=PRODUCT_DEFINITION_CONTEXT('',#13703,'design');
#13361=PRODUCT_DEFINITION_CONTEXT('',#13704,'design');
#13362=PRODUCT_DEFINITION_CONTEXT('',#13705,'design');
#13363=PRODUCT_DEFINITION_CONTEXT('',#13706,'design');
#13364=PRODUCT_DEFINITION_CONTEXT('',#13707,'design');
#13365=PRODUCT_DEFINITION_CONTEXT('',#13708,'design');
#13366=PRODUCT_DEFINITION_CONTEXT('',#13709,'design');
#13367=PRODUCT_DEFINITION_CONTEXT('',#13710,'design');
#13368=PRODUCT_DEFINITION_CONTEXT('',#13711,'design');
#13369=PRODUCT_DEFINITION_CONTEXT('',#13712,'design');
#13370=PRODUCT_DEFINITION_CONTEXT('',#13713,'design');
#13371=PRODUCT_DEFINITION_CONTEXT('',#13714,'design');
#13372=PRODUCT_DEFINITION_CONTEXT('',#13715,'design');
#13373=PRODUCT_DEFINITION_CONTEXT('',#13716,'design');
#13374=PRODUCT_DEFINITION_CONTEXT('',#13717,'design');
#13375=PRODUCT_DEFINITION_CONTEXT('',#13718,'design');
#13376=PRODUCT_DEFINITION_CONTEXT('',#13719,'design');
#13377=PRODUCT_DEFINITION_CONTEXT('',#13720,'design');
#13378=PRODUCT_DEFINITION_CONTEXT('',#13721,'design');
#13379=PRODUCT_DEFINITION_CONTEXT('',#13722,'design');
#13380=PRODUCT_DEFINITION_CONTEXT('',#13723,'design');
#13381=PRODUCT_DEFINITION_CONTEXT('',#13724,'design');
#13382=PRODUCT_DEFINITION_CONTEXT('',#13725,'design');
#13383=PRODUCT_DEFINITION_CONTEXT('',#13726,'design');
#13384=PRODUCT_DEFINITION_CONTEXT('',#13727,'design');
#13385=PRODUCT_DEFINITION_CONTEXT('',#13728,'design');
#13386=PRODUCT_DEFINITION_CONTEXT('',#13729,'design');
#13387=PRODUCT_DEFINITION_CONTEXT('',#13730,'design');
#13388=PRODUCT_DEFINITION_CONTEXT('',#13731,'design');
#13389=PRODUCT_DEFINITION_CONTEXT('',#13732,'design');
#13390=PRODUCT_DEFINITION_CONTEXT('',#13733,'design');
#13391=PRODUCT_DEFINITION_CONTEXT('',#13734,'design');
#13392=PRODUCT_DEFINITION_CONTEXT('',#13735,'design');
#13393=PRODUCT_DEFINITION_CONTEXT('',#13736,'design');
#13394=PRODUCT_DEFINITION_CONTEXT('',#13737,'design');
#13395=PRODUCT_DEFINITION_CONTEXT('',#13738,'design');
#13396=PRODUCT_DEFINITION_CONTEXT('',#13739,'design');
#13397=PRODUCT_DEFINITION_CONTEXT('',#13740,'design');
#13398=PRODUCT_DEFINITION_CONTEXT('',#13741,'design');
#13399=PRODUCT_DEFINITION_CONTEXT('',#13742,'design');
#13400=PRODUCT_DEFINITION_CONTEXT('',#13743,'design');
#13401=PRODUCT_DEFINITION_CONTEXT('',#13744,'design');
#13402=PRODUCT_DEFINITION_CONTEXT('',#13745,'design');
#13403=PRODUCT_DEFINITION_CONTEXT('',#13746,'design');
#13404=PRODUCT_DEFINITION_CONTEXT('',#13747,'design');
#13405=PRODUCT_DEFINITION_CONTEXT('',#13748,'design');
#13406=PRODUCT_DEFINITION_CONTEXT('',#13749,'design');
#13407=PRODUCT_DEFINITION_CONTEXT('',#13750,'design');
#13408=PRODUCT_DEFINITION_CONTEXT('',#13751,'design');
#13409=PRODUCT_DEFINITION_FORMATION_WITH_SPECIFIED_SOURCE('','',#13507,
 .NOT_KNOWN.);
#13410=PRODUCT_DEFINITION_FORMATION_WITH_SPECIFIED_SOURCE('','',#13508,
 .NOT_KNOWN.);
#13411=PRODUCT_DEFINITION_FORMATION_WITH_SPECIFIED_SOURCE('','',#13509,
 .NOT_KNOWN.);
#13412=PRODUCT_DEFINITION_FORMATION_WITH_SPECIFIED_SOURCE('','',#13510,
 .NOT_KNOWN.);
#13413=PRODUCT_DEFINITION_FORMATION_WITH_SPECIFIED_SOURCE('','',#13511,
 .NOT_KNOWN.);
#13414=PRODUCT_DEFINITION_FORMATION_WITH_SPECIFIED_SOURCE('','',#13512,
 .NOT_KNOWN.);
#13415=PRODUCT_DEFINITION_FORMATION_WITH_SPECIFIED_SOURCE('','',#13513,
 .NOT_KNOWN.);
#13416=PRODUCT_DEFINITION_FORMATION_WITH_SPECIFIED_SOURCE('','',#13514,
 .NOT_KNOWN.);
#13417=PRODUCT_DEFINITION_FORMATION_WITH_SPECIFIED_SOURCE('','',#13515,
 .NOT_KNOWN.);
#13418=PRODUCT_DEFINITION_FORMATION_WITH_SPECIFIED_SOURCE('','',#13516,
 .NOT_KNOWN.);
#13419=PRODUCT_DEFINITION_FORMATION_WITH_SPECIFIED_SOURCE('','',#13517,
 .NOT_KNOWN.);
#13420=PRODUCT_DEFINITION_FORMATION_WITH_SPECIFIED_SOURCE('','',#13518,
 .NOT_KNOWN.);
#13421=PRODUCT_DEFINITION_FORMATION_WITH_SPECIFIED_SOURCE('','',#13519,
 .NOT_KNOWN.);
#13422=PRODUCT_DEFINITION_FORMATION_WITH_SPECIFIED_SOURCE('','',#13520,
 .NOT_KNOWN.);
#13423=PRODUCT_DEFINITION_FORMATION_WITH_SPECIFIED_SOURCE('','',#13521,
 .NOT_KNOWN.);
#13424=PRODUCT_DEFINITION_FORMATION_WITH_SPECIFIED_SOURCE('','',#13522,
 .NOT_KNOWN.);
#13425=PRODUCT_DEFINITION_FORMATION_WITH_SPECIFIED_SOURCE('','',#13523,
 .NOT_KNOWN.);
#13426=PRODUCT_DEFINITION_FORMATION_WITH_SPECIFIED_SOURCE('','',#13524,
 .NOT_KNOWN.);
#13427=PRODUCT_DEFINITION_FORMATION_WITH_SPECIFIED_SOURCE('','',#13525,
 .NOT_KNOWN.);
#13428=PRODUCT_DEFINITION_FORMATION_WITH_SPECIFIED_SOURCE('','',#13526,
 .NOT_KNOWN.);
#13429=PRODUCT_DEFINITION_FORMATION_WITH_SPECIFIED_SOURCE('','',#13527,
 .NOT_KNOWN.);
#13430=PRODUCT_DEFINITION_FORMATION_WITH_SPECIFIED_SOURCE('','',#13528,
 .NOT_KNOWN.);
#13431=PRODUCT_DEFINITION_FORMATION_WITH_SPECIFIED_SOURCE('','',#13529,
 .NOT_KNOWN.);
#13432=PRODUCT_DEFINITION_FORMATION_WITH_SPECIFIED_SOURCE('','',#13530,
 .NOT_KNOWN.);
#13433=PRODUCT_DEFINITION_FORMATION_WITH_SPECIFIED_SOURCE('','',#13531,
 .NOT_KNOWN.);
#13434=PRODUCT_DEFINITION_FORMATION_WITH_SPECIFIED_SOURCE('','',#13532,
 .NOT_KNOWN.);
#13435=PRODUCT_DEFINITION_FORMATION_WITH_SPECIFIED_SOURCE('','',#13533,
 .NOT_KNOWN.);
#13436=PRODUCT_DEFINITION_FORMATION_WITH_SPECIFIED_SOURCE('','',#13534,
 .NOT_KNOWN.);
#13437=PRODUCT_DEFINITION_FORMATION_WITH_SPECIFIED_SOURCE('','',#13535,
 .NOT_KNOWN.);
#13438=PRODUCT_DEFINITION_FORMATION_WITH_SPECIFIED_SOURCE('','',#13536,
 .NOT_KNOWN.);
#13439=PRODUCT_DEFINITION_FORMATION_WITH_SPECIFIED_SOURCE('','',#13537,
 .NOT_KNOWN.);
#13440=PRODUCT_DEFINITION_FORMATION_WITH_SPECIFIED_SOURCE('','',#13538,
 .NOT_KNOWN.);
#13441=PRODUCT_DEFINITION_FORMATION_WITH_SPECIFIED_SOURCE('','',#13539,
 .NOT_KNOWN.);
#13442=PRODUCT_DEFINITION_FORMATION_WITH_SPECIFIED_SOURCE('','',#13540,
 .NOT_KNOWN.);
#13443=PRODUCT_DEFINITION_FORMATION_WITH_SPECIFIED_SOURCE('','',#13541,
 .NOT_KNOWN.);
#13444=PRODUCT_DEFINITION_FORMATION_WITH_SPECIFIED_SOURCE('','',#13542,
 .NOT_KNOWN.);
#13445=PRODUCT_DEFINITION_FORMATION_WITH_SPECIFIED_SOURCE('','',#13543,
 .NOT_KNOWN.);
#13446=PRODUCT_DEFINITION_FORMATION_WITH_SPECIFIED_SOURCE('','',#13544,
 .NOT_KNOWN.);
#13447=PRODUCT_DEFINITION_FORMATION_WITH_SPECIFIED_SOURCE('','',#13545,
 .NOT_KNOWN.);
#13448=PRODUCT_DEFINITION_FORMATION_WITH_SPECIFIED_SOURCE('','',#13546,
 .NOT_KNOWN.);
#13449=PRODUCT_DEFINITION_FORMATION_WITH_SPECIFIED_SOURCE('','',#13547,
 .NOT_KNOWN.);
#13450=PRODUCT_DEFINITION_FORMATION_WITH_SPECIFIED_SOURCE('','',#13548,
 .NOT_KNOWN.);
#13451=PRODUCT_DEFINITION_FORMATION_WITH_SPECIFIED_SOURCE('','',#13549,
 .NOT_KNOWN.);
#13452=PRODUCT_DEFINITION_FORMATION_WITH_SPECIFIED_SOURCE('','',#13550,
 .NOT_KNOWN.);
#13453=PRODUCT_DEFINITION_FORMATION_WITH_SPECIFIED_SOURCE('','',#13551,
 .NOT_KNOWN.);
#13454=PRODUCT_DEFINITION_FORMATION_WITH_SPECIFIED_SOURCE('','',#13552,
 .NOT_KNOWN.);
#13455=PRODUCT_DEFINITION_FORMATION_WITH_SPECIFIED_SOURCE('','',#13553,
 .NOT_KNOWN.);
#13456=PRODUCT_DEFINITION_FORMATION_WITH_SPECIFIED_SOURCE('','',#13554,
 .NOT_KNOWN.);
#13457=PRODUCT_DEFINITION_FORMATION_WITH_SPECIFIED_SOURCE('','',#13555,
 .NOT_KNOWN.);
#13458=PRODUCT_RELATED_PRODUCT_CATEGORY('','',(#13507));
#13459=PRODUCT_RELATED_PRODUCT_CATEGORY('','',(#13508));
#13460=PRODUCT_RELATED_PRODUCT_CATEGORY('','',(#13509));
#13461=PRODUCT_RELATED_PRODUCT_CATEGORY('','',(#13510));
#13462=PRODUCT_RELATED_PRODUCT_CATEGORY('','',(#13511));
#13463=PRODUCT_RELATED_PRODUCT_CATEGORY('','',(#13512));
#13464=PRODUCT_RELATED_PRODUCT_CATEGORY('','',(#13513));
#13465=PRODUCT_RELATED_PRODUCT_CATEGORY('','',(#13514));
#13466=PRODUCT_RELATED_PRODUCT_CATEGORY('','',(#13515));
#13467=PRODUCT_RELATED_PRODUCT_CATEGORY('','',(#13516));
#13468=PRODUCT_RELATED_PRODUCT_CATEGORY('','',(#13517));
#13469=PRODUCT_RELATED_PRODUCT_CATEGORY('','',(#13518));
#13470=PRODUCT_RELATED_PRODUCT_CATEGORY('','',(#13519));
#13471=PRODUCT_RELATED_PRODUCT_CATEGORY('','',(#13520));
#13472=PRODUCT_RELATED_PRODUCT_CATEGORY('','',(#13521));
#13473=PRODUCT_RELATED_PRODUCT_CATEGORY('','',(#13522));
#13474=PRODUCT_RELATED_PRODUCT_CATEGORY('','',(#13523));
#13475=PRODUCT_RELATED_PRODUCT_CATEGORY('','',(#13524));
#13476=PRODUCT_RELATED_PRODUCT_CATEGORY('','',(#13525));
#13477=PRODUCT_RELATED_PRODUCT_CATEGORY('','',(#13526));
#13478=PRODUCT_RELATED_PRODUCT_CATEGORY('','',(#13527));
#13479=PRODUCT_RELATED_PRODUCT_CATEGORY('','',(#13528));
#13480=PRODUCT_RELATED_PRODUCT_CATEGORY('','',(#13529));
#13481=PRODUCT_RELATED_PRODUCT_CATEGORY('','',(#13530));
#13482=PRODUCT_RELATED_PRODUCT_CATEGORY('','',(#13531));
#13483=PRODUCT_RELATED_PRODUCT_CATEGORY('','',(#13532));
#13484=PRODUCT_RELATED_PRODUCT_CATEGORY('','',(#13533));
#13485=PRODUCT_RELATED_PRODUCT_CATEGORY('','',(#13534));
#13486=PRODUCT_RELATED_PRODUCT_CATEGORY('','',(#13535));
#13487=PRODUCT_RELATED_PRODUCT_CATEGORY('','',(#13536));
#13488=PRODUCT_RELATED_PRODUCT_CATEGORY('','',(#13537));
#13489=PRODUCT_RELATED_PRODUCT_CATEGORY('','',(#13538));
#13490=PRODUCT_RELATED_PRODUCT_CATEGORY('','',(#13539));
#13491=PRODUCT_RELATED_PRODUCT_CATEGORY('','',(#13540));
#13492=PRODUCT_RELATED_PRODUCT_CATEGORY('','',(#13541));
#13493=PRODUCT_RELATED_PRODUCT_CATEGORY('','',(#13542));
#13494=PRODUCT_RELATED_PRODUCT_CATEGORY('','',(#13543));
#13495=PRODUCT_RELATED_PRODUCT_CATEGORY('','',(#13544));
#13496=PRODUCT_RELATED_PRODUCT_CATEGORY('','',(#13545));
#13497=PRODUCT_RELATED_PRODUCT_CATEGORY('','',(#13546));
#13498=PRODUCT_RELATED_PRODUCT_CATEGORY('','',(#13547));
#13499=PRODUCT_RELATED_PRODUCT_CATEGORY('','',(#13548));
#13500=PRODUCT_RELATED_PRODUCT_CATEGORY('','',(#13549));
#13501=PRODUCT_RELATED_PRODUCT_CATEGORY('','',(#13550));
#13502=PRODUCT_RELATED_PRODUCT_CATEGORY('','',(#13551));
#13503=PRODUCT_RELATED_PRODUCT_CATEGORY('','',(#13552));
#13504=PRODUCT_RELATED_PRODUCT_CATEGORY('','',(#13553));
#13505=PRODUCT_RELATED_PRODUCT_CATEGORY('','',(#13554));
#13506=PRODUCT_RELATED_PRODUCT_CATEGORY('','',(#13555));
#13507=PRODUCT('Part 48','Part 48','Part 48',(#13605));
#13508=PRODUCT('Part 49','Part 49','Part 49',(#13606));
#13509=PRODUCT('Part 3','Part 3','Part 3',(#13607));
#13510=PRODUCT('Part 2','Part 2','Part 2',(#13608));
#13511=PRODUCT('Part 1','Part 1','Part 1',(#13609));
#13512=PRODUCT('Part 23','Part 23','Part 23',(#13610));
#13513=PRODUCT('Part 24','Part 24','Part 24',(#13611));
#13514=PRODUCT('Part 29','Part 29','Part 29',(#13612));
#13515=PRODUCT('Part 6','Part 6','Part 6',(#13613));
#13516=PRODUCT('Part 30','Part 30','Part 30',(#13614));
#13517=PRODUCT('Part 7','Part 7','Part 7',(#13615));
#13518=PRODUCT('Part 8','Part 8','Part 8',(#13616));
#13519=PRODUCT('Part 9','Part 9','Part 9',(#13617));
#13520=PRODUCT('Part 44','Part 44','Part 44',(#13618));
#13521=PRODUCT('Part 10','Part 10','Part 10',(#13619));
#13522=PRODUCT('Part 45','Part 45','Part 45',(#13620));
#13523=PRODUCT('Part 25','Part 25','Part 25',(#13621));
#13524=PRODUCT('Cap1','Cap1','Cap1',(#13622));
#13525=PRODUCT('Part 26','Part 26','Part 26',(#13623));
#13526=PRODUCT('Part 31','Part 31','Part 31',(#13624));
#13527=PRODUCT('Part 27','Part 27','Part 27',(#13625));
#13528=PRODUCT('Part 32','Part 32','Part 32',(#13626));
#13529=PRODUCT('Part 4','Part 4','Part 4',(#13627));
#13530=PRODUCT('Part 33','Part 33','Part 33',(#13628));
#13531=PRODUCT('Part 34','Part 34','Part 34',(#13629));
#13532=PRODUCT('Part 35','Part 35','Part 35',(#13630));
#13533=PRODUCT('Part 36','Part 36','Part 36',(#13631));
#13534=PRODUCT('Part 37','Part 37','Part 37',(#13632));
#13535=PRODUCT('Part 38','Part 38','Part 38',(#13633));
#13536=PRODUCT('Part 1','Part 1','Part 1',(#13634));
#13537=PRODUCT('Part 39','Part 39','Part 39',(#13635));
#13538=PRODUCT('Part 2','Part 2','Part 2',(#13636));
#13539=PRODUCT('Part 40','Part 40','Part 40',(#13637));
#13540=PRODUCT('Part 3','Part 3','Part 3',(#13638));
#13541=PRODUCT('Part 10','Part 10','Part 10',(#13639));
#13542=PRODUCT('Part 41','Part 41','Part 41',(#13640));
#13543=PRODUCT('Part 4','Part 4','Part 4',(#13641));
#13544=PRODUCT('Part 9','Part 9','Part 9',(#13642));
#13545=PRODUCT('Part 42','Part 42','Part 42',(#13643));
#13546=PRODUCT('Part 5','Part 5','Part 5',(#13644));
#13547=PRODUCT('Part 8','Part 8','Part 8',(#13645));
#13548=PRODUCT('Part 43','Part 43','Part 43',(#13646));
#13549=PRODUCT('Part 7','Part 7','Part 7',(#13647));
#13550=PRODUCT('Part 6','Part 6','Part 6',(#13648));
#13551=PRODUCT('Part 46','Part 46','Part 46',(#13649));
#13552=PRODUCT('Part 5','Part 5','Part 5',(#13650));
#13553=PRODUCT('Part 28','Part 28','Part 28',(#13651));
#13554=PRODUCT('Part 47','Part 47','Part 47',(#13652));
#13555=PRODUCT('Part 11','Part 11','Part 11',(#13653));
#13556=PRODUCT_CATEGORY('','');
#13557=PRODUCT_CATEGORY('','');
#13558=PRODUCT_CATEGORY('','');
#13559=PRODUCT_CATEGORY('','');
#13560=PRODUCT_CATEGORY('','');
#13561=PRODUCT_CATEGORY('','');
#13562=PRODUCT_CATEGORY('','');
#13563=PRODUCT_CATEGORY('','');
#13564=PRODUCT_CATEGORY('','');
#13565=PRODUCT_CATEGORY('','');
#13566=PRODUCT_CATEGORY('','');
#13567=PRODUCT_CATEGORY('','');
#13568=PRODUCT_CATEGORY('','');
#13569=PRODUCT_CATEGORY('','');
#13570=PRODUCT_CATEGORY('','');
#13571=PRODUCT_CATEGORY('','');
#13572=PRODUCT_CATEGORY('','');
#13573=PRODUCT_CATEGORY('','');
#13574=PRODUCT_CATEGORY('','');
#13575=PRODUCT_CATEGORY('','');
#13576=PRODUCT_CATEGORY('','');
#13577=PRODUCT_CATEGORY('','');
#13578=PRODUCT_CATEGORY('','');
#13579=PRODUCT_CATEGORY('','');
#13580=PRODUCT_CATEGORY('','');
#13581=PRODUCT_CATEGORY('','');
#13582=PRODUCT_CATEGORY('','');
#13583=PRODUCT_CATEGORY('','');
#13584=PRODUCT_CATEGORY('','');
#13585=PRODUCT_CATEGORY('','');
#13586=PRODUCT_CATEGORY('','');
#13587=PRODUCT_CATEGORY('','');
#13588=PRODUCT_CATEGORY('','');
#13589=PRODUCT_CATEGORY('','');
#13590=PRODUCT_CATEGORY('','');
#13591=PRODUCT_CATEGORY('','');
#13592=PRODUCT_CATEGORY('','');
#13593=PRODUCT_CATEGORY('','');
#13594=PRODUCT_CATEGORY('','');
#13595=PRODUCT_CATEGORY('','');
#13596=PRODUCT_CATEGORY('','');
#13597=PRODUCT_CATEGORY('','');
#13598=PRODUCT_CATEGORY('','');
#13599=PRODUCT_CATEGORY('','');
#13600=PRODUCT_CATEGORY('','');
#13601=PRODUCT_CATEGORY('','');
#13602=PRODUCT_CATEGORY('','');
#13603=PRODUCT_CATEGORY('','');
#13604=PRODUCT_CATEGORY('','');
#13605=PRODUCT_CONTEXT('',#13703,'mechanical');
#13606=PRODUCT_CONTEXT('',#13704,'mechanical');
#13607=PRODUCT_CONTEXT('',#13705,'mechanical');
#13608=PRODUCT_CONTEXT('',#13706,'mechanical');
#13609=PRODUCT_CONTEXT('',#13707,'mechanical');
#13610=PRODUCT_CONTEXT('',#13708,'mechanical');
#13611=PRODUCT_CONTEXT('',#13709,'mechanical');
#13612=PRODUCT_CONTEXT('',#13710,'mechanical');
#13613=PRODUCT_CONTEXT('',#13711,'mechanical');
#13614=PRODUCT_CONTEXT('',#13712,'mechanical');
#13615=PRODUCT_CONTEXT('',#13713,'mechanical');
#13616=PRODUCT_CONTEXT('',#13714,'mechanical');
#13617=PRODUCT_CONTEXT('',#13715,'mechanical');
#13618=PRODUCT_CONTEXT('',#13716,'mechanical');
#13619=PRODUCT_CONTEXT('',#13717,'mechanical');
#13620=PRODUCT_CONTEXT('',#13718,'mechanical');
#13621=PRODUCT_CONTEXT('',#13719,'mechanical');
#13622=PRODUCT_CONTEXT('',#13720,'mechanical');
#13623=PRODUCT_CONTEXT('',#13721,'mechanical');
#13624=PRODUCT_CONTEXT('',#13722,'mechanical');
#13625=PRODUCT_CONTEXT('',#13723,'mechanical');
#13626=PRODUCT_CONTEXT('',#13724,'mechanical');
#13627=PRODUCT_CONTEXT('',#13725,'mechanical');
#13628=PRODUCT_CONTEXT('',#13726,'mechanical');
#13629=PRODUCT_CONTEXT('',#13727,'mechanical');
#13630=PRODUCT_CONTEXT('',#13728,'mechanical');
#13631=PRODUCT_CONTEXT('',#13729,'mechanical');
#13632=PRODUCT_CONTEXT('',#13730,'mechanical');
#13633=PRODUCT_CONTEXT('',#13731,'mechanical');
#13634=PRODUCT_CONTEXT('',#13732,'mechanical');
#13635=PRODUCT_CONTEXT('',#13733,'mechanical');
#13636=PRODUCT_CONTEXT('',#13734,'mechanical');
#13637=PRODUCT_CONTEXT('',#13735,'mechanical');
#13638=PRODUCT_CONTEXT('',#13736,'mechanical');
#13639=PRODUCT_CONTEXT('',#13737,'mechanical');
#13640=PRODUCT_CONTEXT('',#13738,'mechanical');
#13641=PRODUCT_CONTEXT('',#13739,'mechanical');
#13642=PRODUCT_CONTEXT('',#13740,'mechanical');
#13643=PRODUCT_CONTEXT('',#13741,'mechanical');
#13644=PRODUCT_CONTEXT('',#13742,'mechanical');
#13645=PRODUCT_CONTEXT('',#13743,'mechanical');
#13646=PRODUCT_CONTEXT('',#13744,'mechanical');
#13647=PRODUCT_CONTEXT('',#13745,'mechanical');
#13648=PRODUCT_CONTEXT('',#13746,'mechanical');
#13649=PRODUCT_CONTEXT('',#13747,'mechanical');
#13650=PRODUCT_CONTEXT('',#13748,'mechanical');
#13651=PRODUCT_CONTEXT('',#13749,'mechanical');
#13652=PRODUCT_CONTEXT('',#13750,'mechanical');
#13653=PRODUCT_CONTEXT('',#13751,'mechanical');
#13654=APPLICATION_PROTOCOL_DEFINITION('international standard',
'ap242_managed_model_based_3d_engineering',2011,#13703);
#13655=APPLICATION_PROTOCOL_DEFINITION('international standard',
'ap242_managed_model_based_3d_engineering',2011,#13704);
#13656=APPLICATION_PROTOCOL_DEFINITION('international standard',
'ap242_managed_model_based_3d_engineering',2011,#13705);
#13657=APPLICATION_PROTOCOL_DEFINITION('international standard',
'ap242_managed_model_based_3d_engineering',2011,#13706);
#13658=APPLICATION_PROTOCOL_DEFINITION('international standard',
'ap242_managed_model_based_3d_engineering',2011,#13707);
#13659=APPLICATION_PROTOCOL_DEFINITION('international standard',
'ap242_managed_model_based_3d_engineering',2011,#13708);
#13660=APPLICATION_PROTOCOL_DEFINITION('international standard',
'ap242_managed_model_based_3d_engineering',2011,#13709);
#13661=APPLICATION_PROTOCOL_DEFINITION('international standard',
'ap242_managed_model_based_3d_engineering',2011,#13710);
#13662=APPLICATION_PROTOCOL_DEFINITION('international standard',
'ap242_managed_model_based_3d_engineering',2011,#13711);
#13663=APPLICATION_PROTOCOL_DEFINITION('international standard',
'ap242_managed_model_based_3d_engineering',2011,#13712);
#13664=APPLICATION_PROTOCOL_DEFINITION('international standard',
'ap242_managed_model_based_3d_engineering',2011,#13713);
#13665=APPLICATION_PROTOCOL_DEFINITION('international standard',
'ap242_managed_model_based_3d_engineering',2011,#13714);
#13666=APPLICATION_PROTOCOL_DEFINITION('international standard',
'ap242_managed_model_based_3d_engineering',2011,#13715);
#13667=APPLICATION_PROTOCOL_DEFINITION('international standard',
'ap242_managed_model_based_3d_engineering',2011,#13716);
#13668=APPLICATION_PROTOCOL_DEFINITION('international standard',
'ap242_managed_model_based_3d_engineering',2011,#13717);
#13669=APPLICATION_PROTOCOL_DEFINITION('international standard',
'ap242_managed_model_based_3d_engineering',2011,#13718);
#13670=APPLICATION_PROTOCOL_DEFINITION('international standard',
'ap242_managed_model_based_3d_engineering',2011,#13719);
#13671=APPLICATION_PROTOCOL_DEFINITION('international standard',
'ap242_managed_model_based_3d_engineering',2011,#13720);
#13672=APPLICATION_PROTOCOL_DEFINITION('international standard',
'ap242_managed_model_based_3d_engineering',2011,#13721);
#13673=APPLICATION_PROTOCOL_DEFINITION('international standard',
'ap242_managed_model_based_3d_engineering',2011,#13722);
#13674=APPLICATION_PROTOCOL_DEFINITION('international standard',
'ap242_managed_model_based_3d_engineering',2011,#13723);
#13675=APPLICATION_PROTOCOL_DEFINITION('international standard',
'ap242_managed_model_based_3d_engineering',2011,#13724);
#13676=APPLICATION_PROTOCOL_DEFINITION('international standard',
'ap242_managed_model_based_3d_engineering',2011,#13725);
#13677=APPLICATION_PROTOCOL_DEFINITION('international standard',
'ap242_managed_model_based_3d_engineering',2011,#13726);
#13678=APPLICATION_PROTOCOL_DEFINITION('international standard',
'ap242_managed_model_based_3d_engineering',2011,#13727);
#13679=APPLICATION_PROTOCOL_DEFINITION('international standard',
'ap242_managed_model_based_3d_engineering',2011,#13728);
#13680=APPLICATION_PROTOCOL_DEFINITION('international standard',
'ap242_managed_model_based_3d_engineering',2011,#13729);
#13681=APPLICATION_PROTOCOL_DEFINITION('international standard',
'ap242_managed_model_based_3d_engineering',2011,#13730);
#13682=APPLICATION_PROTOCOL_DEFINITION('international standard',
'ap242_managed_model_based_3d_engineering',2011,#13731);
#13683=APPLICATION_PROTOCOL_DEFINITION('international standard',
'ap242_managed_model_based_3d_engineering',2011,#13732);
#13684=APPLICATION_PROTOCOL_DEFINITION('international standard',
'ap242_managed_model_based_3d_engineering',2011,#13733);
#13685=APPLICATION_PROTOCOL_DEFINITION('international standard',
'ap242_managed_model_based_3d_engineering',2011,#13734);
#13686=APPLICATION_PROTOCOL_DEFINITION('international standard',
'ap242_managed_model_based_3d_engineering',2011,#13735);
#13687=APPLICATION_PROTOCOL_DEFINITION('international standard',
'ap242_managed_model_based_3d_engineering',2011,#13736);
#13688=APPLICATION_PROTOCOL_DEFINITION('international standard',
'ap242_managed_model_based_3d_engineering',2011,#13737);
#13689=APPLICATION_PROTOCOL_DEFINITION('international standard',
'ap242_managed_model_based_3d_engineering',2011,#13738);
#13690=APPLICATION_PROTOCOL_DEFINITION('international standard',
'ap242_managed_model_based_3d_engineering',2011,#13739);
#13691=APPLICATION_PROTOCOL_DEFINITION('international standard',
'ap242_managed_model_based_3d_engineering',2011,#13740);
#13692=APPLICATION_PROTOCOL_DEFINITION('international standard',
'ap242_managed_model_based_3d_engineering',2011,#13741);
#13693=APPLICATION_PROTOCOL_DEFINITION('international standard',
'ap242_managed_model_based_3d_engineering',2011,#13742);
#13694=APPLICATION_PROTOCOL_DEFINITION('international standard',
'ap242_managed_model_based_3d_engineering',2011,#13743);
#13695=APPLICATION_PROTOCOL_DEFINITION('international standard',
'ap242_managed_model_based_3d_engineering',2011,#13744);
#13696=APPLICATION_PROTOCOL_DEFINITION('international standard',
'ap242_managed_model_based_3d_engineering',2011,#13745);
#13697=APPLICATION_PROTOCOL_DEFINITION('international standard',
'ap242_managed_model_based_3d_engineering',2011,#13746);
#13698=APPLICATION_PROTOCOL_DEFINITION('international standard',
'ap242_managed_model_based_3d_engineering',2011,#13747);
#13699=APPLICATION_PROTOCOL_DEFINITION('international standard',
'ap242_managed_model_based_3d_engineering',2011,#13748);
#13700=APPLICATION_PROTOCOL_DEFINITION('international standard',
'ap242_managed_model_based_3d_engineering',2011,#13749);
#13701=APPLICATION_PROTOCOL_DEFINITION('international standard',
'ap242_managed_model_based_3d_engineering',2011,#13750);
#13702=APPLICATION_PROTOCOL_DEFINITION('international standard',
'ap242_managed_model_based_3d_engineering',2011,#13751);
#13703=APPLICATION_CONTEXT('managed model based 3d engineering');
#13704=APPLICATION_CONTEXT('managed model based 3d engineering');
#13705=APPLICATION_CONTEXT('managed model based 3d engineering');
#13706=APPLICATION_CONTEXT('managed model based 3d engineering');
#13707=APPLICATION_CONTEXT('managed model based 3d engineering');
#13708=APPLICATION_CONTEXT('managed model based 3d engineering');
#13709=APPLICATION_CONTEXT('managed model based 3d engineering');
#13710=APPLICATION_CONTEXT('managed model based 3d engineering');
#13711=APPLICATION_CONTEXT('managed model based 3d engineering');
#13712=APPLICATION_CONTEXT('managed model based 3d engineering');
#13713=APPLICATION_CONTEXT('managed model based 3d engineering');
#13714=APPLICATION_CONTEXT('managed model based 3d engineering');
#13715=APPLICATION_CONTEXT('managed model based 3d engineering');
#13716=APPLICATION_CONTEXT('managed model based 3d engineering');
#13717=APPLICATION_CONTEXT('managed model based 3d engineering');
#13718=APPLICATION_CONTEXT('managed model based 3d engineering');
#13719=APPLICATION_CONTEXT('managed model based 3d engineering');
#13720=APPLICATION_CONTEXT('managed model based 3d engineering');
#13721=APPLICATION_CONTEXT('managed model based 3d engineering');
#13722=APPLICATION_CONTEXT('managed model based 3d engineering');
#13723=APPLICATION_CONTEXT('managed model based 3d engineering');
#13724=APPLICATION_CONTEXT('managed model based 3d engineering');
#13725=APPLICATION_CONTEXT('managed model based 3d engineering');
#13726=APPLICATION_CONTEXT('managed model based 3d engineering');
#13727=APPLICATION_CONTEXT('managed model based 3d engineering');
#13728=APPLICATION_CONTEXT('managed model based 3d engineering');
#13729=APPLICATION_CONTEXT('managed model based 3d engineering');
#13730=APPLICATION_CONTEXT('managed model based 3d engineering');
#13731=APPLICATION_CONTEXT('managed model based 3d engineering');
#13732=APPLICATION_CONTEXT('managed model based 3d engineering');
#13733=APPLICATION_CONTEXT('managed model based 3d engineering');
#13734=APPLICATION_CONTEXT('managed model based 3d engineering');
#13735=APPLICATION_CONTEXT('managed model based 3d engineering');
#13736=APPLICATION_CONTEXT('managed model based 3d engineering');
#13737=APPLICATION_CONTEXT('managed model based 3d engineering');
#13738=APPLICATION_CONTEXT('managed model based 3d engineering');
#13739=APPLICATION_CONTEXT('managed model based 3d engineering');
#13740=APPLICATION_CONTEXT('managed model based 3d engineering');
#13741=APPLICATION_CONTEXT('managed model based 3d engineering');
#13742=APPLICATION_CONTEXT('managed model based 3d engineering');
#13743=APPLICATION_CONTEXT('managed model based 3d engineering');
#13744=APPLICATION_CONTEXT('managed model based 3d engineering');
#13745=APPLICATION_CONTEXT('managed model based 3d engineering');
#13746=APPLICATION_CONTEXT('managed model based 3d engineering');
#13747=APPLICATION_CONTEXT('managed model based 3d engineering');
#13748=APPLICATION_CONTEXT('managed model based 3d engineering');
#13749=APPLICATION_CONTEXT('managed model based 3d engineering');
#13750=APPLICATION_CONTEXT('managed model based 3d engineering');
#13751=APPLICATION_CONTEXT('managed model based 3d engineering');
ENDSEC;
END-ISO-10303-21;
